CELL_ID,PARROQUIA,COUNT,GI_ZSCORE,GI_PVALUE,GI_CLASS
R-1000-0-41,PUNGALA,0,-0.3600155843869113,0.7188354792616218,NO SIGNIFICATIVO
R-1000-0-42,PUNGALA,0,-0.3850440174846801,0.7002048037167994,NO SIGNIFICATIVO
R-1000-0-43,PUNGALA,0,-0.4085826480187474,0.6828459667841329,NO SIGNIFICATIVO
R-1000-0-44,PUNGALA,0,-0.4085826480187474,0.6828459667841329,NO SIGNIFICATIVO
R-1000-0-45,PUNGALA,0,-0.4085826480187474,0.6828459667841329,NO SIGNIFICATIVO
R-1000-0-46,PUNGALA,0,-0.3850440174846801,0.7002048037167994,NO SIGNIFICATIVO
R-1000-0-47,PUNGALA,0,-0.3600155843869113,0.7188354792616218,NO SIGNIFICATIVO
R-1000-1-40,PUNGALA,0,-0.3600155843869113,0.7188354792616218,NO SIGNIFICATIVO
R-1000-1-41,PUNGALA,0,-0.43087581085886323,0.6665586725792005,NO SIGNIFICATIVO
R-1000-1-42,PUNGALA,0,-0.4724220434988379,0.6366255732555879,NO SIGNIFICATIVO
R-1000-1-43,PUNGALA,0,-0.4724220434988379,0.6366255732555879,NO SIGNIFICATIVO
R-1000-1-44,PUNGALA,0,-0.4724220434988379,0.6366255732555879,NO SIGNIFICATIVO
R-1000-1-45,PUNGALA,0,-0.4724220434988379,0.6366255732555879,NO SIGNIFICATIVO
R-1000-1-46,PUNGALA,0,-0.4724220434988379,0.6366255732555879,NO SIGNIFICATIVO
R-1000-1-47,PUNGALA,0,-0.4521078819036846,0.6511912657993062,NO SIGNIFICATIVO
R-1000-1-48,PUNGALA,0,-0.4085826480187474,0.6828459667841329,NO SIGNIFICATIVO
R-1000-1-49,PUNGALA,0,-0.33316162531352655,0.7390122835253097,NO SIGNIFICATIVO
R-1000-2-40,PUNGALA,0,-0.3850440174846801,0.7002048037167994,NO SIGNIFICATIVO
R-1000-2-41,PUNGALA,0,-0.4724220434988379,0.6366255732555879,NO SIGNIFICATIVO
R-1000-2-42,PUNGALA,0,-0.49193211426848854,0.6227673348161573,NO SIGNIFICATIVO
R-1000-2-43,PUNGALA,0,-0.49193211426848854,0.6227673348161573,NO SIGNIFICATIVO
R-1000-2-44,PUNGALA,0,-0.49193211426848854,0.6227673348161573,NO SIGNIFICATIVO
R-1000-2-45,PUNGALA,0,-0.49193211426848854,0.6227673348161573,NO SIGNIFICATIVO
R-1000-2-46,PUNGALA,0,-0.49193211426848854,0.6227673348161573,NO SIGNIFICATIVO
R-1000-2-47,PUNGALA,0,-0.49193211426848854,0.6227673348161573,NO SIGNIFICATIVO
R-1000-2-48,PUNGALA,0,-0.4521078819036846,0.6511912657993062,NO SIGNIFICATIVO
R-1000-2-49,PUNGALA,0,-0.4085826480187474,0.6828459667841329,NO SIGNIFICATIVO
R-1000-3-40,PUNGALA,0,-0.4085826480187474,0.6828459667841329,NO SIGNIFICATIVO
R-1000-3-41,PUNGALA,0,-0.4724220434988379,0.6366255732555879,NO SIGNIFICATIVO
R-1000-3-42,PUNGALA,0,-0.49193211426848854,0.6227673348161573,NO SIGNIFICATIVO
R-1000-3-43,PUNGALA,0,-0.49193211426848854,0.6227673348161573,NO SIGNIFICATIVO
R-1000-3-44,PUNGALA,0,-0.49193211426848854,0.6227673348161573,NO SIGNIFICATIVO
R-1000-3-45,PUNGALA,0,-0.49193211426848854,0.6227673348161573,NO SIGNIFICATIVO
R-1000-3-46,PUNGALA,0,-0.49193211426848854,0.6227673348161573,NO SIGNIFICATIVO
R-1000-3-47,PUNGALA,0,-0.49193211426848854,0.6227673348161573,NO SIGNIFICATIVO
R-1000-3-48,PUNGALA,0,-0.49193211426848854,0.6227673348161573,NO SIGNIFICATIVO
R-1000-3-49,PUNGALA,0,-0.4521078819036846,0.6511912657993062,NO SIGNIFICATIVO
R-1000-3-50,PUNGALA,0,-0.3850440174846801,0.7002048037167994,NO SIGNIFICATIVO
R-1000-4-40,PUNGALA,0,-0.43087581085886323,0.6665586725792005,NO SIGNIFICATIVO
R-1000-4-41,PUNGALA,0,-0.4724220434988379,0.6366255732555879,NO SIGNIFICATIVO
R-1000-4-42,PUNGALA,0,-0.49193211426848854,0.6227673348161573,NO SIGNIFICATIVO
R-1000-4-43,PUNGALA,0,-0.49193211426848854,0.6227673348161573,NO SIGNIFICATIVO
R-1000-4-44,PUNGALA,0,-0.49193211426848854,0.6227673348161573,NO SIGNIFICATIVO
R-1000-4-45,PUNGALA,0,-0.49193211426848854,0.6227673348161573,NO SIGNIFICATIVO
R-1000-4-46,PUNGALA,0,-0.49193211426848854,0.6227673348161573,NO SIGNIFICATIVO
R-1000-4-47,PUNGALA,0,-0.49193211426848854,0.6227673348161573,NO SIGNIFICATIVO
R-1000-4-48,PUNGALA,0,-0.49193211426848854,0.6227673348161573,NO SIGNIFICATIVO
R-1000-4-49,PUNGALA,0,-0.49193211426848854,0.6227673348161573,NO SIGNIFICATIVO
R-1000-4-50,PUNGALA,0,-0.4521078819036846,0.6511912657993062,NO SIGNIFICATIVO
R-1000-4-51,PUNGALA,0,-0.4085826480187474,0.6828459667841329,NO SIGNIFICATIVO
R-1000-4-52,PUNGALA,0,-0.33316162531352655,0.7390122835253097,NO SIGNIFICATIVO
R-1000-5-39,PUNGALA,0,-0.3850440174846801,0.7002048037167994,NO SIGNIFICATIVO
R-1000-5-40,PUNGALA,0,-0.4521078819036846,0.6511912657993062,NO SIGNIFICATIVO
R-1000-5-41,PUNGALA,0,-0.49193211426848854,0.6227673348161573,NO SIGNIFICATIVO
R-1000-5-42,PUNGALA,0,-0.49193211426848854,0.6227673348161573,NO SIGNIFICATIVO
R-1000-5-43,PUNGALA,0,-0.49193211426848854,0.6227673348161573,NO SIGNIFICATIVO
R-1000-5-44,PUNGALA,0,-0.49193211426848854,0.6227673348161573,NO SIGNIFICATIVO
R-1000-5-45,PUNGALA,0,-0.49193211426848854,0.6227673348161573,NO SIGNIFICATIVO
R-1000-5-46,PUNGALA,0,-0.49193211426848854,0.6227673348161573,NO SIGNIFICATIVO
R-1000-5-47,PUNGALA,0,-0.49193211426848854,0.6227673348161573,NO SIGNIFICATIVO
R-1000-5-48,PUNGALA,0,-0.49193211426848854,0.6227673348161573,NO SIGNIFICATIVO
R-1000-5-49,PUNGALA,0,-0.49193211426848854,0.6227673348161573,NO SIGNIFICATIVO
R-1000-5-50,PUNGALA,0,-0.49193211426848854,0.6227673348161573,NO SIGNIFICATIVO
R-1000-5-51,PUNGALA,0,-0.4521078819036846,0.6511912657993062,NO SIGNIFICATIVO
R-1000-5-52,PUNGALA,0,-0.4085826480187474,0.6828459667841329,NO SIGNIFICATIVO
R-1000-6-38,PUNGALA,0,-0.3850440174846801,0.7002048037167994,NO SIGNIFICATIVO
R-1000-6-39,PUNGALA,0,-0.43087581085886323,0.6665586725792005,NO SIGNIFICATIVO
R-1000-6-40,PUNGALA,0,-0.49193211426848854,0.6227673348161573,NO SIGNIFICATIVO
R-1000-6-41,PUNGALA,0,-0.49193211426848854,0.6227673348161573,NO SIGNIFICATIVO
R-1000-6-42,PUNGALA,0,-0.49193211426848854,0.6227673348161573,NO SIGNIFICATIVO
R-1000-6-43,PUNGALA,0,-0.3853750623450425,0.699959555863662,NO SIGNIFICATIVO
R-1000-6-44,PUNGALA,0,-0.49193211426848854,0.6227673348161573,NO SIGNIFICATIVO
R-1000-6-45,PUNGALA,0,-0.49193211426848854,0.6227673348161573,NO SIGNIFICATIVO
R-1000-6-46,PUNGALA,0,-0.49193211426848854,0.6227673348161573,NO SIGNIFICATIVO
R-1000-6-47,PUNGALA,0,-0.49193211426848854,0.6227673348161573,NO SIGNIFICATIVO
R-1000-6-48,PUNGALA,0,-0.49193211426848854,0.6227673348161573,NO SIGNIFICATIVO
R-1000-6-49,PUNGALA,0,-0.49193211426848854,0.6227673348161573,NO SIGNIFICATIVO
R-1000-6-50,PUNGALA,0,-0.49193211426848854,0.6227673348161573,NO SIGNIFICATIVO
R-1000-6-51,PUNGALA,0,-0.49193211426848854,0.6227673348161573,NO SIGNIFICATIVO
R-1000-6-52,PUNGALA,0,-0.4724220434988379,0.6366255732555879,NO SIGNIFICATIVO
R-1000-6-53,PUNGALA,0,-0.4085826480187474,0.6828459667841329,NO SIGNIFICATIVO
R-1000-6-54,PUNGALA,0,-0.33316162531352655,0.7390122835253097,NO SIGNIFICATIVO
R-1000-7-27,FLORES,0,-0.33316162531352655,0.7390122835253097,NO SIGNIFICATIVO
R-1000-7-28,FLORES,0,-0.3600155843869113,0.7188354792616218,NO SIGNIFICATIVO
R-1000-7-29,FLORES,0,-0.3600155843869113,0.7188354792616218,NO SIGNIFICATIVO
R-1000-7-34,PUNGALA,0,-0.3600155843869113,0.7188354792616218,NO SIGNIFICATIVO
R-1000-7-35,PUNGALA,0,-0.3850440174846801,0.7002048037167994,NO SIGNIFICATIVO
R-1000-7-36,PUNGALA,0,-0.4085826480187474,0.6828459667841329,NO SIGNIFICATIVO
R-1000-7-37,PUNGALA,0,-0.43087581085886323,0.6665586725792005,NO SIGNIFICATIVO
R-1000-7-38,PUNGALA,0,-0.4521078819036846,0.6511912657993062,NO SIGNIFICATIVO
R-1000-7-39,PUNGALA,0,-0.49193211426848854,0.6227673348161573,NO SIGNIFICATIVO
R-1000-7-40,PUNGALA,0,-0.49193211426848854,0.6227673348161573,NO SIGNIFICATIVO
R-1000-7-41,PUNGALA,0,-0.49193211426848854,0.6227673348161573,NO SIGNIFICATIVO
R-1000-7-42,PUNGALA,0,-0.3853750623450425,0.699959555863662,NO SIGNIFICATIVO
R-1000-7-43,PUNGALA,0,-0.3853750623450425,0.699959555863662,NO SIGNIFICATIVO
R-1000-7-44,PUNGALA,0,-0.3853750623450425,0.699959555863662,NO SIGNIFICATIVO
R-1000-7-45,PUNGALA,0,-0.49193211426848854,0.6227673348161573,NO SIGNIFICATIVO
R-1000-7-46,PUNGALA,0,-0.49193211426848854,0.6227673348161573,NO SIGNIFICATIVO
R-1000-7-47,PUNGALA,0,-0.49193211426848854,0.6227673348161573,NO SIGNIFICATIVO
R-1000-7-48,PUNGALA,0,-0.49193211426848854,0.6227673348161573,NO SIGNIFICATIVO
R-1000-7-49,PUNGALA,0,-0.49193211426848854,0.6227673348161573,NO SIGNIFICATIVO
R-1000-7-50,PUNGALA,0,-0.49193211426848854,0.6227673348161573,NO SIGNIFICATIVO
R-1000-7-51,PUNGALA,0,-0.49193211426848854,0.6227673348161573,NO SIGNIFICATIVO
R-1000-7-52,PUNGALA,0,-0.49193211426848854,0.6227673348161573,NO SIGNIFICATIVO
R-1000-7-53,PUNGALA,0,-0.4521078819036846,0.6511912657993062,NO SIGNIFICATIVO
R-1000-7-54,PUNGALA,0,-0.4085826480187474,0.6828459667841329,NO SIGNIFICATIVO
R-1000-8-27,FLORES,0,-0.3850440174846801,0.7002048037167994,NO SIGNIFICATIVO
R-1000-8-28,FLORES,0,-0.4521078819036846,0.6511912657993062,NO SIGNIFICATIVO
R-1000-8-29,FLORES,0,-0.4521078819036846,0.6511912657993062,NO SIGNIFICATIVO
R-1000-8-30,FLORES,0,-0.43087581085886323,0.6665586725792005,NO SIGNIFICATIVO
R-1000-8-31,LICTO,0,-0.4085826480187474,0.6828459667841329,NO SIGNIFICATIVO
R-1000-8-32,LICTO,0,-0.4085826480187474,0.6828459667841329,NO SIGNIFICATIVO
R-1000-8-33,PUNGALA,0,-0.43087581085886323,0.6665586725792005,NO SIGNIFICATIVO
R-1000-8-34,PUNGALA,0,-0.4521078819036846,0.6511912657993062,NO SIGNIFICATIVO
R-1000-8-35,PUNGALA,0,-0.4724220434988379,0.6366255732555879,NO SIGNIFICATIVO
R-1000-8-36,PUNGALA,0,-0.4724220434988379,0.6366255732555879,NO SIGNIFICATIVO
R-1000-8-37,PUNGALA,0,-0.4724220434988379,0.6366255732555879,NO SIGNIFICATIVO
R-1000-8-38,PUNGALA,0,-0.49193211426848854,0.6227673348161573,NO SIGNIFICATIVO
R-1000-8-39,PUNGALA,0,-0.49193211426848854,0.6227673348161573,NO SIGNIFICATIVO
R-1000-8-40,PUNGALA,0,-0.49193211426848854,0.6227673348161573,NO SIGNIFICATIVO
R-1000-8-41,PUNGALA,0,-0.3853750623450425,0.699959555863662,NO SIGNIFICATIVO
R-1000-8-42,PUNGALA,0,-0.3853750623450425,0.699959555863662,NO SIGNIFICATIVO
R-1000-8-43,PUNGALA,1,-0.3853750623450425,0.699959555863662,NO SIGNIFICATIVO
R-1000-8-44,PUNGALA,0,-0.3853750623450425,0.699959555863662,NO SIGNIFICATIVO
R-1000-8-45,PUNGALA,0,-0.3853750623450425,0.699959555863662,NO SIGNIFICATIVO
R-1000-8-46,PUNGALA,0,-0.49193211426848854,0.6227673348161573,NO SIGNIFICATIVO
R-1000-8-47,PUNGALA,0,-0.49193211426848854,0.6227673348161573,NO SIGNIFICATIVO
R-1000-8-48,PUNGALA,0,-0.49193211426848854,0.6227673348161573,NO SIGNIFICATIVO
R-1000-8-49,PUNGALA,0,-0.49193211426848854,0.6227673348161573,NO SIGNIFICATIVO
R-1000-8-50,PUNGALA,0,-0.49193211426848854,0.6227673348161573,NO SIGNIFICATIVO
R-1000-8-51,PUNGALA,0,-0.49193211426848854,0.6227673348161573,NO SIGNIFICATIVO
R-1000-8-52,PUNGALA,0,-0.49193211426848854,0.6227673348161573,NO SIGNIFICATIVO
R-1000-8-53,PUNGALA,0,-0.49193211426848854,0.6227673348161573,NO SIGNIFICATIVO
R-1000-8-54,PUNGALA,0,-0.4724220434988379,0.6366255732555879,NO SIGNIFICATIVO
R-1000-8-55,PUNGALA,0,-0.4085826480187474,0.6828459667841329,NO SIGNIFICATIVO
R-1000-8-56,PUNGALA,0,-0.33316162531352655,0.7390122835253097,NO SIGNIFICATIVO
R-1000-9-27,FLORES,0,-0.30954461237820824,0.7569072815396735,NO SIGNIFICATIVO
R-1000-9-28,FLORES,0,-0.4724220434988379,0.6366255732555879,NO SIGNIFICATIVO
R-1000-9-29,FLORES,0,-0.49193211426848854,0.6227673348161573,NO SIGNIFICATIVO
R-1000-9-30,FLORES,0,-0.4724220434988379,0.6366255732555879,NO SIGNIFICATIVO
R-1000-9-31,LICTO,0,-0.4724220434988379,0.6366255732555879,NO SIGNIFICATIVO
R-1000-9-32,LICTO,0,-0.4724220434988379,0.6366255732555879,NO SIGNIFICATIVO
R-1000-9-33,PUNGALA,0,-0.4724220434988379,0.6366255732555879,NO SIGNIFICATIVO
R-1000-9-34,PUNGALA,0,-0.49193211426848854,0.6227673348161573,NO SIGNIFICATIVO
R-1000-9-35,PUNGALA,0,-0.49193211426848854,0.6227673348161573,NO SIGNIFICATIVO
R-1000-9-36,PUNGALA,0,-0.49193211426848854,0.6227673348161573,NO SIGNIFICATIVO
R-1000-9-37,PUNGALA,0,-0.49193211426848854,0.6227673348161573,NO SIGNIFICATIVO
R-1000-9-38,PUNGALA,0,-0.49193211426848854,0.6227673348161573,NO SIGNIFICATIVO
R-1000-9-39,PUNGALA,0,-0.49193211426848854,0.6227673348161573,NO SIGNIFICATIVO
R-1000-9-40,PUNGALA,0,-0.49193211426848854,0.6227673348161573,NO SIGNIFICATIVO
R-1000-9-41,PUNGALA,0,-0.49193211426848854,0.6227673348161573,NO SIGNIFICATIVO
R-1000-9-42,PUNGALA,0,-0.3853750623450425,0.699959555863662,NO SIGNIFICATIVO
R-1000-9-43,PUNGALA,0,-0.3853750623450425,0.699959555863662,NO SIGNIFICATIVO
R-1000-9-44,PUNGALA,0,-0.3853750623450425,0.699959555863662,NO SIGNIFICATIVO
R-1000-9-45,PUNGALA,0,-0.49193211426848854,0.6227673348161573,NO SIGNIFICATIVO
R-1000-9-46,PUNGALA,0,-0.49193211426848854,0.6227673348161573,NO SIGNIFICATIVO
R-1000-9-47,PUNGALA,0,-0.49193211426848854,0.6227673348161573,NO SIGNIFICATIVO
R-1000-9-48,PUNGALA,0,-0.49193211426848854,0.6227673348161573,NO SIGNIFICATIVO
R-1000-9-49,PUNGALA,0,-0.49193211426848854,0.6227673348161573,NO SIGNIFICATIVO
R-1000-9-50,PUNGALA,0,-0.49193211426848854,0.6227673348161573,NO SIGNIFICATIVO
R-1000-9-51,PUNGALA,0,-0.49193211426848854,0.6227673348161573,NO SIGNIFICATIVO
R-1000-9-52,PUNGALA,0,-0.49193211426848854,0.6227673348161573,NO SIGNIFICATIVO
R-1000-9-53,PUNGALA,0,-0.49193211426848854,0.6227673348161573,NO SIGNIFICATIVO
R-1000-9-54,PUNGALA,0,-0.49193211426848854,0.6227673348161573,NO SIGNIFICATIVO
R-1000-9-55,PUNGALA,0,-0.4521078819036846,0.6511912657993062,NO SIGNIFICATIVO
R-1000-9-56,PUNGALA,0,-0.3850440174846801,0.7002048037167994,NO SIGNIFICATIVO
R-1000-10-26,FLORES,0,-0.24951235461382879,0.8029644854536444,NO SIGNIFICATIVO
R-1000-10-27,FLORES,0,-0.33637153583517015,0.7365907113310017,NO SIGNIFICATIVO
R-1000-10-28,FLORES,0,-0.3853750623450425,0.699959555863662,NO SIGNIFICATIVO
R-1000-10-29,FLORES,0,-0.49193211426848854,0.6227673348161573,NO SIGNIFICATIVO
R-1000-10-30,LICTO,0,-0.49193211426848854,0.6227673348161573,NO SIGNIFICATIVO
R-1000-10-31,LICTO,0,-0.3853750623450425,0.699959555863662,NO SIGNIFICATIVO
R-1000-10-32,LICTO,0,-0.49193211426848854,0.6227673348161573,NO SIGNIFICATIVO
R-1000-10-33,PUNGALA,0,-0.49193211426848854,0.6227673348161573,NO SIGNIFICATIVO
R-1000-10-34,PUNGALA,0,-0.49193211426848854,0.6227673348161573,NO SIGNIFICATIVO
R-1000-10-35,PUNGALA,0,-0.49193211426848854,0.6227673348161573,NO SIGNIFICATIVO
R-1000-10-36,PUNGALA,0,-0.49193211426848854,0.6227673348161573,NO SIGNIFICATIVO
R-1000-10-37,PUNGALA,0,-0.49193211426848854,0.6227673348161573,NO SIGNIFICATIVO
R-1000-10-38,PUNGALA,0,-0.49193211426848854,0.6227673348161573,NO SIGNIFICATIVO
R-1000-10-39,PUNGALA,0,-0.49193211426848854,0.6227673348161573,NO SIGNIFICATIVO
R-1000-10-40,PUNGALA,0,-0.49193211426848854,0.6227673348161573,NO SIGNIFICATIVO
R-1000-10-41,PUNGALA,0,-0.49193211426848854,0.6227673348161573,NO SIGNIFICATIVO
R-1000-10-42,PUNGALA,0,-0.49193211426848854,0.6227673348161573,NO SIGNIFICATIVO
R-1000-10-43,PUNGALA,0,-0.3853750623450425,0.699959555863662,NO SIGNIFICATIVO
R-1000-10-44,PUNGALA,0,-0.49193211426848854,0.6227673348161573,NO SIGNIFICATIVO
R-1000-10-45,PUNGALA,0,-0.49193211426848854,0.6227673348161573,NO SIGNIFICATIVO
R-1000-10-46,PUNGALA,0,-0.49193211426848854,0.6227673348161573,NO SIGNIFICATIVO
R-1000-10-47,PUNGALA,0,-0.49193211426848854,0.6227673348161573,NO SIGNIFICATIVO
R-1000-10-48,PUNGALA,0,-0.49193211426848854,0.6227673348161573,NO SIGNIFICATIVO
R-1000-10-49,PUNGALA,0,-0.49193211426848854,0.6227673348161573,NO SIGNIFICATIVO
R-1000-10-50,PUNGALA,0,-0.49193211426848854,0.6227673348161573,NO SIGNIFICATIVO
R-1000-10-51,PUNGALA,0,-0.49193211426848854,0.6227673348161573,NO SIGNIFICATIVO
R-1000-10-52,PUNGALA,0,-0.49193211426848854,0.6227673348161573,NO SIGNIFICATIVO
R-1000-10-53,PUNGALA,0,-0.49193211426848854,0.6227673348161573,NO SIGNIFICATIVO
R-1000-10-54,PUNGALA,0,-0.49193211426848854,0.6227673348161573,NO SIGNIFICATIVO
R-1000-10-55,PUNGALA,0,-0.4724220434988379,0.6366255732555879,NO SIGNIFICATIVO
R-1000-10-56,PUNGALA,0,-0.3850440174846801,0.7002048037167994,NO SIGNIFICATIVO
R-1000-11-24,FLORES,0,-0.33316162531352655,0.7390122835253097,NO SIGNIFICATIVO
R-1000-11-25,FLORES,0,-0.28074529103775736,0.7789057679357336,NO SIGNIFICATIVO
R-1000-11-26,FLORES,0,-0.33637153583517015,0.7365907113310017,NO SIGNIFICATIVO
R-1000-11-27,FLORES,1,-0.3853750623450425,0.699959555863662,NO SIGNIFICATIVO
R-1000-11-28,FLORES,0,-0.3853750623450425,0.699959555863662,NO SIGNIFICATIVO
R-1000-11-29,FLORES,0,-0.3853750623450425,0.699959555863662,NO SIGNIFICATIVO
R-1000-11-30,LICTO,0,-0.3853750623450425,0.699959555863662,NO SIGNIFICATIVO
R-1000-11-31,LICTO,0,-0.3853750623450425,0.699959555863662,NO SIGNIFICATIVO
R-1000-11-32,LICTO,0,-0.3853750623450425,0.699959555863662,NO SIGNIFICATIVO
R-1000-11-33,PUNGALA,0,-0.49193211426848854,0.6227673348161573,NO SIGNIFICATIVO
R-1000-11-34,PUNGALA,0,-0.49193211426848854,0.6227673348161573,NO SIGNIFICATIVO
R-1000-11-35,PUNGALA,0,-0.3853750623450425,0.699959555863662,NO SIGNIFICATIVO
R-1000-11-36,PUNGALA,0,-0.49193211426848854,0.6227673348161573,NO SIGNIFICATIVO
R-1000-11-37,PUNGALA,0,-0.49193211426848854,0.6227673348161573,NO SIGNIFICATIVO
R-1000-11-38,PUNGALA,0,-0.49193211426848854,0.6227673348161573,NO SIGNIFICATIVO
R-1000-11-39,PUNGALA,0,-0.49193211426848854,0.6227673348161573,NO SIGNIFICATIVO
R-1000-11-40,PUNGALA,0,-0.49193211426848854,0.6227673348161573,NO SIGNIFICATIVO
R-1000-11-41,PUNGALA,0,-0.49193211426848854,0.6227673348161573,NO SIGNIFICATIVO
R-1000-11-42,PUNGALA,0,-0.49193211426848854,0.6227673348161573,NO SIGNIFICATIVO
R-1000-11-43,PUNGALA,0,-0.49193211426848854,0.6227673348161573,NO SIGNIFICATIVO
R-1000-11-44,PUNGALA,0,-0.49193211426848854,0.6227673348161573,NO SIGNIFICATIVO
R-1000-11-45,PUNGALA,0,-0.49193211426848854,0.6227673348161573,NO SIGNIFICATIVO
R-1000-11-46,PUNGALA,0,-0.49193211426848854,0.6227673348161573,NO SIGNIFICATIVO
R-1000-11-47,PUNGALA,0,-0.49193211426848854,0.6227673348161573,NO SIGNIFICATIVO
R-1000-11-48,PUNGALA,0,-0.49193211426848854,0.6227673348161573,NO SIGNIFICATIVO
R-1000-11-49,PUNGALA,0,-0.49193211426848854,0.6227673348161573,NO SIGNIFICATIVO
R-1000-11-50,PUNGALA,0,-0.49193211426848854,0.6227673348161573,NO SIGNIFICATIVO
R-1000-11-51,PUNGALA,0,-0.49193211426848854,0.6227673348161573,NO SIGNIFICATIVO
R-1000-11-52,PUNGALA,0,-0.49193211426848854,0.6227673348161573,NO SIGNIFICATIVO
R-1000-11-53,PUNGALA,0,-0.49193211426848854,0.6227673348161573,NO SIGNIFICATIVO
R-1000-11-54,PUNGALA,0,-0.49193211426848854,0.6227673348161573,NO SIGNIFICATIVO
R-1000-11-55,PUNGALA,0,-0.43087581085886323,0.6665586725792005,NO SIGNIFICATIVO
R-1000-11-56,PUNGALA,0,-0.3600155843869113,0.7188354792616218,NO SIGNIFICATIVO
R-1000-12-24,FLORES,0,-0.3850440174846801,0.7002048037167994,NO SIGNIFICATIVO
R-1000-12-25,FLORES,0,-0.4521078819036846,0.6511912657993062,NO SIGNIFICATIVO
R-1000-12-26,FLORES,0,-0.3853750623450425,0.699959555863662,NO SIGNIFICATIVO
R-1000-12-27,FLORES,0,-0.3853750623450425,0.699959555863662,NO SIGNIFICATIVO
R-1000-12-28,FLORES,0,-0.3853750623450425,0.699959555863662,NO SIGNIFICATIVO
R-1000-12-29,FLORES,0,-0.3853750623450425,0.699959555863662,NO SIGNIFICATIVO
R-1000-12-30,FLORES,0,-0.3853750623450425,0.699959555863662,NO SIGNIFICATIVO
R-1000-12-31,LICTO,1,-0.3853750623450425,0.699959555863662,NO SIGNIFICATIVO
R-1000-12-32,LICTO,0,-0.3853750623450425,0.699959555863662,NO SIGNIFICATIVO
R-1000-12-33,LICTO,0,-0.3853750623450425,0.699959555863662,NO SIGNIFICATIVO
R-1000-12-34,PUNGALA,0,-0.27881801042159643,0.7803844920349331,NO SIGNIFICATIVO
R-1000-12-35,PUNGALA,0,-0.27881801042159643,0.7803844920349331,NO SIGNIFICATIVO
R-1000-12-36,PUNGALA,0,-0.3853750623450425,0.699959555863662,NO SIGNIFICATIVO
R-1000-12-37,PUNGALA,0,-0.49193211426848854,0.6227673348161573,NO SIGNIFICATIVO
R-1000-12-38,PUNGALA,0,-0.49193211426848854,0.6227673348161573,NO SIGNIFICATIVO
R-1000-12-39,PUNGALA,0,-0.49193211426848854,0.6227673348161573,NO SIGNIFICATIVO
R-1000-12-40,PUNGALA,0,-0.49193211426848854,0.6227673348161573,NO SIGNIFICATIVO
R-1000-12-41,PUNGALA,0,-0.49193211426848854,0.6227673348161573,NO SIGNIFICATIVO
R-1000-12-42,PUNGALA,0,-0.49193211426848854,0.6227673348161573,NO SIGNIFICATIVO
R-1000-12-43,PUNGALA,0,-0.49193211426848854,0.6227673348161573,NO SIGNIFICATIVO
R-1000-12-44,PUNGALA,0,-0.49193211426848854,0.6227673348161573,NO SIGNIFICATIVO
R-1000-12-45,PUNGALA,0,-0.49193211426848854,0.6227673348161573,NO SIGNIFICATIVO
R-1000-12-46,PUNGALA,0,-0.49193211426848854,0.6227673348161573,NO SIGNIFICATIVO
R-1000-12-47,PUNGALA,0,-0.49193211426848854,0.6227673348161573,NO SIGNIFICATIVO
R-1000-12-48,PUNGALA,0,-0.49193211426848854,0.6227673348161573,NO SIGNIFICATIVO
R-1000-12-49,PUNGALA,0,-0.49193211426848854,0.6227673348161573,NO SIGNIFICATIVO
R-1000-12-50,PUNGALA,0,-0.49193211426848854,0.6227673348161573,NO SIGNIFICATIVO
R-1000-12-51,PUNGALA,0,-0.49193211426848854,0.6227673348161573,NO SIGNIFICATIVO
R-1000-12-52,PUNGALA,0,-0.49193211426848854,0.6227673348161573,NO SIGNIFICATIVO
R-1000-12-53,PUNGALA,0,-0.49193211426848854,0.6227673348161573,NO SIGNIFICATIVO
R-1000-12-54,PUNGALA,0,-0.4521078819036846,0.6511912657993062,NO SIGNIFICATIVO
R-1000-12-55,PUNGALA,0,-0.3850440174846801,0.7002048037167994,NO SIGNIFICATIVO
R-1000-13-24,FLORES,0,-0.4085826480187474,0.6828459667841329,NO SIGNIFICATIVO
R-1000-13-25,FLORES,0,-0.4724220434988379,0.6366255732555879,NO SIGNIFICATIVO
R-1000-13-26,FLORES,0,-0.49193211426848854,0.6227673348161573,NO SIGNIFICATIVO
R-1000-13-27,FLORES,0,-0.3853750623450425,0.699959555863662,NO SIGNIFICATIVO
R-1000-13-28,FLORES,0,-0.49193211426848854,0.6227673348161573,NO SIGNIFICATIVO
R-1000-13-29,FLORES,0,-0.49193211426848854,0.6227673348161573,NO SIGNIFICATIVO
R-1000-13-30,FLORES,0,-0.3853750623450425,0.699959555863662,NO SIGNIFICATIVO
R-1000-13-31,LICTO,0,-0.3853750623450425,0.699959555863662,NO SIGNIFICATIVO
R-1000-13-32,LICTO,0,-0.3853750623450425,0.699959555863662,NO SIGNIFICATIVO
R-1000-13-33,LICTO,0,-0.1722609584981504,0.8632323760937024,NO SIGNIFICATIVO
R-1000-13-34,PUNGALA,0,-0.1722609584981504,0.8632323760937024,NO SIGNIFICATIVO
R-1000-13-35,PUNGALA,1,-0.1722609584981504,0.8632323760937024,NO SIGNIFICATIVO
R-1000-13-36,PUNGALA,0,-0.27881801042159643,0.7803844920349331,NO SIGNIFICATIVO
R-1000-13-37,PUNGALA,0,-0.3853750623450425,0.699959555863662,NO SIGNIFICATIVO
R-1000-13-38,PUNGALA,0,-0.49193211426848854,0.6227673348161573,NO SIGNIFICATIVO
R-1000-13-39,PUNGALA,0,-0.49193211426848854,0.6227673348161573,NO SIGNIFICATIVO
R-1000-13-40,PUNGALA,0,-0.49193211426848854,0.6227673348161573,NO SIGNIFICATIVO
R-1000-13-41,PUNGALA,0,-0.49193211426848854,0.6227673348161573,NO SIGNIFICATIVO
R-1000-13-42,PUNGALA,0,-0.49193211426848854,0.6227673348161573,NO SIGNIFICATIVO
R-1000-13-43,PUNGALA,0,-0.49193211426848854,0.6227673348161573,NO SIGNIFICATIVO
R-1000-13-44,PUNGALA,0,-0.49193211426848854,0.6227673348161573,NO SIGNIFICATIVO
R-1000-13-45,PUNGALA,0,-0.49193211426848854,0.6227673348161573,NO SIGNIFICATIVO
R-1000-13-46,PUNGALA,0,-0.49193211426848854,0.6227673348161573,NO SIGNIFICATIVO
R-1000-13-47,PUNGALA,0,-0.49193211426848854,0.6227673348161573,NO SIGNIFICATIVO
R-1000-13-48,PUNGALA,0,-0.49193211426848854,0.6227673348161573,NO SIGNIFICATIVO
R-1000-13-49,PUNGALA,0,-0.49193211426848854,0.6227673348161573,NO SIGNIFICATIVO
R-1000-13-50,PUNGALA,0,-0.49193211426848854,0.6227673348161573,NO SIGNIFICATIVO
R-1000-13-51,PUNGALA,0,-0.49193211426848854,0.6227673348161573,NO SIGNIFICATIVO
R-1000-13-52,PUNGALA,0,-0.49193211426848854,0.6227673348161573,NO SIGNIFICATIVO
R-1000-13-53,PUNGALA,0,-0.4724220434988379,0.6366255732555879,NO SIGNIFICATIVO
R-1000-13-54,PUNGALA,0,-0.43087581085886323,0.6665586725792005,NO SIGNIFICATIVO
R-1000-14-24,FLORES,0,-0.4085826480187474,0.6828459667841329,NO SIGNIFICATIVO
R-1000-14-25,FLORES,0,-0.4724220434988379,0.6366255732555879,NO SIGNIFICATIVO
R-1000-14-26,FLORES,0,-0.49193211426848854,0.6227673348161573,NO SIGNIFICATIVO
R-1000-14-27,FLORES,0,-0.49193211426848854,0.6227673348161573,NO SIGNIFICATIVO
R-1000-14-28,FLORES,0,-0.49193211426848854,0.6227673348161573,NO SIGNIFICATIVO
R-1000-14-29,FLORES,0,-0.49193211426848854,0.6227673348161573,NO SIGNIFICATIVO
R-1000-14-30,FLORES,0,-0.49193211426848854,0.6227673348161573,NO SIGNIFICATIVO
R-1000-14-31,LICTO,0,-0.3853750623450425,0.699959555863662,NO SIGNIFICATIVO
R-1000-14-32,LICTO,0,-0.27881801042159643,0.7803844920349331,NO SIGNIFICATIVO
R-1000-14-33,LICTO,0,1.4260948203535402,0.1538409737096352,NO SIGNIFICATIVO
R-1000-14-34,PUNGALA,1,-0.06570390657470436,0.9476135621396853,NO SIGNIFICATIVO
R-1000-14-35,PUNGALA,1,-0.1722609584981504,0.8632323760937024,NO SIGNIFICATIVO
R-1000-14-36,PUNGALA,0,-0.1722609584981504,0.8632323760937024,NO SIGNIFICATIVO
R-1000-14-37,PUNGALA,0,-0.3853750623450425,0.699959555863662,NO SIGNIFICATIVO
R-1000-14-38,PUNGALA,0,-0.49193211426848854,0.6227673348161573,NO SIGNIFICATIVO
R-1000-14-39,PUNGALA,0,-0.49193211426848854,0.6227673348161573,NO SIGNIFICATIVO
R-1000-14-40,PUNGALA,0,-0.49193211426848854,0.6227673348161573,NO SIGNIFICATIVO
R-1000-14-41,PUNGALA,0,-0.49193211426848854,0.6227673348161573,NO SIGNIFICATIVO
R-1000-14-42,PUNGALA,0,-0.49193211426848854,0.6227673348161573,NO SIGNIFICATIVO
R-1000-14-43,PUNGALA,0,-0.49193211426848854,0.6227673348161573,NO SIGNIFICATIVO
R-1000-14-44,PUNGALA,0,-0.49193211426848854,0.6227673348161573,NO SIGNIFICATIVO
R-1000-14-45,PUNGALA,0,-0.49193211426848854,0.6227673348161573,NO SIGNIFICATIVO
R-1000-14-46,PUNGALA,0,-0.49193211426848854,0.6227673348161573,NO SIGNIFICATIVO
R-1000-14-47,PUNGALA,0,-0.49193211426848854,0.6227673348161573,NO SIGNIFICATIVO
R-1000-14-48,PUNGALA,0,-0.49193211426848854,0.6227673348161573,NO SIGNIFICATIVO
R-1000-14-49,PUNGALA,0,-0.49193211426848854,0.6227673348161573,NO SIGNIFICATIVO
R-1000-14-50,PUNGALA,0,-0.49193211426848854,0.6227673348161573,NO SIGNIFICATIVO
R-1000-14-51,PUNGALA,0,-0.49193211426848854,0.6227673348161573,NO SIGNIFICATIVO
R-1000-14-52,PUNGALA,0,-0.49193211426848854,0.6227673348161573,NO SIGNIFICATIVO
R-1000-14-53,PUNGALA,0,-0.4724220434988379,0.6366255732555879,NO SIGNIFICATIVO
R-1000-14-54,PUNGALA,0,-0.4085826480187474,0.6828459667841329,NO SIGNIFICATIVO
R-1000-15-24,PUNIN,0,-0.43087581085886323,0.6665586725792005,NO SIGNIFICATIVO
R-1000-15-25,FLORES,0,-0.4724220434988379,0.6366255732555879,NO SIGNIFICATIVO
R-1000-15-26,FLORES,0,-0.49193211426848854,0.6227673348161573,NO SIGNIFICATIVO
R-1000-15-27,FLORES,0,-0.49193211426848854,0.6227673348161573,NO SIGNIFICATIVO
R-1000-15-28,FLORES,0,-0.3853750623450425,0.699959555863662,NO SIGNIFICATIVO
R-1000-15-29,FLORES,0,-0.49193211426848854,0.6227673348161573,NO SIGNIFICATIVO
R-1000-15-30,LICTO,0,-0.49193211426848854,0.6227673348161573,NO SIGNIFICATIVO
R-1000-15-31,LICTO,0,-0.3853750623450425,0.699959555863662,NO SIGNIFICATIVO
R-1000-15-32,LICTO,0,1.212980716506648,0.22513719322268158,NO SIGNIFICATIVO
R-1000-15-33,LICTO,1,1.3195377684300942,0.18698939221380076,NO SIGNIFICATIVO
R-1000-15-34,PUNGALA,0,1.4260948203535402,0.1538409737096352,NO SIGNIFICATIVO
R-1000-15-35,PUNGALA,0,-0.06570390657470436,0.9476135621396853,NO SIGNIFICATIVO
R-1000-15-36,PUNGALA,0,-0.27881801042159643,0.7803844920349331,NO SIGNIFICATIVO
R-1000-15-37,PUNGALA,0,-0.49193211426848854,0.6227673348161573,NO SIGNIFICATIVO
R-1000-15-38,PUNGALA,0,-0.4724220434988379,0.6366255732555879,NO SIGNIFICATIVO
R-1000-15-39,PUNGALA,0,-0.4724220434988379,0.6366255732555879,NO SIGNIFICATIVO
R-1000-15-40,PUNGALA,0,-0.4724220434988379,0.6366255732555879,NO SIGNIFICATIVO
R-1000-15-41,PUNGALA,0,-0.4724220434988379,0.6366255732555879,NO SIGNIFICATIVO
R-1000-15-42,PUNGALA,0,-0.4724220434988379,0.6366255732555879,NO SIGNIFICATIVO
R-1000-15-43,PUNGALA,0,-0.4724220434988379,0.6366255732555879,NO SIGNIFICATIVO
R-1000-15-44,PUNGALA,0,-0.49193211426848854,0.6227673348161573,NO SIGNIFICATIVO
R-1000-15-45,PUNGALA,0,-0.49193211426848854,0.6227673348161573,NO SIGNIFICATIVO
R-1000-15-46,PUNGALA,0,-0.49193211426848854,0.6227673348161573,NO SIGNIFICATIVO
R-1000-15-47,PUNGALA,0,-0.49193211426848854,0.6227673348161573,NO SIGNIFICATIVO
R-1000-15-48,PUNGALA,0,-0.49193211426848854,0.6227673348161573,NO SIGNIFICATIVO
R-1000-15-49,PUNGALA,0,-0.49193211426848854,0.6227673348161573,NO SIGNIFICATIVO
R-1000-15-50,PUNGALA,0,-0.49193211426848854,0.6227673348161573,NO SIGNIFICATIVO
R-1000-15-51,PUNGALA,0,-0.49193211426848854,0.6227673348161573,NO SIGNIFICATIVO
R-1000-15-52,PUNGALA,0,-0.49193211426848854,0.6227673348161573,NO SIGNIFICATIVO
R-1000-15-53,PUNGALA,0,-0.4724220434988379,0.6366255732555879,NO SIGNIFICATIVO
R-1000-15-54,PUNGALA,0,-0.3850440174846801,0.7002048037167994,NO SIGNIFICATIVO
R-1000-16-22,PUNIN,0,-0.33316162531352655,0.7390122835253097,NO SIGNIFICATIVO
R-1000-16-23,PUNIN,0,-0.4085826480187474,0.6828459667841329,NO SIGNIFICATIVO
R-1000-16-24,PUNIN,0,-0.4724220434988379,0.6366255732555879,NO SIGNIFICATIVO
R-1000-16-25,FLORES,0,-0.49193211426848854,0.6227673348161573,NO SIGNIFICATIVO
R-1000-16-26,FLORES,0,-0.49193211426848854,0.6227673348161573,NO SIGNIFICATIVO
R-1000-16-27,FLORES,0,-0.3853750623450425,0.699959555863662,NO SIGNIFICATIVO
R-1000-16-28,FLORES,0,-0.3853750623450425,0.699959555863662,NO SIGNIFICATIVO
R-1000-16-29,FLORES,0,-0.3853750623450425,0.699959555863662,NO SIGNIFICATIVO
R-1000-16-30,LICTO,0,-0.49193211426848854,0.6227673348161573,NO SIGNIFICATIVO
R-1000-16-31,LICTO,0,1.106423664583202,0.26854318743159694,NO SIGNIFICATIVO
R-1000-16-32,LICTO,0,1.212980716506648,0.22513719322268158,NO SIGNIFICATIVO
R-1000-16-33,LICTO,15,1.212980716506648,0.22513719322268158,NO SIGNIFICATIVO
R-1000-16-34,PUNGALA,0,1.3195377684300942,0.18698939221380076,NO SIGNIFICATIVO
R-1000-16-35,PUNGALA,0,1.3195377684300942,0.18698939221380076,NO SIGNIFICATIVO
R-1000-16-36,PUNGALA,0,-0.36156347110234444,0.7176782661666969,NO SIGNIFICATIVO
R-1000-16-37,PUNGALA,0,-0.33637153583517015,0.7365907113310017,NO SIGNIFICATIVO
R-1000-16-38,PUNGALA,0,-0.43087581085886323,0.6665586725792005,NO SIGNIFICATIVO
R-1000-16-39,PUNGALA,0,-0.4085826480187474,0.6828459667841329,NO SIGNIFICATIVO
R-1000-16-40,PUNGALA,0,-0.4085826480187474,0.6828459667841329,NO SIGNIFICATIVO
R-1000-16-41,PUNGALA,0,-0.4085826480187474,0.6828459667841329,NO SIGNIFICATIVO
R-1000-16-42,PUNGALA,0,-0.4085826480187474,0.6828459667841329,NO SIGNIFICATIVO
R-1000-16-43,PUNGALA,0,-0.43087581085886323,0.6665586725792005,NO SIGNIFICATIVO
R-1000-16-44,PUNGALA,0,-0.4521078819036846,0.6511912657993062,NO SIGNIFICATIVO
R-1000-16-45,PUNGALA,0,-0.49193211426848854,0.6227673348161573,NO SIGNIFICATIVO
R-1000-16-46,PUNGALA,0,-0.49193211426848854,0.6227673348161573,NO SIGNIFICATIVO
R-1000-16-47,PUNGALA,0,-0.4724220434988379,0.6366255732555879,NO SIGNIFICATIVO
R-1000-16-48,PUNGALA,0,-0.4724220434988379,0.6366255732555879,NO SIGNIFICATIVO
R-1000-16-49,PUNGALA,0,-0.4724220434988379,0.6366255732555879,NO SIGNIFICATIVO
R-1000-16-50,PUNGALA,0,-0.49193211426848854,0.6227673348161573,NO SIGNIFICATIVO
R-1000-16-51,PUNGALA,0,-0.49193211426848854,0.6227673348161573,NO SIGNIFICATIVO
R-1000-16-52,PUNGALA,0,-0.49193211426848854,0.6227673348161573,NO SIGNIFICATIVO
R-1000-16-53,PUNGALA,0,-0.43087581085886323,0.6665586725792005,NO SIGNIFICATIVO
R-1000-16-54,PUNGALA,0,-0.3600155843869113,0.7188354792616218,NO SIGNIFICATIVO
R-1000-17-22,PUNIN,0,-0.3850440174846801,0.7002048037167994,NO SIGNIFICATIVO
R-1000-17-23,PUNIN,0,-0.4521078819036846,0.6511912657993062,NO SIGNIFICATIVO
R-1000-17-24,PUNIN,0,-0.49193211426848854,0.6227673348161573,NO SIGNIFICATIVO
R-1000-17-25,PUNIN,0,-0.49193211426848854,0.6227673348161573,NO SIGNIFICATIVO
R-1000-17-26,PUNIN,0,-0.3853750623450425,0.699959555863662,NO SIGNIFICATIVO
R-1000-17-27,PUNIN,0,-0.3853750623450425,0.699959555863662,NO SIGNIFICATIVO
R-1000-17-28,FLORES,1,-0.3853750623450425,0.699959555863662,NO SIGNIFICATIVO
R-1000-17-29,FLORES,0,-0.3853750623450425,0.699959555863662,NO SIGNIFICATIVO
R-1000-17-30,LICTO,0,-0.3853750623450425,0.699959555863662,NO SIGNIFICATIVO
R-1000-17-31,LICTO,0,-0.49193211426848854,0.6227673348161573,NO SIGNIFICATIVO
R-1000-17-32,LICTO,0,1.106423664583202,0.26854318743159694,NO SIGNIFICATIVO
R-1000-17-33,LICTO,0,1.212980716506648,0.22513719322268158,NO SIGNIFICATIVO
R-1000-17-34,LICTO,0,1.212980716506648,0.22513719322268158,NO SIGNIFICATIVO
R-1000-17-35,LICTO,0,-0.36156347110234444,0.7176782661666969,NO SIGNIFICATIVO
R-1000-17-36,PUNGALA,1,-0.28074529103775736,0.7789057679357336,NO SIGNIFICATIVO
R-1000-17-37,PUNGALA,0,-0.21519055186168615,0.8296187569050357,NO SIGNIFICATIVO
R-1000-17-44,PUNGALA,0,-0.3850440174846801,0.7002048037167994,NO SIGNIFICATIVO
R-1000-17-45,PUNGALA,0,-0.43087581085886323,0.6665586725792005,NO SIGNIFICATIVO
R-1000-17-46,PUNGALA,0,-0.4521078819036846,0.6511912657993062,NO SIGNIFICATIVO
R-1000-17-47,PUNGALA,0,-0.43087581085886323,0.6665586725792005,NO SIGNIFICATIVO
R-1000-17-48,PUNGALA,0,-0.4085826480187474,0.6828459667841329,NO SIGNIFICATIVO
R-1000-17-49,PUNGALA,0,-0.43087581085886323,0.6665586725792005,NO SIGNIFICATIVO
R-1000-17-50,PUNGALA,0,-0.4724220434988379,0.6366255732555879,NO SIGNIFICATIVO
R-1000-17-51,PUNGALA,0,-0.49193211426848854,0.6227673348161573,NO SIGNIFICATIVO
R-1000-17-52,PUNGALA,0,-0.43087581085886323,0.6665586725792005,NO SIGNIFICATIVO
R-1000-17-53,PUNGALA,0,-0.3850440174846801,0.7002048037167994,NO SIGNIFICATIVO
R-1000-18-22,PUNIN,0,-0.4085826480187474,0.6828459667841329,NO SIGNIFICATIVO
R-1000-18-23,PUNIN,0,-0.4724220434988379,0.6366255732555879,NO SIGNIFICATIVO
R-1000-18-24,PUNIN,0,-0.49193211426848854,0.6227673348161573,NO SIGNIFICATIVO
R-1000-18-25,PUNIN,0,-0.49193211426848854,0.6227673348161573,NO SIGNIFICATIVO
R-1000-18-26,PUNIN,0,-0.49193211426848854,0.6227673348161573,NO SIGNIFICATIVO
R-1000-18-27,PUNIN,0,0.2539672491956338,0.7995208600712755,NO SIGNIFICATIVO
R-1000-18-28,PUNIN,0,-0.3853750623450425,0.699959555863662,NO SIGNIFICATIVO
R-1000-18-29,LICTO,0,-0.3853750623450425,0.699959555863662,NO SIGNIFICATIVO
R-1000-18-30,LICTO,0,-0.3853750623450425,0.699959555863662,NO SIGNIFICATIVO
R-1000-18-31,LICTO,0,-0.49193211426848854,0.6227673348161573,NO SIGNIFICATIVO
R-1000-18-32,LICTO,0,-0.49193211426848854,0.6227673348161573,NO SIGNIFICATIVO
R-1000-18-33,LICTO,0,1.106423664583202,0.26854318743159694,NO SIGNIFICATIVO
R-1000-18-34,LICTO,0,-0.4724220434988379,0.6366255732555879,NO SIGNIFICATIVO
R-1000-18-35,LICTO,0,-0.28074529103775736,0.7789057679357336,NO SIGNIFICATIVO
R-1000-18-45,PUNGALA,0,-0.33316162531352655,0.7390122835253097,NO SIGNIFICATIVO
R-1000-18-46,PUNGALA,0,-0.33316162531352655,0.7390122835253097,NO SIGNIFICATIVO
R-1000-18-50,PUNGALA,0,-0.43087581085886323,0.6665586725792005,NO SIGNIFICATIVO
R-1000-18-51,PUNGALA,0,-0.43087581085886323,0.6665586725792005,NO SIGNIFICATIVO
R-1000-18-52,PUNGALA,0,-0.3850440174846801,0.7002048037167994,NO SIGNIFICATIVO
R-1000-19-22,PUNIN,0,-0.4085826480187474,0.6828459667841329,NO SIGNIFICATIVO
R-1000-19-23,PUNIN,0,-0.4724220434988379,0.6366255732555879,NO SIGNIFICATIVO
R-1000-19-24,PUNIN,0,-0.49193211426848854,0.6227673348161573,NO SIGNIFICATIVO
R-1000-19-25,PUNIN,0,-0.49193211426848854,0.6227673348161573,NO SIGNIFICATIVO
R-1000-19-26,PUNIN,0,0.14741019727218774,0.8828082571912689,NO SIGNIFICATIVO
R-1000-19-27,PUNIN,0,0.14741019727218774,0.8828082571912689,NO SIGNIFICATIVO
R-1000-19-28,PUNIN,0,0.2539672491956338,0.7995208600712755,NO SIGNIFICATIVO
R-1000-19-29,LICTO,0,-0.3853750623450425,0.699959555863662,NO SIGNIFICATIVO
R-1000-19-30,LICTO,0,-0.27881801042159643,0.7803844920349331,NO SIGNIFICATIVO
R-1000-19-31,LICTO,0,-0.3853750623450425,0.699959555863662,NO SIGNIFICATIVO
R-1000-19-32,LICTO,0,-0.3853750623450425,0.699959555863662,NO SIGNIFICATIVO
R-1000-19-33,LICTO,0,-0.49193211426848854,0.6227673348161573,NO SIGNIFICATIVO
R-1000-19-34,LICTO,0,-0.4521078819036846,0.6511912657993062,NO SIGNIFICATIVO
R-1000-19-35,LICTO,0,-0.3600155843869113,0.7188354792616218,NO SIGNIFICATIVO
R-1000-19-50,PUNGALA,0,-0.3600155843869113,0.7188354792616218,NO SIGNIFICATIVO
R-1000-19-51,PUNGALA,0,-0.3850440174846801,0.7002048037167994,NO SIGNIFICATIVO
R-1000-20-22,PUNIN,0,-0.4085826480187474,0.6828459667841329,NO SIGNIFICATIVO
R-1000-20-23,PUNIN,0,-0.4724220434988379,0.6366255732555879,NO SIGNIFICATIVO
R-1000-20-24,PUNIN,0,-0.49193211426848854,0.6227673348161573,NO SIGNIFICATIVO
R-1000-20-25,PUNIN,0,0.14741019727218774,0.8828082571912689,NO SIGNIFICATIVO
R-1000-20-26,PUNIN,0,0.14741019727218774,0.8828082571912689,NO SIGNIFICATIVO
R-1000-20-27,PUNIN,6,0.14741019727218774,0.8828082571912689,NO SIGNIFICATIVO
R-1000-20-28,PUNIN,0,0.2539672491956338,0.7995208600712755,NO SIGNIFICATIVO
R-1000-20-29,LICTO,0,0.3605243011190798,0.7184550870845516,NO SIGNIFICATIVO
R-1000-20-30,LICTO,1,-0.27881801042159643,0.7803844920349331,NO SIGNIFICATIVO
R-1000-20-31,LICTO,0,0.04085314534874169,0.967412970831894,NO SIGNIFICATIVO
R-1000-20-32,LICTO,0,-0.27881801042159643,0.7803844920349331,NO SIGNIFICATIVO
R-1000-20-33,LICTO,0,-0.36156347110234444,0.7176782661666969,NO SIGNIFICATIVO
R-1000-20-34,LICTO,0,-0.4085826480187474,0.6828459667841329,NO SIGNIFICATIVO
R-1000-20-50,PUNGALA,0,-0.30399860192525985,0.7611289562869286,NO SIGNIFICATIVO
R-1000-20-51,PUNGALA,0,-0.30399860192525985,0.7611289562869286,NO SIGNIFICATIVO
R-1000-21-22,PUNIN,0,-0.4085826480187474,0.6828459667841329,NO SIGNIFICATIVO
R-1000-21-23,PUNIN,0,-0.36156347110234444,0.7176782661666969,NO SIGNIFICATIVO
R-1000-21-24,PUNIN,0,-0.3853750623450425,0.699959555863662,NO SIGNIFICATIVO
R-1000-21-25,PUNIN,0,-0.49193211426848854,0.6227673348161573,NO SIGNIFICATIVO
R-1000-21-26,PUNIN,0,0.2539672491956338,0.7995208600712755,NO SIGNIFICATIVO
R-1000-21-27,PUNIN,0,0.14741019727218774,0.8828082571912689,NO SIGNIFICATIVO
R-1000-21-28,PUNIN,0,0.46708135304252585,0.6404416746942283,NO SIGNIFICATIVO
R-1000-21-29,LICTO,0,-0.1722609584981504,0.8632323760937024,NO SIGNIFICATIVO
R-1000-21-30,LICTO,1,0.04085314534874169,0.967412970831894,NO SIGNIFICATIVO
R-1000-21-31,LICTO,0,0.04085314534874169,0.967412970831894,NO SIGNIFICATIVO
R-1000-21-32,LICTO,1,-0.06570390657470436,0.9476135621396853,NO SIGNIFICATIVO
R-1000-21-33,LICTO,0,-0.30954461237820824,0.7569072815396735,NO SIGNIFICATIVO
R-1000-21-34,LICTO,0,-0.21519055186168615,0.8296187569050357,NO SIGNIFICATIVO
R-1000-22-22,PUNIN,0,-0.30954461237820824,0.7569072815396735,NO SIGNIFICATIVO
R-1000-22-23,PUNIN,0,-0.25070489870585094,0.8020422729983374,NO SIGNIFICATIVO
R-1000-22-24,PUNIN,0,-0.27881801042159643,0.7803844920349331,NO SIGNIFICATIVO
R-1000-22-25,PUNIN,0,-0.27881801042159643,0.7803844920349331,NO SIGNIFICATIVO
R-1000-22-26,PUNIN,0,-0.3853750623450425,0.699959555863662,NO SIGNIFICATIVO
R-1000-22-27,PUNIN,0,0.46708135304252585,0.6404416746942283,NO SIGNIFICATIVO
R-1000-22-28,PUNIN,0,-0.1722609584981504,0.8632323760937024,NO SIGNIFICATIVO
R-1000-22-29,LICTO,0,0.14741019727218774,0.8828082571912689,NO SIGNIFICATIVO
R-1000-22-30,LICTO,0,0.04085314534874169,0.967412970831894,NO SIGNIFICATIVO
R-1000-22-31,LICTO,2,-0.028987753912864025,0.976874357453142,NO SIGNIFICATIVO
R-1000-22-32,LICTO,0,-0.0668822154168982,0.9466754713737842,NO SIGNIFICATIVO
R-1000-22-33,LICTO,0,0.021550971127873856,0.9828061438086415,NO SIGNIFICATIVO
R-1000-22-48,QUIMIAG,0,-0.30399860192525985,0.7611289562869286,NO SIGNIFICATIVO
R-1000-22-49,QUIMIAG,0,-0.33316162531352655,0.7390122835253097,NO SIGNIFICATIVO
R-1000-23-19,CACHA,0,-0.33316162531352655,0.7390122835253097,NO SIGNIFICATIVO
R-1000-23-20,CACHA,0,-0.24951235461382879,0.8029644854536444,NO SIGNIFICATIVO
R-1000-23-21,CACHA,0,-0.30954461237820824,0.7569072815396735,NO SIGNIFICATIVO
R-1000-23-22,PUNIN,0,-0.25070489870585094,0.8020422729983374,NO SIGNIFICATIVO
R-1000-23-23,PUNIN,1,-0.27881801042159643,0.7803844920349331,NO SIGNIFICATIVO
R-1000-23-24,PUNIN,1,-0.1722609584981504,0.8632323760937024,NO SIGNIFICATIVO
R-1000-23-25,PUNIN,0,-0.1722609584981504,0.8632323760937024,NO SIGNIFICATIVO
R-1000-23-26,PUNIN,1,0.14741019727218774,0.8828082571912689,NO SIGNIFICATIVO
R-1000-23-27,PUNIN,0,-0.06570390657470436,0.9476135621396853,NO SIGNIFICATIVO
R-1000-23-28,PUNIN,2,0.14741019727218774,0.8828082571912689,NO SIGNIFICATIVO
R-1000-23-29,PUNIN,1,-0.1722609584981504,0.8632323760937024,NO SIGNIFICATIVO
R-1000-23-30,LICTO,0,0.30358796327661636,0.761441822945586,NO SIGNIFICATIVO
R-1000-23-31,LICTO,0,-0.0668822154168982,0.9466754713737842,NO SIGNIFICATIVO
R-1000-23-32,LICTO,0,0.021550971127873856,0.9828061438086415,NO SIGNIFICATIVO
R-1000-23-48,QUIMIAG,0,-0.3850440174846801,0.7002048037167994,NO SIGNIFICATIVO
R-1000-23-49,QUIMIAG,0,-0.4085826480187474,0.6828459667841329,NO SIGNIFICATIVO
R-1000-23-50,QUIMIAG,0,-0.3600155843869113,0.7188354792616218,NO SIGNIFICATIVO
R-1000-24-19,CACHA,0,-0.28074529103775736,0.7789057679357336,NO SIGNIFICATIVO
R-1000-24-20,CACHA,0,-0.33637153583517015,0.7365907113310017,NO SIGNIFICATIVO
R-1000-24-21,CACHA,0,-0.36156347110234444,0.7176782661666969,NO SIGNIFICATIVO
R-1000-24-22,CACHA,0,-0.3853750623450425,0.699959555863662,NO SIGNIFICATIVO
R-1000-24-23,PUNIN,0,-0.27881801042159643,0.7803844920349331,NO SIGNIFICATIVO
R-1000-24-24,PUNIN,0,-0.27881801042159643,0.7803844920349331,NO SIGNIFICATIVO
R-1000-24-25,PUNIN,0,-0.06570390657470436,0.9476135621396853,NO SIGNIFICATIVO
R-1000-24-26,SAN LUIS,0,-0.1722609584981504,0.8632323760937024,NO SIGNIFICATIVO
R-1000-24-27,SAN LUIS,0,0.2539672491956338,0.7995208600712755,NO SIGNIFICATIVO
R-1000-24-28,SAN LUIS,0,0.04085314534874169,0.967412970831894,NO SIGNIFICATIVO
R-1000-24-29,SAN LUIS,0,1.3013151148450575,0.1931506156253421,NO SIGNIFICATIVO
R-1000-24-30,SAN LUIS,0,-0.2206351897666557,0.8253764987342678,NO SIGNIFICATIVO
R-1000-24-48,QUIMIAG,0,-0.43087581085886323,0.6665586725792005,NO SIGNIFICATIVO
R-1000-24-49,QUIMIAG,0,-0.4521078819036846,0.6511912657993062,NO SIGNIFICATIVO
R-1000-24-50,QUIMIAG,0,-0.4085826480187474,0.6828459667841329,NO SIGNIFICATIVO
R-1000-25-18,CACHA,0,-0.17680218922110863,0.8596637693962745,NO SIGNIFICATIVO
R-1000-25-19,CACHA,0,-0.33637153583517015,0.7365907113310017,NO SIGNIFICATIVO
R-1000-25-20,CACHA,1,-0.3853750623450425,0.699959555863662,NO SIGNIFICATIVO
R-1000-25-21,CACHA,0,-0.3853750623450425,0.699959555863662,NO SIGNIFICATIVO
R-1000-25-22,CACHA,0,-0.1722609584981504,0.8632323760937024,NO SIGNIFICATIVO
R-1000-25-23,CACHA,0,-0.3853750623450425,0.699959555863662,NO SIGNIFICATIVO
R-1000-25-24,CACHA,0,-0.1722609584981504,0.8632323760937024,NO SIGNIFICATIVO
R-1000-25-25,SAN LUIS,0,-0.27881801042159643,0.7803844920349331,NO SIGNIFICATIVO
R-1000-25-26,SAN LUIS,2,0.04085314534874169,0.967412970831894,NO SIGNIFICATIVO
R-1000-25-27,SAN LUIS,0,-0.06570390657470436,0.9476135621396853,NO SIGNIFICATIVO
R-1000-25-28,SAN LUIS,2,2.9178935472817846,0.003524046360265696,HOTSPOT 99%
R-1000-25-29,SAN LUIS,0,1.6392089242004322,0.10116975588709062,NO SIGNIFICATIVO
R-1000-25-30,SAN LUIS,1,2.853335128395966,0.004326297058927799,HOTSPOT 99%
R-1000-25-31,SAN LUIS,0,1.8744169602735818,0.06087297764774313,HOTSPOT 90%
R-1000-25-32,SAN LUIS,0,2.3255892399323463,0.02004047414923134,HOTSPOT 95%
R-1000-25-47,QUIMIAG,0,-0.3850440174846801,0.7002048037167994,NO SIGNIFICATIVO
R-1000-25-48,QUIMIAG,0,-0.4521078819036846,0.6511912657993062,NO SIGNIFICATIVO
R-1000-25-49,QUIMIAG,0,-0.49193211426848854,0.6227673348161573,NO SIGNIFICATIVO
R-1000-25-50,QUIMIAG,0,-0.4521078819036846,0.6511912657993062,NO SIGNIFICATIVO
R-1000-25-51,QUIMIAG,0,-0.3600155843869113,0.7188354792616218,NO SIGNIFICATIVO
R-1000-26-18,CACHA,0,-0.3600155843869113,0.7188354792616218,NO SIGNIFICATIVO
R-1000-26-19,CACHA,0,-0.33637153583517015,0.7365907113310017,NO SIGNIFICATIVO
R-1000-26-20,CACHA,0,-0.3853750623450425,0.699959555863662,NO SIGNIFICATIVO
R-1000-26-21,CACHA,0,-0.1722609584981504,0.8632323760937024,NO SIGNIFICATIVO
R-1000-26-22,CACHA,0,-0.27881801042159643,0.7803844920349331,NO SIGNIFICATIVO
R-1000-26-23,CACHA,0,-0.27881801042159643,0.7803844920349331,NO SIGNIFICATIVO
R-1000-26-24,CACHA,0,-0.27881801042159643,0.7803844920349331,NO SIGNIFICATIVO
R-1000-26-25,CACHA,0,-0.25070489870585094,0.8020422729983374,NO SIGNIFICATIVO
R-1000-26-26,SAN LUIS,0,-0.25070489870585094,0.8020422729983374,NO SIGNIFICATIVO
R-1000-26-27,SAN LUIS,0,2.5982223915114466,0.009370778190714862,HOTSPOT 99%
R-1000-26-28,SAN LUIS,0,3.1310076511286766,0.0017420762183360163,HOTSPOT 99%
R-1000-26-29,SAN LUIS,10,8.245746143454088,1.6413278881944028e-16,HOTSPOT 99%
R-1000-26-30,SAN LUIS,0,6.114605104985166,9.67963560931346e-10,HOTSPOT 99%
R-1000-26-31,SAN LUIS,17,3.62934513517142,0.0002841411335754499,HOTSPOT 99%
R-1000-26-32,SAN LUIS,0,2.359741754196202,0.018287660782400857,HOTSPOT 95%
R-1000-26-33,SAN LUIS,0,2.391660033592366,0.01677237014765282,HOTSPOT 95%
R-1000-26-36,QUIMIAG,0,-0.3600155843869113,0.7188354792616218,NO SIGNIFICATIVO
R-1000-26-37,QUIMIAG,0,-0.3850440174846801,0.7002048037167994,NO SIGNIFICATIVO
R-1000-26-38,QUIMIAG,0,-0.4085826480187474,0.6828459667841329,NO SIGNIFICATIVO
R-1000-26-39,QUIMIAG,0,-0.4085826480187474,0.6828459667841329,NO SIGNIFICATIVO
R-1000-26-40,QUIMIAG,0,-0.4085826480187474,0.6828459667841329,NO SIGNIFICATIVO
R-1000-26-41,QUIMIAG,0,-0.4085826480187474,0.6828459667841329,NO SIGNIFICATIVO
R-1000-26-42,QUIMIAG,0,-0.3850440174846801,0.7002048037167994,NO SIGNIFICATIVO
R-1000-26-43,QUIMIAG,0,-0.3600155843869113,0.7188354792616218,NO SIGNIFICATIVO
R-1000-26-46,QUIMIAG,0,-0.3850440174846801,0.7002048037167994,NO SIGNIFICATIVO
R-1000-26-47,QUIMIAG,0,-0.43087581085886323,0.6665586725792005,NO SIGNIFICATIVO
R-1000-26-48,QUIMIAG,0,-0.49193211426848854,0.6227673348161573,NO SIGNIFICATIVO
R-1000-26-49,QUIMIAG,0,-0.49193211426848854,0.6227673348161573,NO SIGNIFICATIVO
R-1000-26-50,QUIMIAG,0,-0.4724220434988379,0.6366255732555879,NO SIGNIFICATIVO
R-1000-26-51,QUIMIAG,0,-0.3850440174846801,0.7002048037167994,NO SIGNIFICATIVO
R-1000-27-19,CACHA,0,-0.4521078819036846,0.6511912657993062,NO SIGNIFICATIVO
R-1000-27-20,CACHA,0,-0.13984632630935748,0.8887814098118502,NO SIGNIFICATIVO
R-1000-27-21,CACHA,0,-0.27881801042159643,0.7803844920349331,NO SIGNIFICATIVO
R-1000-27-22,CACHA,2,-0.27881801042159643,0.7803844920349331,NO SIGNIFICATIVO
R-1000-27-23,CACHA,0,-0.028987753912864025,0.976874357453142,NO SIGNIFICATIVO
R-1000-27-24,CACHA,0,0.010837502370373236,0.9913530934466425,NO SIGNIFICATIVO
R-1000-27-25,CACHA,0,-0.18821341389755322,0.8507093576325677,NO SIGNIFICATIVO
R-1000-27-26,SAN LUIS,0,1.6317545633122719,0.10273120057264729,NO SIGNIFICATIVO
R-1000-27-27,SAN LUIS,0,2.094091731603634,0.03625180949310567,HOTSPOT 95%
R-1000-27-28,SAN LUIS,15,6.733385162273237,1.6576049864688956e-11,HOTSPOT 99%
R-1000-27-29,SAN LUIS,6,10.270330129999563,9.587600623337992e-25,HOTSPOT 99%
R-1000-27-30,SAN LUIS,0,12.934256428085714,2.883997957747746e-38,HOTSPOT 99%
R-1000-27-31,SAN LUIS,1,6.327719208832058,2.488113677707801e-10,HOTSPOT 99%
R-1000-27-32,SAN LUIS,2,2.853335128395966,0.004326297058927799,HOTSPOT 99%
R-1000-27-33,SAN LUIS,0,0.358441493867193,0.720012944050848,NO SIGNIFICATIVO
R-1000-27-35,QUIMIAG,0,-0.24951235461382879,0.8029644854536444,NO SIGNIFICATIVO
R-1000-27-36,QUIMIAG,0,-0.30954461237820824,0.7569072815396735,NO SIGNIFICATIVO
R-1000-27-37,QUIMIAG,0,-0.4724220434988379,0.6366255732555879,NO SIGNIFICATIVO
R-1000-27-38,QUIMIAG,0,-0.4724220434988379,0.6366255732555879,NO SIGNIFICATIVO
R-1000-27-39,QUIMIAG,0,-0.4724220434988379,0.6366255732555879,NO SIGNIFICATIVO
R-1000-27-40,QUIMIAG,0,-0.4724220434988379,0.6366255732555879,NO SIGNIFICATIVO
R-1000-27-41,QUIMIAG,0,-0.4724220434988379,0.6366255732555879,NO SIGNIFICATIVO
R-1000-27-42,QUIMIAG,0,-0.4724220434988379,0.6366255732555879,NO SIGNIFICATIVO
R-1000-27-43,QUIMIAG,0,-0.4521078819036846,0.6511912657993062,NO SIGNIFICATIVO
R-1000-27-44,QUIMIAG,0,-0.43087581085886323,0.6665586725792005,NO SIGNIFICATIVO
R-1000-27-45,QUIMIAG,0,-0.43087581085886323,0.6665586725792005,NO SIGNIFICATIVO
R-1000-27-46,QUIMIAG,0,-0.4521078819036846,0.6511912657993062,NO SIGNIFICATIVO
R-1000-27-47,QUIMIAG,0,-0.49193211426848854,0.6227673348161573,NO SIGNIFICATIVO
R-1000-27-48,QUIMIAG,0,-0.49193211426848854,0.6227673348161573,NO SIGNIFICATIVO
R-1000-27-49,QUIMIAG,0,-0.49193211426848854,0.6227673348161573,NO SIGNIFICATIVO
R-1000-27-50,QUIMIAG,0,-0.4724220434988379,0.6366255732555879,NO SIGNIFICATIVO
R-1000-27-51,QUIMIAG,0,-0.43087581085886323,0.6665586725792005,NO SIGNIFICATIVO
R-1000-28-18,CACHA,0,-0.33316162531352655,0.7390122835253097,NO SIGNIFICATIVO
R-1000-28-19,CACHA,0,-0.43087581085886323,0.6665586725792005,NO SIGNIFICATIVO
R-1000-28-20,CACHA,0,-0.49193211426848854,0.6227673348161573,NO SIGNIFICATIVO
R-1000-28-21,CACHA,0,-0.27881801042159643,0.7803844920349331,NO SIGNIFICATIVO
R-1000-28-22,CACHA,0,0.010837502370373236,0.9913530934466425,NO SIGNIFICATIVO
R-1000-28-23,CACHA,0,0.10276677990521285,0.9181480714264362,NO SIGNIFICATIVO
R-1000-28-24,CACHA,2,-0.07036551933646103,0.9439027347809673,NO SIGNIFICATIVO
R-1000-28-27,SAN LUIS,0,6.44676094429867,1.1426580224976007e-10,HOTSPOT 99%
R-1000-28-28,SAN LUIS,1,11.096779480270358,1.3004581103751243e-28,HOTSPOT 99%
R-1000-28-29,SAN LUIS,31,12.973308262043993,1.7338229233512649e-38,HOTSPOT 99%
R-1000-28-30,SAN LUIS,27,10.280859478961029,8.595761155754543e-25,HOTSPOT 99%
R-1000-28-31,SAN LUIS,6,10.613435196150508,2.5808234602179896e-26,HOTSPOT 99%
R-1000-28-32,SAN LUIS,3,4.1836379971538875,2.868808110405171e-05,HOTSPOT 99%
R-1000-28-33,SAN LUIS,0,1.0524646169870036,0.2925864359755667,NO SIGNIFICATIVO
R-1000-28-35,QUIMIAG,1,-0.30954461237820824,0.7569072815396735,NO SIGNIFICATIVO
R-1000-28-36,QUIMIAG,0,-0.36156347110234444,0.7176782661666969,NO SIGNIFICATIVO
R-1000-28-37,QUIMIAG,0,-0.3853750623450425,0.699959555863662,NO SIGNIFICATIVO
R-1000-28-38,QUIMIAG,0,-0.49193211426848854,0.6227673348161573,NO SIGNIFICATIVO
R-1000-28-39,QUIMIAG,0,-0.49193211426848854,0.6227673348161573,NO SIGNIFICATIVO
R-1000-28-40,QUIMIAG,0,-0.49193211426848854,0.6227673348161573,NO SIGNIFICATIVO
R-1000-28-41,QUIMIAG,0,-0.49193211426848854,0.6227673348161573,NO SIGNIFICATIVO
R-1000-28-42,QUIMIAG,0,-0.49193211426848854,0.6227673348161573,NO SIGNIFICATIVO
R-1000-28-43,QUIMIAG,0,-0.49193211426848854,0.6227673348161573,NO SIGNIFICATIVO
R-1000-28-44,QUIMIAG,0,-0.4724220434988379,0.6366255732555879,NO SIGNIFICATIVO
R-1000-28-45,QUIMIAG,0,-0.4724220434988379,0.6366255732555879,NO SIGNIFICATIVO
R-1000-28-46,QUIMIAG,0,-0.49193211426848854,0.6227673348161573,NO SIGNIFICATIVO
R-1000-28-47,QUIMIAG,0,-0.49193211426848854,0.6227673348161573,NO SIGNIFICATIVO
R-1000-28-48,QUIMIAG,0,-0.49193211426848854,0.6227673348161573,NO SIGNIFICATIVO
R-1000-28-49,QUIMIAG,0,-0.49193211426848854,0.6227673348161573,NO SIGNIFICATIVO
R-1000-28-50,QUIMIAG,0,-0.49193211426848854,0.6227673348161573,NO SIGNIFICATIVO
R-1000-28-51,QUIMIAG,0,-0.4521078819036846,0.6511912657993062,NO SIGNIFICATIVO
R-1000-28-52,QUIMIAG,0,-0.3850440174846801,0.7002048037167994,NO SIGNIFICATIVO
R-1000-29-19,CACHA,0,-0.4085826480187474,0.6828459667841329,NO SIGNIFICATIVO
R-1000-29-20,CACHA,0,-0.4724220434988379,0.6366255732555879,NO SIGNIFICATIVO
R-1000-29-21,CACHA,0,-0.4521078819036846,0.6511912657993062,NO SIGNIFICATIVO
R-1000-29-22,CACHA,0,-0.15290793405676728,0.8784708790193593,NO SIGNIFICATIVO
R-1000-29-29,SAN LUIS,10,12.239762245307675,1.9059010536865652e-34,HOTSPOT 99%
R-1000-29-30,SAN LUIS,10,11.406210652279384,3.8932286522294995e-30,HOTSPOT 99%
R-1000-29-31,SAN LUIS,2,6.492072882207183,8.466328003703871e-11,HOTSPOT 99%
R-1000-29-32,SAN LUIS,1,2.188183694017005,0.028656224377823558,HOTSPOT 95%
R-1000-29-33,SAN LUIS,0,0.5253051080696033,0.5993711070095324,NO SIGNIFICATIVO
R-1000-29-34,QUIMIAG,0,-0.2206351897666557,0.8253764987342678,NO SIGNIFICATIVO
R-1000-29-35,QUIMIAG,0,-0.36156347110234444,0.7176782661666969,NO SIGNIFICATIVO
R-1000-29-36,QUIMIAG,0,-0.3853750623450425,0.699959555863662,NO SIGNIFICATIVO
R-1000-29-37,QUIMIAG,0,0.04085314534874169,0.967412970831894,NO SIGNIFICATIVO
R-1000-29-38,QUIMIAG,0,-0.49193211426848854,0.6227673348161573,NO SIGNIFICATIVO
R-1000-29-39,QUIMIAG,0,-0.49193211426848854,0.6227673348161573,NO SIGNIFICATIVO
R-1000-29-40,QUIMIAG,0,-0.49193211426848854,0.6227673348161573,NO SIGNIFICATIVO
R-1000-29-41,QUIMIAG,0,-0.49193211426848854,0.6227673348161573,NO SIGNIFICATIVO
R-1000-29-42,QUIMIAG,0,-0.49193211426848854,0.6227673348161573,NO SIGNIFICATIVO
R-1000-29-43,QUIMIAG,0,-0.49193211426848854,0.6227673348161573,NO SIGNIFICATIVO
R-1000-29-44,QUIMIAG,0,-0.49193211426848854,0.6227673348161573,NO SIGNIFICATIVO
R-1000-29-45,QUIMIAG,0,-0.49193211426848854,0.6227673348161573,NO SIGNIFICATIVO
R-1000-29-46,QUIMIAG,0,-0.49193211426848854,0.6227673348161573,NO SIGNIFICATIVO
R-1000-29-47,QUIMIAG,0,-0.49193211426848854,0.6227673348161573,NO SIGNIFICATIVO
R-1000-29-48,QUIMIAG,0,-0.49193211426848854,0.6227673348161573,NO SIGNIFICATIVO
R-1000-29-49,QUIMIAG,0,-0.49193211426848854,0.6227673348161573,NO SIGNIFICATIVO
R-1000-29-50,QUIMIAG,0,-0.4724220434988379,0.6366255732555879,NO SIGNIFICATIVO
R-1000-29-51,QUIMIAG,0,-0.4724220434988379,0.6366255732555879,NO SIGNIFICATIVO
R-1000-29-52,QUIMIAG,0,-0.4085826480187474,0.6828459667841329,NO SIGNIFICATIVO
R-1000-29-53,QUIMIAG,0,-0.33316162531352655,0.7390122835253097,NO SIGNIFICATIVO
R-1000-30-5,SAN JUAN,0,-0.30399860192525985,0.7611289562869286,NO SIGNIFICATIVO
R-1000-30-6,SAN JUAN,0,-0.33316162531352655,0.7390122835253097,NO SIGNIFICATIVO
R-1000-30-19,CACHA,0,-0.3850440174846801,0.7002048037167994,NO SIGNIFICATIVO
R-1000-30-20,LICAN,0,-0.30954461237820824,0.7569072815396735,NO SIGNIFICATIVO
R-1000-30-21,CACHA,0,-0.4521078819036846,0.6511912657993062,NO SIGNIFICATIVO
R-1000-30-32,CUBIJIES,0,0.5895192327129456,0.5555130142931763,NO SIGNIFICATIVO
R-1000-30-33,CUBIJIES,0,-0.028987753912864025,0.976874357453142,NO SIGNIFICATIVO
R-1000-30-34,CUBIJIES,0,0.30358796327661636,0.761441822945586,NO SIGNIFICATIVO
R-1000-30-35,QUIMIAG,0,-0.3853750623450425,0.699959555863662,NO SIGNIFICATIVO
R-1000-30-36,QUIMIAG,0,0.04085314534874169,0.967412970831894,NO SIGNIFICATIVO
R-1000-30-37,QUIMIAG,0,0.2539672491956338,0.7995208600712755,NO SIGNIFICATIVO
R-1000-30-38,QUIMIAG,0,0.04085314534874169,0.967412970831894,NO SIGNIFICATIVO
R-1000-30-39,QUIMIAG,0,-0.49193211426848854,0.6227673348161573,NO SIGNIFICATIVO
R-1000-30-40,QUIMIAG,0,-0.49193211426848854,0.6227673348161573,NO SIGNIFICATIVO
R-1000-30-41,QUIMIAG,0,-0.49193211426848854,0.6227673348161573,NO SIGNIFICATIVO
R-1000-30-42,QUIMIAG,0,-0.49193211426848854,0.6227673348161573,NO SIGNIFICATIVO
R-1000-30-43,QUIMIAG,0,-0.49193211426848854,0.6227673348161573,NO SIGNIFICATIVO
R-1000-30-44,QUIMIAG,0,-0.49193211426848854,0.6227673348161573,NO SIGNIFICATIVO
R-1000-30-45,QUIMIAG,0,-0.49193211426848854,0.6227673348161573,NO SIGNIFICATIVO
R-1000-30-46,QUIMIAG,0,-0.49193211426848854,0.6227673348161573,NO SIGNIFICATIVO
R-1000-30-47,QUIMIAG,0,-0.49193211426848854,0.6227673348161573,NO SIGNIFICATIVO
R-1000-30-48,QUIMIAG,0,-0.49193211426848854,0.6227673348161573,NO SIGNIFICATIVO
R-1000-30-49,QUIMIAG,0,-0.4521078819036846,0.6511912657993062,NO SIGNIFICATIVO
R-1000-30-50,QUIMIAG,0,-0.43087581085886323,0.6665586725792005,NO SIGNIFICATIVO
R-1000-30-51,QUIMIAG,0,-0.4085826480187474,0.6828459667841329,NO SIGNIFICATIVO
R-1000-30-52,QUIMIAG,0,-0.3850440174846801,0.7002048037167994,NO SIGNIFICATIVO
R-1000-30-53,QUIMIAG,0,-0.30399860192525985,0.7611289562869286,NO SIGNIFICATIVO
R-1000-31-5,SAN JUAN,0,-0.3850440174846801,0.7002048037167994,NO SIGNIFICATIVO
R-1000-31-6,SAN JUAN,0,-0.4085826480187474,0.6828459667841329,NO SIGNIFICATIVO
R-1000-31-7,SAN JUAN,0,-0.3850440174846801,0.7002048037167994,NO SIGNIFICATIVO
R-1000-31-10,SAN JUAN,0,-0.30399860192525985,0.7611289562869286,NO SIGNIFICATIVO
R-1000-31-12,CALPI,0,-0.24951235461382879,0.8029644854536444,NO SIGNIFICATIVO
R-1000-31-13,CALPI,0,-0.24951235461382879,0.8029644854536444,NO SIGNIFICATIVO
R-1000-31-14,CALPI,0,-0.28074529103775736,0.7789057679357336,NO SIGNIFICATIVO
R-1000-31-15,CALPI,0,0.021550971127873856,0.9828061438086415,NO SIGNIFICATIVO
R-1000-31-16,CALPI,0,0.0744595131887641,0.9406447554958587,NO SIGNIFICATIVO
R-1000-31-20,LICAN,0,-0.33637153583517015,0.7365907113310017,NO SIGNIFICATIVO
R-1000-31-21,LICAN,0,0.936728270918489,0.34889835011248926,NO SIGNIFICATIVO
R-1000-31-22,LICAN,0,7.880909035029357,3.2500785668175395e-15,HOTSPOT 99%
R-1000-31-23,LICAN,0,3.6822127753729346,0.0002312183032344958,HOTSPOT 99%
R-1000-31-24,LICAN,0,0.917713863425817,0.3587686877516603,NO SIGNIFICATIVO
R-1000-31-25,LICAN,0,0.6848687975058939,0.4934267172390322,NO SIGNIFICATIVO
R-1000-31-31,CUBIJIES,0,0.36410957823921436,0.7157761846517332,NO SIGNIFICATIVO
R-1000-31-32,CUBIJIES,0,0.010837502370373236,0.9913530934466425,NO SIGNIFICATIVO
R-1000-31-33,CUBIJIES,3,0.5736384049659718,0.5662125175052617,NO SIGNIFICATIVO
R-1000-31-34,CUBIJIES,0,0.2539672491956338,0.7995208600712755,NO SIGNIFICATIVO
R-1000-31-35,QUIMIAG,0,1.6392089242004322,0.10116975588709062,NO SIGNIFICATIVO
R-1000-31-36,QUIMIAG,0,0.2539672491956338,0.7995208600712755,NO SIGNIFICATIVO
R-1000-31-37,QUIMIAG,5,0.3605243011190798,0.7184550870845516,NO SIGNIFICATIVO
R-1000-31-38,QUIMIAG,0,0.2539672491956338,0.7995208600712755,NO SIGNIFICATIVO
R-1000-31-39,QUIMIAG,0,0.14741019727218774,0.8828082571912689,NO SIGNIFICATIVO
R-1000-31-40,QUIMIAG,0,-0.49193211426848854,0.6227673348161573,NO SIGNIFICATIVO
R-1000-31-41,QUIMIAG,0,-0.49193211426848854,0.6227673348161573,NO SIGNIFICATIVO
R-1000-31-42,QUIMIAG,0,-0.49193211426848854,0.6227673348161573,NO SIGNIFICATIVO
R-1000-31-43,QUIMIAG,0,-0.49193211426848854,0.6227673348161573,NO SIGNIFICATIVO
R-1000-31-44,QUIMIAG,0,-0.49193211426848854,0.6227673348161573,NO SIGNIFICATIVO
R-1000-31-45,QUIMIAG,0,-0.4724220434988379,0.6366255732555879,NO SIGNIFICATIVO
R-1000-31-46,QUIMIAG,0,-0.4724220434988379,0.6366255732555879,NO SIGNIFICATIVO
R-1000-31-47,QUIMIAG,0,-0.4724220434988379,0.6366255732555879,NO SIGNIFICATIVO
R-1000-31-48,QUIMIAG,0,-0.43087581085886323,0.6665586725792005,NO SIGNIFICATIVO
R-1000-31-49,QUIMIAG,0,-0.3850440174846801,0.7002048037167994,NO SIGNIFICATIVO
R-1000-32-5,SAN JUAN,0,-0.4085826480187474,0.6828459667841329,NO SIGNIFICATIVO
R-1000-32-6,SAN JUAN,0,-0.4724220434988379,0.6366255732555879,NO SIGNIFICATIVO
R-1000-32-7,SAN JUAN,0,-0.43087581085886323,0.6665586725792005,NO SIGNIFICATIVO
R-1000-32-8,SAN JUAN,0,-0.4085826480187474,0.6828459667841329,NO SIGNIFICATIVO
R-1000-32-10,SAN JUAN,0,-0.4085826480187474,0.6828459667841329,NO SIGNIFICATIVO
R-1000-32-11,SAN JUAN,0,-0.30954461237820824,0.7569072815396735,NO SIGNIFICATIVO
R-1000-32-12,CALPI,0,-0.33637153583517015,0.7365907113310017,NO SIGNIFICATIVO
R-1000-32-13,CALPI,1,-0.36156347110234444,0.7176782661666969,NO SIGNIFICATIVO
R-1000-32-14,CALPI,0,-0.028987753912864025,0.976874357453142,NO SIGNIFICATIVO
R-1000-32-15,CALPI,0,0.08187081848362944,0.9347494399924363,NO SIGNIFICATIVO
R-1000-32-16,CALPI,3,0.7052555787814601,0.48065119918361704,NO SIGNIFICATIVO
R-1000-32-17,CALPI,0,3.209060143560787,0.0013316963253050093,HOTSPOT 99%
R-1000-32-18,CALPI,0,6.238959914992736,4.4048984246451206e-10,HOTSPOT 99%
R-1000-32-19,CALPI,0,3.83013692263135,0.00012807197527278213,HOTSPOT 99%
R-1000-32-20,LICAN,1,2.631617983602979,0.008497935540816261,HOTSPOT 99%
R-1000-32-21,LICAN,0,7.393289728066519,1.4323989148662457e-13,HOTSPOT 99%
R-1000-32-22,LICAN,10,9.837425189375054,7.767323172155037e-23,HOTSPOT 99%
R-1000-32-23,LICAN,3,10.610263250880742,2.6699574670794535e-26,HOTSPOT 99%
R-1000-32-24,LICAN,5,4.274385456420293,1.9166520704838943e-05,HOTSPOT 99%
R-1000-32-31,CUBIJIES,0,-0.33316162531352655,0.7390122835253097,NO SIGNIFICATIVO
R-1000-32-32,CUBIJIES,0,0.7824361739476868,0.4339582816461218,NO SIGNIFICATIVO
R-1000-32-33,CUBIJIES,0,0.5736384049659718,0.5662125175052617,NO SIGNIFICATIVO
R-1000-32-34,CUBIJIES,4,1.4260948203535402,0.1538409737096352,NO SIGNIFICATIVO
R-1000-32-35,CUBIJIES,0,1.3195377684300942,0.18698939221380076,NO SIGNIFICATIVO
R-1000-32-36,QUIMIAG,0,1.6392089242004322,0.10116975588709062,NO SIGNIFICATIVO
R-1000-32-37,QUIMIAG,2,0.46708135304252585,0.6404416746942283,NO SIGNIFICATIVO
R-1000-32-38,QUIMIAG,0,0.46708135304252585,0.6404416746942283,NO SIGNIFICATIVO
R-1000-32-39,QUIMIAG,0,-0.1722609584981504,0.8632323760937024,NO SIGNIFICATIVO
R-1000-32-40,QUIMIAG,0,-0.3853750623450425,0.699959555863662,NO SIGNIFICATIVO
R-1000-32-41,QUIMIAG,0,-0.49193211426848854,0.6227673348161573,NO SIGNIFICATIVO
R-1000-32-42,QUIMIAG,0,-0.49193211426848854,0.6227673348161573,NO SIGNIFICATIVO
R-1000-32-43,QUIMIAG,0,-0.49193211426848854,0.6227673348161573,NO SIGNIFICATIVO
R-1000-32-44,QUIMIAG,0,-0.4521078819036846,0.6511912657993062,NO SIGNIFICATIVO
R-1000-32-45,QUIMIAG,0,-0.43087581085886323,0.6665586725792005,NO SIGNIFICATIVO
R-1000-32-46,QUIMIAG,0,-0.4085826480187474,0.6828459667841329,NO SIGNIFICATIVO
R-1000-32-47,QUIMIAG,0,-0.3850440174846801,0.7002048037167994,NO SIGNIFICATIVO
R-1000-32-48,QUIMIAG,0,-0.3600155843869113,0.7188354792616218,NO SIGNIFICATIVO
R-1000-33-5,SAN JUAN,0,-0.4085826480187474,0.6828459667841329,NO SIGNIFICATIVO
R-1000-33-6,SAN JUAN,0,-0.4724220434988379,0.6366255732555879,NO SIGNIFICATIVO
R-1000-33-7,SAN JUAN,0,-0.49193211426848854,0.6227673348161573,NO SIGNIFICATIVO
R-1000-33-8,SAN JUAN,0,-0.4521078819036846,0.6511912657993062,NO SIGNIFICATIVO
R-1000-33-9,SAN JUAN,0,-0.4521078819036846,0.6511912657993062,NO SIGNIFICATIVO
R-1000-33-10,SAN JUAN,0,-0.4724220434988379,0.6366255732555879,NO SIGNIFICATIVO
R-1000-33-11,SAN JUAN,0,-0.4724220434988379,0.6366255732555879,NO SIGNIFICATIVO
R-1000-33-12,SAN JUAN,0,-0.3853750623450425,0.699959555863662,NO SIGNIFICATIVO
R-1000-33-13,CALPI,0,1.212980716506648,0.22513719322268158,NO SIGNIFICATIVO
R-1000-33-14,CALPI,0,-0.1722609584981504,0.8632323760937024,NO SIGNIFICATIVO
R-1000-33-15,CALPI,0,0.680195456889418,0.4963807086022072,NO SIGNIFICATIVO
R-1000-33-16,CALPI,0,2.8113364953583386,0.0049336158913013215,HOTSPOT 99%
R-1000-33-17,CALPI,7,5.181365148722328,2.2026780672668638e-07,HOTSPOT 99%
R-1000-33-18,CALPI,20,4.848789431532849,1.2421719087353952e-06,HOTSPOT 99%
R-1000-33-19,CALPI,16,5.070506576325835,3.967582049986716e-07,HOTSPOT 99%
R-1000-33-20,CALPI,0,10.696558337693347,1.0562892869773571e-26,HOTSPOT 99%
R-1000-33-21,LICAN,1,10.270330129999563,9.587600623337992e-25,HOTSPOT 99%
R-1000-33-22,LICAN,59,9.172273754996093,4.6314508825228014e-20,HOTSPOT 99%
R-1000-33-23,LICAN,14,10.731594449361397,7.233710743806023e-27,HOTSPOT 99%
R-1000-33-32,CUBIJIES,0,0.021550971127873856,0.9828061438086415,NO SIGNIFICATIVO
R-1000-33-33,CUBIJIES,3,1.7530857617929267,0.07958728714771543,HOTSPOT 90%
R-1000-33-34,CUBIJIES,0,1.4260948203535402,0.1538409737096352,NO SIGNIFICATIVO
R-1000-33-35,CUBIJIES,8,1.633890832034538,0.10228177512605824,NO SIGNIFICATIVO
R-1000-33-36,QUIMIAG,0,1.190456542448564,0.23386700088768428,NO SIGNIFICATIVO
R-1000-33-37,QUIMIAG,1,1.5230322596380446,0.12775063475699347,NO SIGNIFICATIVO
R-1000-33-38,QUIMIAG,0,0.04085314534874169,0.967412970831894,NO SIGNIFICATIVO
R-1000-33-39,QUIMIAG,1,-0.27881801042159643,0.7803844920349331,NO SIGNIFICATIVO
R-1000-33-40,QUIMIAG,0,-0.3853750623450425,0.699959555863662,NO SIGNIFICATIVO
R-1000-33-41,QUIMIAG,0,-0.3853750623450425,0.699959555863662,NO SIGNIFICATIVO
R-1000-33-42,QUIMIAG,0,-0.49193211426848854,0.6227673348161573,NO SIGNIFICATIVO
R-1000-33-43,QUIMIAG,0,-0.4521078819036846,0.6511912657993062,NO SIGNIFICATIVO
R-1000-33-44,QUIMIAG,0,-0.3850440174846801,0.7002048037167994,NO SIGNIFICATIVO
R-1000-34-5,SAN JUAN,0,-0.43087581085886323,0.6665586725792005,NO SIGNIFICATIVO
R-1000-34-6,SAN JUAN,0,-0.4724220434988379,0.6366255732555879,NO SIGNIFICATIVO
R-1000-34-7,SAN JUAN,0,-0.49193211426848854,0.6227673348161573,NO SIGNIFICATIVO
R-1000-34-8,SAN JUAN,0,-0.49193211426848854,0.6227673348161573,NO SIGNIFICATIVO
R-1000-34-9,SAN JUAN,0,-0.4724220434988379,0.6366255732555879,NO SIGNIFICATIVO
R-1000-34-10,SAN JUAN,0,-0.49193211426848854,0.6227673348161573,NO SIGNIFICATIVO
R-1000-34-11,SAN JUAN,0,-0.3853750623450425,0.699959555863662,NO SIGNIFICATIVO
R-1000-34-12,SAN JUAN,0,1.3195377684300942,0.18698939221380076,NO SIGNIFICATIVO
R-1000-34-13,SAN JUAN,0,1.4260948203535402,0.1538409737096352,NO SIGNIFICATIVO
R-1000-34-14,SAN JUAN,0,1.3195377684300942,0.18698939221380076,NO SIGNIFICATIVO
R-1000-34-15,SAN JUAN,1,-0.27881801042159643,0.7803844920349331,NO SIGNIFICATIVO
R-1000-34-16,CALPI,0,1.212980716506648,0.22513719322268158,NO SIGNIFICATIVO
R-1000-34-17,CALPI,0,3.0244505992052306,0.0024908514694915876,HOTSPOT 99%
R-1000-34-18,CALPI,5,4.6228063780569215,3.7858306068173505e-06,HOTSPOT 99%
R-1000-34-19,CALPI,0,4.729363429980367,2.2522489809140693e-06,HOTSPOT 99%
R-1000-34-20,LICAN,0,2.8113364953583386,0.0049336158913013215,HOTSPOT 99%
R-1000-34-21,LICAN,0,6.753947416525842,1.4387591266879773e-11,HOTSPOT 99%
R-1000-34-22,LICAN,0,8.839698037806613,9.597764519557027e-19,HOTSPOT 99%
R-1000-34-23,LICAN,0,9.307056482536497,1.314240031905317e-20,HOTSPOT 99%
R-1000-34-33,CUBIJIES,0,0.4281459597404278,0.6685448574855061,NO SIGNIFICATIVO
R-1000-34-34,CUBIJIES,0,1.892489777639074,0.058425754371947976,HOTSPOT 90%
R-1000-34-35,CUBIJIES,3,1.0250985709089968,0.30531667978410726,NO SIGNIFICATIVO
R-1000-34-36,QUIMIAG,0,1.2533029927341235,0.21009545971485225,NO SIGNIFICATIVO
R-1000-34-37,QUIMIAG,1,0.4184425785057218,0.6756235612984818,NO SIGNIFICATIVO
R-1000-34-38,QUIMIAG,0,-0.13984632630935748,0.8887814098118502,NO SIGNIFICATIVO
R-1000-34-39,QUIMIAG,0,-0.27881801042159643,0.7803844920349331,NO SIGNIFICATIVO
R-1000-34-40,QUIMIAG,0,-0.3853750623450425,0.699959555863662,NO SIGNIFICATIVO
R-1000-34-41,QUIMIAG,0,-0.49193211426848854,0.6227673348161573,NO SIGNIFICATIVO
R-1000-34-42,QUIMIAG,0,-0.4724220434988379,0.6366255732555879,NO SIGNIFICATIVO
R-1000-34-43,QUIMIAG,0,-0.43087581085886323,0.6665586725792005,NO SIGNIFICATIVO
R-1000-35-1,SAN JUAN,0,-0.33316162531352655,0.7390122835253097,NO SIGNIFICATIVO
R-1000-35-2,SAN JUAN,0,-0.3850440174846801,0.7002048037167994,NO SIGNIFICATIVO
R-1000-35-3,SAN JUAN,0,-0.4085826480187474,0.6828459667841329,NO SIGNIFICATIVO
R-1000-35-4,SAN JUAN,0,-0.43087581085886323,0.6665586725792005,NO SIGNIFICATIVO
R-1000-35-5,SAN JUAN,0,-0.4724220434988379,0.6366255732555879,NO SIGNIFICATIVO
R-1000-35-6,SAN JUAN,0,-0.49193211426848854,0.6227673348161573,NO SIGNIFICATIVO
R-1000-35-7,SAN JUAN,0,-0.49193211426848854,0.6227673348161573,NO SIGNIFICATIVO
R-1000-35-8,SAN JUAN,0,-0.49193211426848854,0.6227673348161573,NO SIGNIFICATIVO
R-1000-35-9,SAN JUAN,0,-0.49193211426848854,0.6227673348161573,NO SIGNIFICATIVO
R-1000-35-10,SAN JUAN,0,-0.3853750623450425,0.699959555863662,NO SIGNIFICATIVO
R-1000-35-11,SAN JUAN,0,1.4260948203535402,0.1538409737096352,NO SIGNIFICATIVO
R-1000-35-12,SAN JUAN,0,1.5326518722769862,0.1253616533145837,NO SIGNIFICATIVO
R-1000-35-13,SAN JUAN,15,1.4260948203535402,0.1538409737096352,NO SIGNIFICATIVO
R-1000-35-14,SAN JUAN,1,1.3195377684300942,0.18698939221380076,NO SIGNIFICATIVO
R-1000-35-15,SAN JUAN,0,1.3195377684300942,0.18698939221380076,NO SIGNIFICATIVO
R-1000-35-16,CALPI,0,-0.27881801042159643,0.7803844920349331,NO SIGNIFICATIVO
R-1000-35-17,CALPI,0,0.786752508812864,0.43142675929903973,NO SIGNIFICATIVO
R-1000-35-18,CALPI,0,3.0244505992052306,0.0024908514694915876,HOTSPOT 99%
R-1000-35-19,LICAN,0,2.5982223915114466,0.009370778190714862,HOTSPOT 99%
R-1000-35-20,LICAN,8,0.3605243011190798,0.7184550870845516,NO SIGNIFICATIVO
R-1000-35-21,LICAN,0,0.46708135304252585,0.6404416746942283,NO SIGNIFICATIVO
R-1000-35-22,LICAN,0,7.302227304686784,2.8304256260421313e-13,HOTSPOT 99%
R-1000-35-23,LICAN,0,1.5123992627072382,0.13043232237858174,NO SIGNIFICATIVO
R-1000-35-34,CUBIJIES,0,0.2096229165514478,0.8339619921871164,NO SIGNIFICATIVO
R-1000-35-38,QUIMIAG,0,-0.30954461237820824,0.7569072815396735,NO SIGNIFICATIVO
R-1000-35-39,QUIMIAG,0,-0.36156347110234444,0.7176782661666969,NO SIGNIFICATIVO
R-1000-35-40,QUIMIAG,0,-0.49193211426848854,0.6227673348161573,NO SIGNIFICATIVO
R-1000-35-41,QUIMIAG,0,-0.49193211426848854,0.6227673348161573,NO SIGNIFICATIVO
R-1000-35-42,QUIMIAG,0,-0.4724220434988379,0.6366255732555879,NO SIGNIFICATIVO
R-1000-35-43,QUIMIAG,0,-0.4085826480187474,0.6828459667841329,NO SIGNIFICATIVO
R-1000-36-1,SAN JUAN,0,-0.4085826480187474,0.6828459667841329,NO SIGNIFICATIVO
R-1000-36-2,SAN JUAN,0,-0.4521078819036846,0.6511912657993062,NO SIGNIFICATIVO
R-1000-36-3,SAN JUAN,0,-0.4724220434988379,0.6366255732555879,NO SIGNIFICATIVO
R-1000-36-4,SAN JUAN,0,-0.4724220434988379,0.6366255732555879,NO SIGNIFICATIVO
R-1000-36-5,SAN JUAN,0,-0.49193211426848854,0.6227673348161573,NO SIGNIFICATIVO
R-1000-36-6,SAN JUAN,0,-0.49193211426848854,0.6227673348161573,NO SIGNIFICATIVO
R-1000-36-7,SAN JUAN,0,-0.49193211426848854,0.6227673348161573,NO SIGNIFICATIVO
R-1000-36-8,SAN JUAN,0,-0.49193211426848854,0.6227673348161573,NO SIGNIFICATIVO
R-1000-36-9,SAN JUAN,0,-0.3853750623450425,0.699959555863662,NO SIGNIFICATIVO
R-1000-36-10,SAN JUAN,0,-0.1722609584981504,0.8632323760937024,NO SIGNIFICATIVO
R-1000-36-11,SAN JUAN,1,-0.1722609584981504,0.8632323760937024,NO SIGNIFICATIVO
R-1000-36-12,SAN JUAN,2,1.4260948203535402,0.1538409737096352,NO SIGNIFICATIVO
R-1000-36-13,SAN JUAN,0,1.5326518722769862,0.1253616533145837,NO SIGNIFICATIVO
R-1000-36-14,SAN JUAN,0,1.4260948203535402,0.1538409737096352,NO SIGNIFICATIVO
R-1000-36-15,CALPI,0,-0.27881801042159643,0.7803844920349331,NO SIGNIFICATIVO
R-1000-36-16,CALPI,0,-0.49193211426848854,0.6227673348161573,NO SIGNIFICATIVO
R-1000-36-17,CALPI,0,-0.49193211426848854,0.6227673348161573,NO SIGNIFICATIVO
R-1000-36-18,CALPI,0,0.04085314534874169,0.967412970831894,NO SIGNIFICATIVO
R-1000-36-19,LICAN,0,0.3605243011190798,0.7184550870845516,NO SIGNIFICATIVO
R-1000-36-20,LICAN,0,0.3605243011190798,0.7184550870845516,NO SIGNIFICATIVO
R-1000-36-21,LICAN,0,0.41444653567310985,0.6785471142546506,NO SIGNIFICATIVO
R-1000-36-22,LICAN,0,-0.4085826480187474,0.6828459667841329,NO SIGNIFICATIVO
R-1000-36-23,LICAN,0,-0.33316162531352655,0.7390122835253097,NO SIGNIFICATIVO
R-1000-36-38,QUIMIAG,0,-0.3850440174846801,0.7002048037167994,NO SIGNIFICATIVO
R-1000-36-39,QUIMIAG,0,-0.4724220434988379,0.6366255732555879,NO SIGNIFICATIVO
R-1000-36-40,QUIMIAG,0,-0.49193211426848854,0.6227673348161573,NO SIGNIFICATIVO
R-1000-36-41,QUIMIAG,0,-0.49193211426848854,0.6227673348161573,NO SIGNIFICATIVO
R-1000-36-42,QUIMIAG,0,-0.4724220434988379,0.6366255732555879,NO SIGNIFICATIVO
R-1000-36-43,QUIMIAG,0,-0.4085826480187474,0.6828459667841329,NO SIGNIFICATIVO
R-1000-37-0,SAN JUAN,0,-0.3600155843869113,0.7188354792616218,NO SIGNIFICATIVO
R-1000-37-1,SAN JUAN,0,-0.4521078819036846,0.6511912657993062,NO SIGNIFICATIVO
R-1000-37-2,SAN JUAN,0,-0.49193211426848854,0.6227673348161573,NO SIGNIFICATIVO
R-1000-37-3,SAN JUAN,0,-0.49193211426848854,0.6227673348161573,NO SIGNIFICATIVO
R-1000-37-4,SAN JUAN,0,-0.49193211426848854,0.6227673348161573,NO SIGNIFICATIVO
R-1000-37-5,SAN JUAN,0,-0.49193211426848854,0.6227673348161573,NO SIGNIFICATIVO
R-1000-37-6,SAN JUAN,0,-0.49193211426848854,0.6227673348161573,NO SIGNIFICATIVO
R-1000-37-7,SAN JUAN,0,-0.49193211426848854,0.6227673348161573,NO SIGNIFICATIVO
R-1000-37-8,SAN JUAN,0,-0.49193211426848854,0.6227673348161573,NO SIGNIFICATIVO
R-1000-37-9,SAN JUAN,0,-0.49193211426848854,0.6227673348161573,NO SIGNIFICATIVO
R-1000-37-10,SAN JUAN,0,-0.3853750623450425,0.699959555863662,NO SIGNIFICATIVO
R-1000-37-11,SAN JUAN,0,-0.1722609584981504,0.8632323760937024,NO SIGNIFICATIVO
R-1000-37-12,SAN JUAN,0,-0.1722609584981504,0.8632323760937024,NO SIGNIFICATIVO
R-1000-37-13,SAN JUAN,0,1.5326518722769862,0.1253616533145837,NO SIGNIFICATIVO
R-1000-37-14,SAN JUAN,0,-0.3853750623450425,0.699959555863662,NO SIGNIFICATIVO
R-1000-37-15,CALPI,0,-0.3853750623450425,0.699959555863662,NO SIGNIFICATIVO
R-1000-37-16,CALPI,0,-0.49193211426848854,0.6227673348161573,NO SIGNIFICATIVO
R-1000-37-17,CALPI,0,-0.49193211426848854,0.6227673348161573,NO SIGNIFICATIVO
R-1000-37-18,CALPI,0,-0.49193211426848854,0.6227673348161573,NO SIGNIFICATIVO
R-1000-37-19,CALPI,0,-0.49193211426848854,0.6227673348161573,NO SIGNIFICATIVO
R-1000-37-20,CALPI,0,0.41444653567310985,0.6785471142546506,NO SIGNIFICATIVO
R-1000-37-21,CALPI,0,-0.4085826480187474,0.6828459667841329,NO SIGNIFICATIVO
R-1000-37-38,QUIMIAG,0,-0.3600155843869113,0.7188354792616218,NO SIGNIFICATIVO
R-1000-37-39,QUIMIAG,0,-0.4521078819036846,0.6511912657993062,NO SIGNIFICATIVO
R-1000-37-40,QUIMIAG,0,-0.49193211426848854,0.6227673348161573,NO SIGNIFICATIVO
R-1000-37-41,QUIMIAG,0,-0.4724220434988379,0.6366255732555879,NO SIGNIFICATIVO
R-1000-37-42,QUIMIAG,0,-0.4521078819036846,0.6511912657993062,NO SIGNIFICATIVO
R-1000-37-43,QUIMIAG,0,-0.3850440174846801,0.7002048037167994,NO SIGNIFICATIVO
R-1000-38-0,SAN JUAN,0,-0.3600155843869113,0.7188354792616218,NO SIGNIFICATIVO
R-1000-38-1,SAN JUAN,0,-0.4724220434988379,0.6366255732555879,NO SIGNIFICATIVO
R-1000-38-2,SAN JUAN,0,-0.49193211426848854,0.6227673348161573,NO SIGNIFICATIVO
R-1000-38-3,SAN JUAN,0,-0.49193211426848854,0.6227673348161573,NO SIGNIFICATIVO
R-1000-38-4,SAN JUAN,0,-0.49193211426848854,0.6227673348161573,NO SIGNIFICATIVO
R-1000-38-5,SAN JUAN,0,-0.49193211426848854,0.6227673348161573,NO SIGNIFICATIVO
R-1000-38-6,SAN JUAN,0,-0.49193211426848854,0.6227673348161573,NO SIGNIFICATIVO
R-1000-38-7,SAN JUAN,0,-0.49193211426848854,0.6227673348161573,NO SIGNIFICATIVO
R-1000-38-8,SAN JUAN,0,-0.49193211426848854,0.6227673348161573,NO SIGNIFICATIVO
R-1000-38-9,SAN JUAN,0,-0.49193211426848854,0.6227673348161573,NO SIGNIFICATIVO
R-1000-38-10,SAN JUAN,0,-0.49193211426848854,0.6227673348161573,NO SIGNIFICATIVO
R-1000-38-11,SAN JUAN,0,-0.3853750623450425,0.699959555863662,NO SIGNIFICATIVO
R-1000-38-12,SAN JUAN,0,-0.06570390657470436,0.9476135621396853,NO SIGNIFICATIVO
R-1000-38-13,SAN JUAN,0,-0.27881801042159643,0.7803844920349331,NO SIGNIFICATIVO
R-1000-38-14,SAN JUAN,0,-0.1722609584981504,0.8632323760937024,NO SIGNIFICATIVO
R-1000-38-15,CALPI,0,-0.3853750623450425,0.699959555863662,NO SIGNIFICATIVO
R-1000-38-16,CALPI,0,-0.3853750623450425,0.699959555863662,NO SIGNIFICATIVO
R-1000-38-17,CALPI,0,-0.49193211426848854,0.6227673348161573,NO SIGNIFICATIVO
R-1000-38-18,CALPI,0,-0.49193211426848854,0.6227673348161573,NO SIGNIFICATIVO
R-1000-38-19,CALPI,0,-0.49193211426848854,0.6227673348161573,NO SIGNIFICATIVO
R-1000-38-20,CALPI,0,-0.43087581085886323,0.6665586725792005,NO SIGNIFICATIVO
R-1000-38-21,CALPI,0,-0.3600155843869113,0.7188354792616218,NO SIGNIFICATIVO
R-1000-38-39,QUIMIAG,0,-0.43087581085886323,0.6665586725792005,NO SIGNIFICATIVO
R-1000-38-40,QUIMIAG,0,-0.43087581085886323,0.6665586725792005,NO SIGNIFICATIVO
R-1000-38-41,QUIMIAG,0,-0.43087581085886323,0.6665586725792005,NO SIGNIFICATIVO
R-1000-38-42,QUIMIAG,0,-0.3850440174846801,0.7002048037167994,NO SIGNIFICATIVO
R-1000-38-43,QUIMIAG,0,-0.33316162531352655,0.7390122835253097,NO SIGNIFICATIVO
R-1000-39-0,SAN JUAN,0,-0.3600155843869113,0.7188354792616218,NO SIGNIFICATIVO
R-1000-39-1,SAN JUAN,0,-0.4521078819036846,0.6511912657993062,NO SIGNIFICATIVO
R-1000-39-2,SAN JUAN,0,-0.49193211426848854,0.6227673348161573,NO SIGNIFICATIVO
R-1000-39-3,SAN JUAN,0,-0.49193211426848854,0.6227673348161573,NO SIGNIFICATIVO
R-1000-39-4,SAN JUAN,0,-0.49193211426848854,0.6227673348161573,NO SIGNIFICATIVO
R-1000-39-5,SAN JUAN,0,-0.49193211426848854,0.6227673348161573,NO SIGNIFICATIVO
R-1000-39-6,SAN JUAN,0,-0.49193211426848854,0.6227673348161573,NO SIGNIFICATIVO
R-1000-39-7,SAN JUAN,0,-0.49193211426848854,0.6227673348161573,NO SIGNIFICATIVO
R-1000-39-8,SAN JUAN,0,-0.49193211426848854,0.6227673348161573,NO SIGNIFICATIVO
R-1000-39-9,SAN JUAN,0,-0.49193211426848854,0.6227673348161573,NO SIGNIFICATIVO
R-1000-39-10,SAN JUAN,0,-0.49193211426848854,0.6227673348161573,NO SIGNIFICATIVO
R-1000-39-11,SAN JUAN,0,-0.27881801042159643,0.7803844920349331,NO SIGNIFICATIVO
R-1000-39-12,SAN JUAN,0,-0.27881801042159643,0.7803844920349331,NO SIGNIFICATIVO
R-1000-39-13,SAN JUAN,2,-0.1722609584981504,0.8632323760937024,NO SIGNIFICATIVO
R-1000-39-14,SAN JUAN,0,-0.1722609584981504,0.8632323760937024,NO SIGNIFICATIVO
R-1000-39-15,CALPI,1,-0.1722609584981504,0.8632323760937024,NO SIGNIFICATIVO
R-1000-39-16,CALPI,0,-0.3853750623450425,0.699959555863662,NO SIGNIFICATIVO
R-1000-39-17,CALPI,0,-0.3853750623450425,0.699959555863662,NO SIGNIFICATIVO
R-1000-39-18,CALPI,0,-0.4724220434988379,0.6366255732555879,NO SIGNIFICATIVO
R-1000-39-19,CALPI,0,-0.43087581085886323,0.6665586725792005,NO SIGNIFICATIVO
R-1000-39-20,CALPI,0,-0.3850440174846801,0.7002048037167994,NO SIGNIFICATIVO
R-1000-39-39,QUIMIAG,0,-0.33316162531352655,0.7390122835253097,NO SIGNIFICATIVO
R-1000-39-40,QUIMIAG,0,-0.3600155843869113,0.7188354792616218,NO SIGNIFICATIVO
R-1000-40-1,SAN JUAN,0,-0.43087581085886323,0.6665586725792005,NO SIGNIFICATIVO
R-1000-40-2,SAN JUAN,0,-0.4724220434988379,0.6366255732555879,NO SIGNIFICATIVO
R-1000-40-3,SAN JUAN,0,-0.49193211426848854,0.6227673348161573,NO SIGNIFICATIVO
R-1000-40-4,SAN JUAN,0,-0.49193211426848854,0.6227673348161573,NO SIGNIFICATIVO
R-1000-40-5,SAN JUAN,0,-0.49193211426848854,0.6227673348161573,NO SIGNIFICATIVO
R-1000-40-6,SAN JUAN,0,-0.49193211426848854,0.6227673348161573,NO SIGNIFICATIVO
R-1000-40-7,SAN JUAN,0,-0.49193211426848854,0.6227673348161573,NO SIGNIFICATIVO
R-1000-40-8,SAN JUAN,0,-0.49193211426848854,0.6227673348161573,NO SIGNIFICATIVO
R-1000-40-9,SAN JUAN,0,-0.49193211426848854,0.6227673348161573,NO SIGNIFICATIVO
R-1000-40-10,SAN JUAN,0,-0.49193211426848854,0.6227673348161573,NO SIGNIFICATIVO
R-1000-40-11,SAN JUAN,0,-0.49193211426848854,0.6227673348161573,NO SIGNIFICATIVO
R-1000-40-12,SAN JUAN,0,-0.27881801042159643,0.7803844920349331,NO SIGNIFICATIVO
R-1000-40-13,SAN JUAN,0,-0.27881801042159643,0.7803844920349331,NO SIGNIFICATIVO
R-1000-40-14,CALPI,0,-0.1722609584981504,0.8632323760937024,NO SIGNIFICATIVO
R-1000-40-15,CALPI,0,-0.3853750623450425,0.699959555863662,NO SIGNIFICATIVO
R-1000-40-16,CALPI,0,-0.27881801042159643,0.7803844920349331,NO SIGNIFICATIVO
R-1000-40-17,CALPI,0,-0.4724220434988379,0.6366255732555879,NO SIGNIFICATIVO
R-1000-40-18,CALPI,0,-0.4085826480187474,0.6828459667841329,NO SIGNIFICATIVO
R-1000-40-19,CALPI,0,-0.3600155843869113,0.7188354792616218,NO SIGNIFICATIVO
R-1000-40-39,QUIMIAG,0,-0.2717840637683805,0.7857880594153812,NO SIGNIFICATIVO
R-1000-41-1,SAN JUAN,0,-0.3850440174846801,0.7002048037167994,NO SIGNIFICATIVO
R-1000-41-2,SAN JUAN,0,-0.4724220434988379,0.6366255732555879,NO SIGNIFICATIVO
R-1000-41-3,SAN JUAN,0,-0.49193211426848854,0.6227673348161573,NO SIGNIFICATIVO
R-1000-41-4,SAN JUAN,0,-0.49193211426848854,0.6227673348161573,NO SIGNIFICATIVO
R-1000-41-5,SAN JUAN,0,-0.49193211426848854,0.6227673348161573,NO SIGNIFICATIVO
R-1000-41-6,SAN JUAN,0,-0.49193211426848854,0.6227673348161573,NO SIGNIFICATIVO
R-1000-41-7,SAN JUAN,0,-0.49193211426848854,0.6227673348161573,NO SIGNIFICATIVO
R-1000-41-8,SAN JUAN,0,-0.49193211426848854,0.6227673348161573,NO SIGNIFICATIVO
R-1000-41-9,SAN JUAN,0,-0.49193211426848854,0.6227673348161573,NO SIGNIFICATIVO
R-1000-41-10,SAN JUAN,0,-0.49193211426848854,0.6227673348161573,NO SIGNIFICATIVO
R-1000-41-11,SAN JUAN,0,-0.49193211426848854,0.6227673348161573,NO SIGNIFICATIVO
R-1000-41-12,SAN JUAN,0,-0.49193211426848854,0.6227673348161573,NO SIGNIFICATIVO
R-1000-41-13,SAN JUAN,0,-0.27881801042159643,0.7803844920349331,NO SIGNIFICATIVO
R-1000-41-14,SAN JUAN,0,-0.49193211426848854,0.6227673348161573,NO SIGNIFICATIVO
R-1000-41-15,CALPI,0,-0.27881801042159643,0.7803844920349331,NO SIGNIFICATIVO
R-1000-41-16,CALPI,0,-0.33637153583517015,0.7365907113310017,NO SIGNIFICATIVO
R-1000-41-17,CALPI,0,-0.28074529103775736,0.7789057679357336,NO SIGNIFICATIVO
R-1000-42-1,SAN JUAN,0,-0.3600155843869113,0.7188354792616218,NO SIGNIFICATIVO
R-1000-42-2,SAN JUAN,0,-0.4521078819036846,0.6511912657993062,NO SIGNIFICATIVO
R-1000-42-3,SAN JUAN,0,-0.49193211426848854,0.6227673348161573,NO SIGNIFICATIVO
R-1000-42-4,SAN JUAN,0,-0.49193211426848854,0.6227673348161573,NO SIGNIFICATIVO
R-1000-42-5,SAN JUAN,0,-0.49193211426848854,0.6227673348161573,NO SIGNIFICATIVO
R-1000-42-6,SAN JUAN,0,-0.49193211426848854,0.6227673348161573,NO SIGNIFICATIVO
R-1000-42-7,SAN JUAN,0,-0.49193211426848854,0.6227673348161573,NO SIGNIFICATIVO
R-1000-42-8,SAN JUAN,0,-0.49193211426848854,0.6227673348161573,NO SIGNIFICATIVO
R-1000-42-9,SAN JUAN,0,-0.49193211426848854,0.6227673348161573,NO SIGNIFICATIVO
R-1000-42-10,SAN JUAN,0,-0.49193211426848854,0.6227673348161573,NO SIGNIFICATIVO
R-1000-42-11,SAN JUAN,0,-0.49193211426848854,0.6227673348161573,NO SIGNIFICATIVO
R-1000-42-12,SAN JUAN,0,-0.49193211426848854,0.6227673348161573,NO SIGNIFICATIVO
R-1000-42-13,SAN JUAN,0,-0.49193211426848854,0.6227673348161573,NO SIGNIFICATIVO
R-1000-42-14,SAN JUAN,0,-0.3853750623450425,0.699959555863662,NO SIGNIFICATIVO
R-1000-42-15,CALPI,0,-0.33637153583517015,0.7365907113310017,NO SIGNIFICATIVO
R-1000-42-16,CALPI,1,-0.28074529103775736,0.7789057679357336,NO SIGNIFICATIVO
R-1000-42-17,CALPI,0,-0.17680218922110863,0.8596637693962745,NO SIGNIFICATIVO
R-1000-43-2,SAN JUAN,0,-0.43087581085886323,0.6665586725792005,NO SIGNIFICATIVO
R-1000-43-3,SAN JUAN,0,-0.4724220434988379,0.6366255732555879,NO SIGNIFICATIVO
R-1000-43-4,SAN JUAN,0,-0.49193211426848854,0.6227673348161573,NO SIGNIFICATIVO
R-1000-43-5,SAN JUAN,0,-0.49193211426848854,0.6227673348161573,NO SIGNIFICATIVO
R-1000-43-6,SAN JUAN,0,-0.49193211426848854,0.6227673348161573,NO SIGNIFICATIVO
R-1000-43-7,SAN JUAN,0,-0.49193211426848854,0.6227673348161573,NO SIGNIFICATIVO
R-1000-43-8,SAN JUAN,0,-0.49193211426848854,0.6227673348161573,NO SIGNIFICATIVO
R-1000-43-9,SAN JUAN,0,-0.49193211426848854,0.6227673348161573,NO SIGNIFICATIVO
R-1000-43-10,SAN JUAN,0,-0.49193211426848854,0.6227673348161573,NO SIGNIFICATIVO
R-1000-43-11,SAN JUAN,0,-0.49193211426848854,0.6227673348161573,NO SIGNIFICATIVO
R-1000-43-12,SAN JUAN,0,-0.49193211426848854,0.6227673348161573,NO SIGNIFICATIVO
R-1000-43-13,SAN JUAN,0,-0.49193211426848854,0.6227673348161573,NO SIGNIFICATIVO
R-1000-43-14,SAN JUAN,0,-0.43087581085886323,0.6665586725792005,NO SIGNIFICATIVO
R-1000-43-15,CALPI,0,-0.24951235461382879,0.8029644854536444,NO SIGNIFICATIVO
R-1000-44-2,SAN JUAN,0,-0.4085826480187474,0.6828459667841329,NO SIGNIFICATIVO
R-1000-44-3,SAN JUAN,0,-0.4724220434988379,0.6366255732555879,NO SIGNIFICATIVO
R-1000-44-4,SAN JUAN,0,-0.49193211426848854,0.6227673348161573,NO SIGNIFICATIVO
R-1000-44-5,SAN JUAN,0,-0.49193211426848854,0.6227673348161573,NO SIGNIFICATIVO
R-1000-44-6,SAN JUAN,0,-0.49193211426848854,0.6227673348161573,NO SIGNIFICATIVO
R-1000-44-7,SAN JUAN,0,-0.49193211426848854,0.6227673348161573,NO SIGNIFICATIVO
R-1000-44-8,SAN JUAN,0,-0.49193211426848854,0.6227673348161573,NO SIGNIFICATIVO
R-1000-44-9,SAN JUAN,0,-0.49193211426848854,0.6227673348161573,NO SIGNIFICATIVO
R-1000-44-10,SAN JUAN,0,-0.49193211426848854,0.6227673348161573,NO SIGNIFICATIVO
R-1000-44-11,SAN JUAN,0,-0.49193211426848854,0.6227673348161573,NO SIGNIFICATIVO
R-1000-44-12,SAN JUAN,0,-0.49193211426848854,0.6227673348161573,NO SIGNIFICATIVO
R-1000-44-13,SAN JUAN,0,-0.4521078819036846,0.6511912657993062,NO SIGNIFICATIVO
R-1000-44-14,SAN JUAN,0,-0.3850440174846801,0.7002048037167994,NO SIGNIFICATIVO
R-1000-45-2,SAN JUAN,0,-0.3850440174846801,0.7002048037167994,NO SIGNIFICATIVO
R-1000-45-3,SAN JUAN,0,-0.4724220434988379,0.6366255732555879,NO SIGNIFICATIVO
R-1000-45-4,SAN JUAN,0,-0.49193211426848854,0.6227673348161573,NO SIGNIFICATIVO
R-1000-45-5,SAN JUAN,0,-0.49193211426848854,0.6227673348161573,NO SIGNIFICATIVO
R-1000-45-6,SAN JUAN,0,-0.49193211426848854,0.6227673348161573,NO SIGNIFICATIVO
R-1000-45-7,SAN JUAN,0,-0.49193211426848854,0.6227673348161573,NO SIGNIFICATIVO
R-1000-45-8,SAN JUAN,0,-0.49193211426848854,0.6227673348161573,NO SIGNIFICATIVO
R-1000-45-9,SAN JUAN,0,-0.49193211426848854,0.6227673348161573,NO SIGNIFICATIVO
R-1000-45-10,SAN JUAN,0,-0.49193211426848854,0.6227673348161573,NO SIGNIFICATIVO
R-1000-45-11,SAN JUAN,0,-0.49193211426848854,0.6227673348161573,NO SIGNIFICATIVO
R-1000-45-12,SAN JUAN,0,-0.4724220434988379,0.6366255732555879,NO SIGNIFICATIVO
R-1000-45-13,SAN JUAN,0,-0.4085826480187474,0.6828459667841329,NO SIGNIFICATIVO
R-1000-46-2,SAN JUAN,0,-0.3600155843869113,0.7188354792616218,NO SIGNIFICATIVO
R-1000-46-3,SAN JUAN,0,-0.4521078819036846,0.6511912657993062,NO SIGNIFICATIVO
R-1000-46-4,SAN JUAN,0,-0.49193211426848854,0.6227673348161573,NO SIGNIFICATIVO
R-1000-46-5,SAN JUAN,0,-0.49193211426848854,0.6227673348161573,NO SIGNIFICATIVO
R-1000-46-6,SAN JUAN,0,-0.49193211426848854,0.6227673348161573,NO SIGNIFICATIVO
R-1000-46-7,SAN JUAN,0,-0.49193211426848854,0.6227673348161573,NO SIGNIFICATIVO
R-1000-46-8,SAN JUAN,0,-0.49193211426848854,0.6227673348161573,NO SIGNIFICATIVO
R-1000-46-9,SAN JUAN,0,-0.49193211426848854,0.6227673348161573,NO SIGNIFICATIVO
R-1000-46-10,SAN JUAN,0,-0.49193211426848854,0.6227673348161573,NO SIGNIFICATIVO
R-1000-46-11,SAN JUAN,0,-0.49193211426848854,0.6227673348161573,NO SIGNIFICATIVO
R-1000-46-12,SAN JUAN,0,-0.4521078819036846,0.6511912657993062,NO SIGNIFICATIVO
R-1000-46-13,SAN JUAN,0,-0.3600155843869113,0.7188354792616218,NO SIGNIFICATIVO
R-1000-47-3,SAN JUAN,0,-0.43087581085886323,0.6665586725792005,NO SIGNIFICATIVO
R-1000-47-4,SAN JUAN,0,-0.4724220434988379,0.6366255732555879,NO SIGNIFICATIVO
R-1000-47-5,SAN JUAN,0,-0.49193211426848854,0.6227673348161573,NO SIGNIFICATIVO
R-1000-47-6,SAN JUAN,0,-0.49193211426848854,0.6227673348161573,NO SIGNIFICATIVO
R-1000-47-7,SAN JUAN,0,-0.49193211426848854,0.6227673348161573,NO SIGNIFICATIVO
R-1000-47-8,SAN JUAN,0,-0.49193211426848854,0.6227673348161573,NO SIGNIFICATIVO
R-1000-47-9,SAN JUAN,0,-0.49193211426848854,0.6227673348161573,NO SIGNIFICATIVO
R-1000-47-10,SAN JUAN,0,-0.49193211426848854,0.6227673348161573,NO SIGNIFICATIVO
R-1000-47-11,SAN JUAN,0,-0.4724220434988379,0.6366255732555879,NO SIGNIFICATIVO
R-1000-47-12,SAN JUAN,0,-0.43087581085886323,0.6665586725792005,NO SIGNIFICATIVO
R-1000-48-3,SAN JUAN,0,-0.4085826480187474,0.6828459667841329,NO SIGNIFICATIVO
R-1000-48-4,SAN JUAN,0,-0.4724220434988379,0.6366255732555879,NO SIGNIFICATIVO
R-1000-48-5,SAN JUAN,0,-0.49193211426848854,0.6227673348161573,NO SIGNIFICATIVO
R-1000-48-6,SAN JUAN,0,-0.49193211426848854,0.6227673348161573,NO SIGNIFICATIVO
R-1000-48-7,SAN JUAN,0,-0.49193211426848854,0.6227673348161573,NO SIGNIFICATIVO
R-1000-48-8,SAN JUAN,0,-0.49193211426848854,0.6227673348161573,NO SIGNIFICATIVO
R-1000-48-9,SAN JUAN,0,-0.49193211426848854,0.6227673348161573,NO SIGNIFICATIVO
R-1000-48-10,SAN JUAN,0,-0.49193211426848854,0.6227673348161573,NO SIGNIFICATIVO
R-1000-48-11,SAN JUAN,0,-0.4724220434988379,0.6366255732555879,NO SIGNIFICATIVO
R-1000-48-12,SAN JUAN,0,-0.4085826480187474,0.6828459667841329,NO SIGNIFICATIVO
R-1000-49-3,SAN JUAN,0,-0.4085826480187474,0.6828459667841329,NO SIGNIFICATIVO
R-1000-49-4,SAN JUAN,0,-0.4724220434988379,0.6366255732555879,NO SIGNIFICATIVO
R-1000-49-5,SAN JUAN,0,-0.49193211426848854,0.6227673348161573,NO SIGNIFICATIVO
R-1000-49-6,SAN JUAN,0,-0.49193211426848854,0.6227673348161573,NO SIGNIFICATIVO
R-1000-49-7,SAN JUAN,0,-0.49193211426848854,0.6227673348161573,NO SIGNIFICATIVO
R-1000-49-8,SAN JUAN,0,-0.49193211426848854,0.6227673348161573,NO SIGNIFICATIVO
R-1000-49-9,SAN JUAN,0,-0.49193211426848854,0.6227673348161573,NO SIGNIFICATIVO
R-1000-49-10,SAN JUAN,0,-0.49193211426848854,0.6227673348161573,NO SIGNIFICATIVO
R-1000-49-11,SAN JUAN,0,-0.4724220434988379,0.6366255732555879,NO SIGNIFICATIVO
R-1000-49-12,SAN JUAN,0,-0.3850440174846801,0.7002048037167994,NO SIGNIFICATIVO
R-1000-50-3,SAN JUAN,0,-0.3850440174846801,0.7002048037167994,NO SIGNIFICATIVO
R-1000-50-4,SAN JUAN,0,-0.4724220434988379,0.6366255732555879,NO SIGNIFICATIVO
R-1000-50-5,SAN JUAN,0,-0.49193211426848854,0.6227673348161573,NO SIGNIFICATIVO
R-1000-50-6,SAN JUAN,0,-0.49193211426848854,0.6227673348161573,NO SIGNIFICATIVO
R-1000-50-7,SAN JUAN,0,-0.49193211426848854,0.6227673348161573,NO SIGNIFICATIVO
R-1000-50-8,SAN JUAN,0,-0.49193211426848854,0.6227673348161573,NO SIGNIFICATIVO
R-1000-50-9,SAN JUAN,0,-0.49193211426848854,0.6227673348161573,NO SIGNIFICATIVO
R-1000-50-10,SAN JUAN,0,-0.49193211426848854,0.6227673348161573,NO SIGNIFICATIVO
R-1000-50-11,SAN JUAN,0,-0.4521078819036846,0.6511912657993062,NO SIGNIFICATIVO
R-1000-50-12,SAN JUAN,0,-0.3600155843869113,0.7188354792616218,NO SIGNIFICATIVO
R-1000-51-3,SAN JUAN,0,-0.3600155843869113,0.7188354792616218,NO SIGNIFICATIVO
R-1000-51-4,SAN JUAN,0,-0.43087581085886323,0.6665586725792005,NO SIGNIFICATIVO
R-1000-51-5,SAN JUAN,0,-0.49193211426848854,0.6227673348161573,NO SIGNIFICATIVO
R-1000-51-6,SAN JUAN,0,-0.49193211426848854,0.6227673348161573,NO SIGNIFICATIVO
R-1000-51-7,SAN JUAN,0,-0.49193211426848854,0.6227673348161573,NO SIGNIFICATIVO
R-1000-51-8,SAN JUAN,0,-0.49193211426848854,0.6227673348161573,NO SIGNIFICATIVO
R-1000-51-9,SAN JUAN,0,-0.49193211426848854,0.6227673348161573,NO SIGNIFICATIVO
R-1000-51-10,SAN JUAN,0,-0.4724220434988379,0.6366255732555879,NO SIGNIFICATIVO
R-1000-51-11,SAN JUAN,0,-0.43087581085886323,0.6665586725792005,NO SIGNIFICATIVO
R-1000-52-4,SAN JUAN,0,-0.3850440174846801,0.7002048037167994,NO SIGNIFICATIVO
R-1000-52-5,SAN JUAN,0,-0.43087581085886323,0.6665586725792005,NO SIGNIFICATIVO
R-1000-52-6,SAN JUAN,0,-0.4724220434988379,0.6366255732555879,NO SIGNIFICATIVO
R-1000-52-7,SAN JUAN,0,-0.4724220434988379,0.6366255732555879,NO SIGNIFICATIVO
R-1000-52-8,SAN JUAN,0,-0.4724220434988379,0.6366255732555879,NO SIGNIFICATIVO
R-1000-52-9,SAN JUAN,0,-0.4724220434988379,0.6366255732555879,NO SIGNIFICATIVO
R-1000-52-10,SAN JUAN,0,-0.4521078819036846,0.6511912657993062,NO SIGNIFICATIVO
R-1000-52-11,SAN JUAN,0,-0.3850440174846801,0.7002048037167994,NO SIGNIFICATIVO
R-1000-53-5,SAN JUAN,0,-0.3600155843869113,0.7188354792616218,NO SIGNIFICATIVO
R-1000-53-6,SAN JUAN,0,-0.3850440174846801,0.7002048037167994,NO SIGNIFICATIVO
R-1000-53-7,SAN JUAN,0,-0.4085826480187474,0.6828459667841329,NO SIGNIFICATIVO
R-1000-53-8,SAN JUAN,0,-0.4085826480187474,0.6828459667841329,NO SIGNIFICATIVO
R-1000-53-9,SAN JUAN,0,-0.4085826480187474,0.6828459667841329,NO SIGNIFICATIVO
R-1000-53-10,SAN JUAN,0,-0.3850440174846801,0.7002048037167994,NO SIGNIFICATIVO
R-1000-53-11,SAN JUAN,0,-0.33316162531352655,0.7390122835253097,NO SIGNIFICATIVO
