CELL_ID,AMBITO,CATEGORIA,NIVEL,COB_ANTERIOR_PCT,COB_FINAL_PCT,ESTADO_ANTERIOR,ESTADO_FINAL
GIU100-13-63,URBANO,DELINCUENCIA,99,100.0,100.0,CUBIERTO,CUBIERTO
GIU100-13-65,URBANO,DELINCUENCIA,99,100.0,100.0,CUBIERTO,CUBIERTO
GIU100-14-65,URBANO,DELINCUENCIA,99,100.0,100.0,CUBIERTO,CUBIERTO
GIU100-15-63,URBANO,DELINCUENCIA,99,93.55575152187069,93.55575152187069,PARCIALMENTE CUBIERTO,PARCIALMENTE CUBIERTO
GIU100-15-64,URBANO,DELINCUENCIA,99,100.0,100.0,CUBIERTO,CUBIERTO
GIU100-15-65,URBANO,DELINCUENCIA,99,100.0,100.0,CUBIERTO,CUBIERTO
GIU100-15-66,URBANO,DELINCUENCIA,99,100.0,100.0,CUBIERTO,CUBIERTO
GIU100-16-62,URBANO,DELINCUENCIA,99,100.0,100.0,CUBIERTO,CUBIERTO
GIU100-16-63,URBANO,DELINCUENCIA,99,87.06269137389083,87.06269137389083,PARCIALMENTE CUBIERTO,PARCIALMENTE CUBIERTO
GIU100-16-64,URBANO,DELINCUENCIA,99,83.82280890113908,83.82280890113908,PARCIALMENTE CUBIERTO,PARCIALMENTE CUBIERTO
GIU100-16-65,URBANO,DELINCUENCIA,99,63.8102337023173,63.8102337023173,PARCIALMENTE CUBIERTO,PARCIALMENTE CUBIERTO
GIU100-16-67,URBANO,DELINCUENCIA,99,100.0,100.0,CUBIERTO,CUBIERTO
GIU100-17-61,URBANO,DELINCUENCIA,99,100.0,100.0,CUBIERTO,CUBIERTO
GIU100-17-62,URBANO,DELINCUENCIA,99,100.0,100.0,CUBIERTO,CUBIERTO
GIU100-17-63,URBANO,DELINCUENCIA,99,100.0,100.0,CUBIERTO,CUBIERTO
GIU100-17-64,URBANO,DELINCUENCIA,99,99.96605469121508,99.96605469121508,PARCIALMENTE CUBIERTO,PARCIALMENTE CUBIERTO
GIU100-17-65,URBANO,DELINCUENCIA,99,21.66377341082992,21.66377341082992,PARCIALMENTE CUBIERTO,PARCIALMENTE CUBIERTO
GIU100-18-61,URBANO,DELINCUENCIA,99,91.01225480384736,91.01225480384736,PARCIALMENTE CUBIERTO,PARCIALMENTE CUBIERTO
GIU100-18-62,URBANO,DELINCUENCIA,99,100.0,100.0,CUBIERTO,CUBIERTO
GIU100-18-63,URBANO,DELINCUENCIA,99,100.0,100.0,CUBIERTO,CUBIERTO
GIU100-18-65,URBANO,DELINCUENCIA,99,44.869336925249506,44.869336925249506,PARCIALMENTE CUBIERTO,PARCIALMENTE CUBIERTO
GIU100-19-61,URBANO,DELINCUENCIA,99,65.31362496012743,65.31362496012743,PARCIALMENTE CUBIERTO,PARCIALMENTE CUBIERTO
GIU100-19-63,URBANO,DELINCUENCIA,99,100.0,100.0,CUBIERTO,CUBIERTO
GIU100-22-55,URBANO,DELINCUENCIA,99,100.0,100.0,CUBIERTO,CUBIERTO
GIU100-23-45,URBANO,DELINCUENCIA,99,100.0,100.0,CUBIERTO,CUBIERTO
GIU100-23-46,URBANO,DELINCUENCIA,99,100.0,100.0,CUBIERTO,CUBIERTO
GIU100-23-47,URBANO,DELINCUENCIA,99,93.7825039692018,93.7825039692018,PARCIALMENTE CUBIERTO,PARCIALMENTE CUBIERTO
GIU100-23-53,URBANO,DELINCUENCIA,99,100.0,100.0,CUBIERTO,CUBIERTO
GIU100-23-54,URBANO,DELINCUENCIA,99,100.0,100.0,CUBIERTO,CUBIERTO
GIU100-23-55,URBANO,DELINCUENCIA,99,100.0,100.0,CUBIERTO,CUBIERTO
GIU100-23-56,URBANO,DELINCUENCIA,99,100.0,100.0,CUBIERTO,CUBIERTO
GIU100-24-45,URBANO,DELINCUENCIA,99,100.0,100.0,CUBIERTO,CUBIERTO
GIU100-24-46,URBANO,DELINCUENCIA,99,100.0,100.0,CUBIERTO,CUBIERTO
GIU100-24-47,URBANO,DELINCUENCIA,99,100.0,100.0,CUBIERTO,CUBIERTO
GIU100-24-48,URBANO,DELINCUENCIA,99,100.0,100.0,CUBIERTO,CUBIERTO
GIU100-24-49,URBANO,DELINCUENCIA,99,97.36481392975345,97.36481392975345,PARCIALMENTE CUBIERTO,PARCIALMENTE CUBIERTO
GIU100-24-50,URBANO,DELINCUENCIA,99,69.05736558912737,69.05736558912737,PARCIALMENTE CUBIERTO,PARCIALMENTE CUBIERTO
GIU100-24-52,URBANO,DELINCUENCIA,99,100.0,100.0,CUBIERTO,CUBIERTO
GIU100-24-53,URBANO,DELINCUENCIA,99,100.0,100.0,CUBIERTO,CUBIERTO
GIU100-24-54,URBANO,DELINCUENCIA,99,100.0,100.0,CUBIERTO,CUBIERTO
GIU100-24-55,URBANO,DELINCUENCIA,99,100.0,100.0,CUBIERTO,CUBIERTO
GIU100-24-56,URBANO,DELINCUENCIA,99,100.0,100.0,CUBIERTO,CUBIERTO
GIU100-24-57,URBANO,DELINCUENCIA,99,100.0,100.0,CUBIERTO,CUBIERTO
GIU100-25-44,URBANO,DELINCUENCIA,99,58.8260339443175,58.8260339443175,PARCIALMENTE CUBIERTO,PARCIALMENTE CUBIERTO
GIU100-25-45,URBANO,DELINCUENCIA,99,99.9486835862949,99.9486835862949,PARCIALMENTE CUBIERTO,PARCIALMENTE CUBIERTO
GIU100-25-46,URBANO,DELINCUENCIA,99,100.0,100.0,CUBIERTO,CUBIERTO
GIU100-25-47,URBANO,DELINCUENCIA,99,100.0,100.0,CUBIERTO,CUBIERTO
GIU100-25-48,URBANO,DELINCUENCIA,99,100.0,100.0,CUBIERTO,CUBIERTO
GIU100-25-49,URBANO,DELINCUENCIA,99,100.0,100.0,CUBIERTO,CUBIERTO
GIU100-25-50,URBANO,DELINCUENCIA,99,100.0,100.0,CUBIERTO,CUBIERTO
GIU100-25-51,URBANO,DELINCUENCIA,99,100.0,100.0,CUBIERTO,CUBIERTO
GIU100-25-52,URBANO,DELINCUENCIA,99,100.0,100.0,CUBIERTO,CUBIERTO
GIU100-25-53,URBANO,DELINCUENCIA,99,100.0,100.0,CUBIERTO,CUBIERTO
GIU100-25-54,URBANO,DELINCUENCIA,99,100.0,100.0,CUBIERTO,CUBIERTO
GIU100-25-55,URBANO,DELINCUENCIA,99,100.0,100.0,CUBIERTO,CUBIERTO
GIU100-25-56,URBANO,DELINCUENCIA,99,100.0,100.0,CUBIERTO,CUBIERTO
GIU100-26-44,URBANO,DELINCUENCIA,99,100.0,100.0,CUBIERTO,CUBIERTO
GIU100-26-45,URBANO,DELINCUENCIA,99,100.0,100.0,CUBIERTO,CUBIERTO
GIU100-26-46,URBANO,DELINCUENCIA,99,100.0,100.0,CUBIERTO,CUBIERTO
GIU100-26-47,URBANO,DELINCUENCIA,99,100.0,100.0,CUBIERTO,CUBIERTO
GIU100-26-48,URBANO,DELINCUENCIA,99,100.0,100.0,CUBIERTO,CUBIERTO
GIU100-26-49,URBANO,DELINCUENCIA,99,100.0,100.0,CUBIERTO,CUBIERTO
GIU100-26-50,URBANO,DELINCUENCIA,99,100.0,100.0,CUBIERTO,CUBIERTO
GIU100-26-51,URBANO,DELINCUENCIA,99,100.0,100.0,CUBIERTO,CUBIERTO
GIU100-26-52,URBANO,DELINCUENCIA,99,100.0,100.0,CUBIERTO,CUBIERTO
GIU100-26-53,URBANO,DELINCUENCIA,99,100.0,100.0,CUBIERTO,CUBIERTO
GIU100-26-54,URBANO,DELINCUENCIA,99,100.0,100.0,CUBIERTO,CUBIERTO
GIU100-26-55,URBANO,DELINCUENCIA,99,100.0,100.0,CUBIERTO,CUBIERTO
GIU100-26-56,URBANO,DELINCUENCIA,99,100.0,100.0,CUBIERTO,CUBIERTO
GIU100-27-45,URBANO,DELINCUENCIA,99,100.0,100.0,CUBIERTO,CUBIERTO
GIU100-27-46,URBANO,DELINCUENCIA,99,100.0,100.0,CUBIERTO,CUBIERTO
GIU100-27-47,URBANO,DELINCUENCIA,99,100.0,100.0,CUBIERTO,CUBIERTO
GIU100-27-48,URBANO,DELINCUENCIA,99,100.0,100.0,CUBIERTO,CUBIERTO
GIU100-27-49,URBANO,DELINCUENCIA,99,100.0,100.0,CUBIERTO,CUBIERTO
GIU100-27-50,URBANO,DELINCUENCIA,99,100.0,100.0,CUBIERTO,CUBIERTO
GIU100-27-51,URBANO,DELINCUENCIA,99,100.0,100.0,CUBIERTO,CUBIERTO
GIU100-27-52,URBANO,DELINCUENCIA,99,100.0,100.0,CUBIERTO,CUBIERTO
GIU100-27-53,URBANO,DELINCUENCIA,99,100.0,100.0,CUBIERTO,CUBIERTO
GIU100-27-54,URBANO,DELINCUENCIA,99,100.0,100.0,CUBIERTO,CUBIERTO
GIU100-27-55,URBANO,DELINCUENCIA,99,100.0,100.0,CUBIERTO,CUBIERTO
GIU100-27-57,URBANO,DELINCUENCIA,99,100.0,100.0,CUBIERTO,CUBIERTO
GIU100-28-45,URBANO,DELINCUENCIA,99,100.0,100.0,CUBIERTO,CUBIERTO
GIU100-28-46,URBANO,DELINCUENCIA,99,100.0,100.0,CUBIERTO,CUBIERTO
GIU100-28-47,URBANO,DELINCUENCIA,99,100.0,100.0,CUBIERTO,CUBIERTO
GIU100-28-48,URBANO,DELINCUENCIA,99,100.0,100.0,CUBIERTO,CUBIERTO
GIU100-28-49,URBANO,DELINCUENCIA,99,100.0,100.0,CUBIERTO,CUBIERTO
GIU100-28-50,URBANO,DELINCUENCIA,99,100.0,100.0,CUBIERTO,CUBIERTO
GIU100-28-51,URBANO,DELINCUENCIA,99,100.0,100.0,CUBIERTO,CUBIERTO
GIU100-28-52,URBANO,DELINCUENCIA,99,100.0,100.0,CUBIERTO,CUBIERTO
GIU100-28-54,URBANO,DELINCUENCIA,99,100.0,100.0,CUBIERTO,CUBIERTO
GIU100-28-55,URBANO,DELINCUENCIA,99,100.0,100.0,CUBIERTO,CUBIERTO
GIU100-29-46,URBANO,DELINCUENCIA,99,100.0,100.0,CUBIERTO,CUBIERTO
GIU100-29-47,URBANO,DELINCUENCIA,99,100.0,100.0,CUBIERTO,CUBIERTO
GIU100-29-48,URBANO,DELINCUENCIA,99,100.0,100.0,CUBIERTO,CUBIERTO
GIU100-29-49,URBANO,DELINCUENCIA,99,100.0,100.0,CUBIERTO,CUBIERTO
GIU100-29-50,URBANO,DELINCUENCIA,99,100.0,100.0,CUBIERTO,CUBIERTO
GIU100-29-51,URBANO,DELINCUENCIA,99,100.0,100.0,CUBIERTO,CUBIERTO
GIU100-30-45,URBANO,DELINCUENCIA,99,100.0,100.0,CUBIERTO,CUBIERTO
GIU100-30-46,URBANO,DELINCUENCIA,99,100.0,100.0,CUBIERTO,CUBIERTO
GIU100-30-47,URBANO,DELINCUENCIA,99,100.0,100.0,CUBIERTO,CUBIERTO
GIU100-30-48,URBANO,DELINCUENCIA,99,100.0,100.0,CUBIERTO,CUBIERTO
GIU100-30-49,URBANO,DELINCUENCIA,99,100.0,100.0,CUBIERTO,CUBIERTO
GIU100-30-50,URBANO,DELINCUENCIA,99,100.0,100.0,CUBIERTO,CUBIERTO
GIU100-30-60,URBANO,DELINCUENCIA,99,100.0,100.0,CUBIERTO,CUBIERTO
GIU100-31-47,URBANO,DELINCUENCIA,99,100.0,100.0,CUBIERTO,CUBIERTO
GIU100-31-48,URBANO,DELINCUENCIA,99,100.0,100.0,CUBIERTO,CUBIERTO
GIU100-31-49,URBANO,DELINCUENCIA,99,100.0,100.0,CUBIERTO,CUBIERTO
GIU100-31-50,URBANO,DELINCUENCIA,99,100.0,100.0,CUBIERTO,CUBIERTO
GIU100-31-59,URBANO,DELINCUENCIA,99,100.0,100.0,CUBIERTO,CUBIERTO
GIU100-31-60,URBANO,DELINCUENCIA,99,100.0,100.0,CUBIERTO,CUBIERTO
GIU100-31-61,URBANO,DELINCUENCIA,99,100.0,100.0,CUBIERTO,CUBIERTO
GIU100-32-47,URBANO,DELINCUENCIA,99,100.0,100.0,CUBIERTO,CUBIERTO
GIU100-32-48,URBANO,DELINCUENCIA,99,100.0,100.0,CUBIERTO,CUBIERTO
GIU100-32-49,URBANO,DELINCUENCIA,99,100.0,100.0,CUBIERTO,CUBIERTO
GIU100-32-58,URBANO,DELINCUENCIA,99,100.0,100.0,CUBIERTO,CUBIERTO
GIU100-32-59,URBANO,DELINCUENCIA,99,100.0,100.0,CUBIERTO,CUBIERTO
GIU100-32-60,URBANO,DELINCUENCIA,99,100.0,100.0,CUBIERTO,CUBIERTO
GIU100-32-61,URBANO,DELINCUENCIA,99,100.0,100.0,CUBIERTO,CUBIERTO
GIU100-32-62,URBANO,DELINCUENCIA,99,96.82088967777888,96.82088967777888,PARCIALMENTE CUBIERTO,PARCIALMENTE CUBIERTO
GIU100-33-42,URBANO,DELINCUENCIA,99,100.0,100.0,CUBIERTO,CUBIERTO
GIU100-33-43,URBANO,DELINCUENCIA,99,100.0,100.0,CUBIERTO,CUBIERTO
GIU100-33-44,URBANO,DELINCUENCIA,99,100.0,100.0,CUBIERTO,CUBIERTO
GIU100-33-59,URBANO,DELINCUENCIA,99,87.34193877517663,87.34193877517663,PARCIALMENTE CUBIERTO,PARCIALMENTE CUBIERTO
GIU100-33-60,URBANO,DELINCUENCIA,99,100.0,100.0,CUBIERTO,CUBIERTO
GIU100-33-61,URBANO,DELINCUENCIA,99,100.0,100.0,CUBIERTO,CUBIERTO
GIU100-34-39,URBANO,DELINCUENCIA,99,100.0,100.0,CUBIERTO,CUBIERTO
GIU100-34-41,URBANO,DELINCUENCIA,99,100.0,100.0,CUBIERTO,CUBIERTO
GIU100-34-42,URBANO,DELINCUENCIA,99,100.0,100.0,CUBIERTO,CUBIERTO
GIU100-34-43,URBANO,DELINCUENCIA,99,100.0,100.0,CUBIERTO,CUBIERTO
GIU100-34-44,URBANO,DELINCUENCIA,99,100.0,100.0,CUBIERTO,CUBIERTO
GIU100-34-45,URBANO,DELINCUENCIA,99,71.7833971764094,71.7833971764094,PARCIALMENTE CUBIERTO,PARCIALMENTE CUBIERTO
GIU100-34-60,URBANO,DELINCUENCIA,99,100.0,100.0,CUBIERTO,CUBIERTO
GIU100-35-38,URBANO,DELINCUENCIA,99,100.0,100.0,CUBIERTO,CUBIERTO
GIU100-35-39,URBANO,DELINCUENCIA,99,100.0,100.0,CUBIERTO,CUBIERTO
GIU100-35-40,URBANO,DELINCUENCIA,99,93.21142303041671,93.21142303041671,PARCIALMENTE CUBIERTO,PARCIALMENTE CUBIERTO
GIU100-35-41,URBANO,DELINCUENCIA,99,100.0,100.0,CUBIERTO,CUBIERTO
GIU100-35-42,URBANO,DELINCUENCIA,99,100.0,100.0,CUBIERTO,CUBIERTO
GIU100-35-43,URBANO,DELINCUENCIA,99,100.0,100.0,CUBIERTO,CUBIERTO
GIU100-35-44,URBANO,DELINCUENCIA,99,100.0,100.0,CUBIERTO,CUBIERTO
GIU100-35-65,URBANO,DELINCUENCIA,99,100.0,100.0,CUBIERTO,CUBIERTO
GIU100-35-66,URBANO,DELINCUENCIA,99,100.0,100.0,CUBIERTO,CUBIERTO
GIU100-36-37,URBANO,DELINCUENCIA,99,71.41025161690494,71.41025161690494,PARCIALMENTE CUBIERTO,PARCIALMENTE CUBIERTO
GIU100-36-38,URBANO,DELINCUENCIA,99,100.0,100.0,CUBIERTO,CUBIERTO
GIU100-36-39,URBANO,DELINCUENCIA,99,100.0,100.0,CUBIERTO,CUBIERTO
GIU100-36-40,URBANO,DELINCUENCIA,99,84.82358609704933,84.82358609704933,PARCIALMENTE CUBIERTO,PARCIALMENTE CUBIERTO
GIU100-36-41,URBANO,DELINCUENCIA,99,29.92918892770492,29.92918892770492,PARCIALMENTE CUBIERTO,PARCIALMENTE CUBIERTO
GIU100-36-43,URBANO,DELINCUENCIA,99,57.14727748937531,57.14727748937531,PARCIALMENTE CUBIERTO,PARCIALMENTE CUBIERTO
GIU100-37-23,URBANO,DELINCUENCIA,99,100.0,100.0,CUBIERTO,CUBIERTO
GIU100-37-37,URBANO,DELINCUENCIA,99,92.07187444384459,92.07187444384459,PARCIALMENTE CUBIERTO,PARCIALMENTE CUBIERTO
GIU100-37-38,URBANO,DELINCUENCIA,99,100.0,100.0,CUBIERTO,CUBIERTO
GIU100-37-39,URBANO,DELINCUENCIA,99,100.0,100.0,CUBIERTO,CUBIERTO
GIU100-37-40,URBANO,DELINCUENCIA,99,100.0,100.0,CUBIERTO,CUBIERTO
GIU100-37-41,URBANO,DELINCUENCIA,99,74.79046439429136,74.79046439429136,PARCIALMENTE CUBIERTO,PARCIALMENTE CUBIERTO
GIU100-38-24,URBANO,DELINCUENCIA,99,100.0,100.0,CUBIERTO,CUBIERTO
GIU100-38-25,URBANO,DELINCUENCIA,99,100.0,100.0,CUBIERTO,CUBIERTO
GIU100-38-38,URBANO,DELINCUENCIA,99,100.00000000000003,100.00000000000003,CUBIERTO,CUBIERTO
GIU100-38-39,URBANO,DELINCUENCIA,99,100.0,100.0,CUBIERTO,CUBIERTO
GIU100-38-40,URBANO,DELINCUENCIA,99,100.0,100.0,CUBIERTO,CUBIERTO
GIU100-39-28,URBANO,DELINCUENCIA,99,100.0,100.0,CUBIERTO,CUBIERTO
GIU100-39-39,URBANO,DELINCUENCIA,99,78.78228780422776,78.78228780422776,PARCIALMENTE CUBIERTO,PARCIALMENTE CUBIERTO
GIU100-40-27,URBANO,DELINCUENCIA,99,97.69279689551355,97.69279689551355,PARCIALMENTE CUBIERTO,PARCIALMENTE CUBIERTO
GIU100-40-28,URBANO,DELINCUENCIA,99,100.0,100.0,CUBIERTO,CUBIERTO
GIU100-40-29,URBANO,DELINCUENCIA,99,100.0,100.0,CUBIERTO,CUBIERTO
GIU100-41-27,URBANO,DELINCUENCIA,99,100.0,100.0,CUBIERTO,CUBIERTO
GIU100-41-28,URBANO,DELINCUENCIA,99,100.0,100.0,CUBIERTO,CUBIERTO
GIU100-41-29,URBANO,DELINCUENCIA,99,100.0,100.0,CUBIERTO,CUBIERTO
GIU100-41-30,URBANO,DELINCUENCIA,99,86.32895557703858,86.32895557703858,PARCIALMENTE CUBIERTO,PARCIALMENTE CUBIERTO
GIU100-42-27,URBANO,DELINCUENCIA,99,100.0,100.0,CUBIERTO,CUBIERTO
GIU100-42-28,URBANO,DELINCUENCIA,99,100.0,100.0,CUBIERTO,CUBIERTO
GIU100-42-29,URBANO,DELINCUENCIA,99,100.0,100.0,CUBIERTO,CUBIERTO
GIU100-43-28,URBANO,DELINCUENCIA,99,100.0,100.0,CUBIERTO,CUBIERTO
GIU100-44-1,URBANO,DELINCUENCIA,99,0.0,0.0,SIN COBERTURA,SIN COBERTURA
GIU100-44-4,URBANO,DELINCUENCIA,99,100.0,100.0,CUBIERTO,CUBIERTO
GIU100-45-3,URBANO,DELINCUENCIA,99,100.0,100.0,CUBIERTO,CUBIERTO
GIU100-45-4,URBANO,DELINCUENCIA,99,100.0,100.0,CUBIERTO,CUBIERTO
GIU100-46-3,URBANO,DELINCUENCIA,99,100.0,100.0,CUBIERTO,CUBIERTO
GIU100-50-35,URBANO,DELINCUENCIA,99,59.71994024586259,59.71994024586259,PARCIALMENTE CUBIERTO,PARCIALMENTE CUBIERTO
GIU100-51-34,URBANO,DELINCUENCIA,99,100.0,100.0,CUBIERTO,CUBIERTO
GIU100-51-35,URBANO,DELINCUENCIA,99,100.0,100.0,CUBIERTO,CUBIERTO
GIU100-51-36,URBANO,DELINCUENCIA,99,92.63074113608329,92.63074113608329,PARCIALMENTE CUBIERTO,PARCIALMENTE CUBIERTO
GIU100-52-33,URBANO,DELINCUENCIA,99,77.07671139771773,77.07671139771773,PARCIALMENTE CUBIERTO,PARCIALMENTE CUBIERTO
GIU100-52-34,URBANO,DELINCUENCIA,99,100.0,100.0,CUBIERTO,CUBIERTO
GIU100-52-35,URBANO,DELINCUENCIA,99,100.0,100.0,CUBIERTO,CUBIERTO
GIU100-52-36,URBANO,DELINCUENCIA,99,100.0,100.0,CUBIERTO,CUBIERTO
GIU100-52-37,URBANO,DELINCUENCIA,99,100.0,100.0,CUBIERTO,CUBIERTO
GIU100-53-34,URBANO,DELINCUENCIA,99,99.91705442489315,99.91705442489315,PARCIALMENTE CUBIERTO,PARCIALMENTE CUBIERTO
GIU100-53-35,URBANO,DELINCUENCIA,99,100.0,100.0,CUBIERTO,CUBIERTO
GIU100-53-36,URBANO,DELINCUENCIA,99,100.0,100.0,CUBIERTO,CUBIERTO
GIU100-54-35,URBANO,DELINCUENCIA,99,46.046785762323786,46.046785762323786,PARCIALMENTE CUBIERTO,PARCIALMENTE CUBIERTO
GIU100-9-60,URBANO,VIOLENCIA,99,98.4401536217181,98.4401536217181,PARCIALMENTE CUBIERTO,PARCIALMENTE CUBIERTO
GIU100-12-61,URBANO,VIOLENCIA,99,100.0,100.0,CUBIERTO,CUBIERTO
GIU100-13-61,URBANO,VIOLENCIA,99,100.0,100.0,CUBIERTO,CUBIERTO
GIU100-13-67,URBANO,VIOLENCIA,99,100.0,100.0,CUBIERTO,CUBIERTO
GIU100-13-68,URBANO,VIOLENCIA,99,100.0,100.0,CUBIERTO,CUBIERTO
GIU100-13-69,URBANO,VIOLENCIA,99,100.0,100.0,CUBIERTO,CUBIERTO
GIU100-14-60,URBANO,VIOLENCIA,99,100.0,100.0,CUBIERTO,CUBIERTO
GIU100-14-61,URBANO,VIOLENCIA,99,100.0,100.0,CUBIERTO,CUBIERTO
GIU100-14-62,URBANO,VIOLENCIA,99,100.0,100.0,CUBIERTO,CUBIERTO
GIU100-14-67,URBANO,VIOLENCIA,99,100.0,100.0,CUBIERTO,CUBIERTO
GIU100-14-68,URBANO,VIOLENCIA,99,100.0,100.0,CUBIERTO,CUBIERTO
GIU100-14-69,URBANO,VIOLENCIA,99,100.0,100.0,CUBIERTO,CUBIERTO
GIU100-14-70,URBANO,VIOLENCIA,99,100.0,100.0,CUBIERTO,CUBIERTO
GIU100-15-59,URBANO,VIOLENCIA,99,44.728785018523155,44.728785018523155,PARCIALMENTE CUBIERTO,PARCIALMENTE CUBIERTO
GIU100-15-60,URBANO,VIOLENCIA,99,91.77834628604604,91.77834628604604,PARCIALMENTE CUBIERTO,PARCIALMENTE CUBIERTO
GIU100-15-61,URBANO,VIOLENCIA,99,100.0,100.0,CUBIERTO,CUBIERTO
GIU100-15-62,URBANO,VIOLENCIA,99,100.0,100.0,CUBIERTO,CUBIERTO
GIU100-15-63,URBANO,VIOLENCIA,99,93.55575152187069,93.55575152187069,PARCIALMENTE CUBIERTO,PARCIALMENTE CUBIERTO
GIU100-15-67,URBANO,VIOLENCIA,99,100.0,100.0,CUBIERTO,CUBIERTO
GIU100-15-70,URBANO,VIOLENCIA,99,100.0,100.0,CUBIERTO,CUBIERTO
GIU100-16-60,URBANO,VIOLENCIA,99,100.0,100.0,CUBIERTO,CUBIERTO
GIU100-16-61,URBANO,VIOLENCIA,99,100.0,100.0,CUBIERTO,CUBIERTO
GIU100-16-62,URBANO,VIOLENCIA,99,100.0,100.0,CUBIERTO,CUBIERTO
GIU100-17-61,URBANO,VIOLENCIA,99,100.0,100.0,CUBIERTO,CUBIERTO
GIU100-20-42,URBANO,VIOLENCIA,99,99.99999999999997,99.99999999999997,CUBIERTO,CUBIERTO
GIU100-20-43,URBANO,VIOLENCIA,99,100.0,100.0,CUBIERTO,CUBIERTO
GIU100-20-44,URBANO,VIOLENCIA,99,100.0,100.0,CUBIERTO,CUBIERTO
GIU100-21-42,URBANO,VIOLENCIA,99,100.0,100.0,CUBIERTO,CUBIERTO
GIU100-21-43,URBANO,VIOLENCIA,99,100.0,100.0,CUBIERTO,CUBIERTO
GIU100-22-43,URBANO,VIOLENCIA,99,100.0,100.0,CUBIERTO,CUBIERTO
GIU100-22-44,URBANO,VIOLENCIA,99,100.0,100.0,CUBIERTO,CUBIERTO
GIU100-23-43,URBANO,VIOLENCIA,99,78.78301377023848,78.78301377023848,PARCIALMENTE CUBIERTO,PARCIALMENTE CUBIERTO
GIU100-23-44,URBANO,VIOLENCIA,99,100.0,100.0,CUBIERTO,CUBIERTO
GIU100-23-46,URBANO,VIOLENCIA,99,100.0,100.0,CUBIERTO,CUBIERTO
GIU100-23-47,URBANO,VIOLENCIA,99,93.7825039692018,93.7825039692018,PARCIALMENTE CUBIERTO,PARCIALMENTE CUBIERTO
GIU100-24-42,URBANO,VIOLENCIA,99,100.0,100.0,CUBIERTO,CUBIERTO
GIU100-24-44,URBANO,VIOLENCIA,99,95.08857082667849,95.08857082667849,PARCIALMENTE CUBIERTO,PARCIALMENTE CUBIERTO
GIU100-24-45,URBANO,VIOLENCIA,99,100.0,100.0,CUBIERTO,CUBIERTO
GIU100-24-46,URBANO,VIOLENCIA,99,100.0,100.0,CUBIERTO,CUBIERTO
GIU100-24-47,URBANO,VIOLENCIA,99,100.0,100.0,CUBIERTO,CUBIERTO
GIU100-24-48,URBANO,VIOLENCIA,99,100.0,100.0,CUBIERTO,CUBIERTO
GIU100-24-49,URBANO,VIOLENCIA,99,97.36481392975345,97.36481392975345,PARCIALMENTE CUBIERTO,PARCIALMENTE CUBIERTO
GIU100-25-44,URBANO,VIOLENCIA,99,58.8260339443175,58.8260339443175,PARCIALMENTE CUBIERTO,PARCIALMENTE CUBIERTO
GIU100-25-45,URBANO,VIOLENCIA,99,99.9486835862949,99.9486835862949,PARCIALMENTE CUBIERTO,PARCIALMENTE CUBIERTO
GIU100-25-46,URBANO,VIOLENCIA,99,100.0,100.0,CUBIERTO,CUBIERTO
GIU100-25-47,URBANO,VIOLENCIA,99,100.0,100.0,CUBIERTO,CUBIERTO
GIU100-25-48,URBANO,VIOLENCIA,99,100.0,100.0,CUBIERTO,CUBIERTO
GIU100-25-49,URBANO,VIOLENCIA,99,100.0,100.0,CUBIERTO,CUBIERTO
GIU100-25-50,URBANO,VIOLENCIA,99,100.0,100.0,CUBIERTO,CUBIERTO
GIU100-25-51,URBANO,VIOLENCIA,99,100.0,100.0,CUBIERTO,CUBIERTO
GIU100-26-44,URBANO,VIOLENCIA,99,100.0,100.0,CUBIERTO,CUBIERTO
GIU100-26-45,URBANO,VIOLENCIA,99,100.0,100.0,CUBIERTO,CUBIERTO
GIU100-26-46,URBANO,VIOLENCIA,99,100.0,100.0,CUBIERTO,CUBIERTO
GIU100-26-47,URBANO,VIOLENCIA,99,100.0,100.0,CUBIERTO,CUBIERTO
GIU100-26-48,URBANO,VIOLENCIA,99,100.0,100.0,CUBIERTO,CUBIERTO
GIU100-26-49,URBANO,VIOLENCIA,99,100.0,100.0,CUBIERTO,CUBIERTO
GIU100-26-50,URBANO,VIOLENCIA,99,100.0,100.0,CUBIERTO,CUBIERTO
GIU100-26-58,URBANO,VIOLENCIA,99,100.0,100.0,CUBIERTO,CUBIERTO
GIU100-27-44,URBANO,VIOLENCIA,99,100.0,100.0,CUBIERTO,CUBIERTO
GIU100-27-45,URBANO,VIOLENCIA,99,100.0,100.0,CUBIERTO,CUBIERTO
GIU100-27-46,URBANO,VIOLENCIA,99,100.0,100.0,CUBIERTO,CUBIERTO
GIU100-27-47,URBANO,VIOLENCIA,99,100.0,100.0,CUBIERTO,CUBIERTO
GIU100-27-48,URBANO,VIOLENCIA,99,100.0,100.0,CUBIERTO,CUBIERTO
GIU100-27-49,URBANO,VIOLENCIA,99,100.0,100.0,CUBIERTO,CUBIERTO
GIU100-27-50,URBANO,VIOLENCIA,99,100.0,100.0,CUBIERTO,CUBIERTO
GIU100-27-51,URBANO,VIOLENCIA,99,100.0,100.0,CUBIERTO,CUBIERTO
GIU100-27-57,URBANO,VIOLENCIA,99,100.0,100.0,CUBIERTO,CUBIERTO
GIU100-27-58,URBANO,VIOLENCIA,99,100.0,100.0,CUBIERTO,CUBIERTO
GIU100-27-59,URBANO,VIOLENCIA,99,74.8270593789471,74.8270593789471,PARCIALMENTE CUBIERTO,PARCIALMENTE CUBIERTO
GIU100-28-46,URBANO,VIOLENCIA,99,100.0,100.0,CUBIERTO,CUBIERTO
GIU100-28-47,URBANO,VIOLENCIA,99,100.0,100.0,CUBIERTO,CUBIERTO
GIU100-28-48,URBANO,VIOLENCIA,99,100.0,100.0,CUBIERTO,CUBIERTO
GIU100-28-49,URBANO,VIOLENCIA,99,100.0,100.0,CUBIERTO,CUBIERTO
GIU100-28-50,URBANO,VIOLENCIA,99,100.0,100.0,CUBIERTO,CUBIERTO
GIU100-28-51,URBANO,VIOLENCIA,99,100.0,100.0,CUBIERTO,CUBIERTO
GIU100-28-56,URBANO,VIOLENCIA,99,100.0,100.0,CUBIERTO,CUBIERTO
GIU100-28-57,URBANO,VIOLENCIA,99,100.0,100.0,CUBIERTO,CUBIERTO
GIU100-28-58,URBANO,VIOLENCIA,99,100.0,100.0,CUBIERTO,CUBIERTO
GIU100-28-59,URBANO,VIOLENCIA,99,97.66327046382364,97.66327046382364,PARCIALMENTE CUBIERTO,PARCIALMENTE CUBIERTO
GIU100-29-46,URBANO,VIOLENCIA,99,100.0,100.0,CUBIERTO,CUBIERTO
GIU100-29-47,URBANO,VIOLENCIA,99,100.0,100.0,CUBIERTO,CUBIERTO
GIU100-29-48,URBANO,VIOLENCIA,99,100.0,100.0,CUBIERTO,CUBIERTO
GIU100-29-50,URBANO,VIOLENCIA,99,100.0,100.0,CUBIERTO,CUBIERTO
GIU100-29-51,URBANO,VIOLENCIA,99,100.0,100.0,CUBIERTO,CUBIERTO
GIU100-29-54,URBANO,VIOLENCIA,99,100.0,100.0,CUBIERTO,CUBIERTO
GIU100-29-57,URBANO,VIOLENCIA,99,66.3294411842845,66.3294411842845,PARCIALMENTE CUBIERTO,PARCIALMENTE CUBIERTO
GIU100-29-58,URBANO,VIOLENCIA,99,100.0,100.0,CUBIERTO,CUBIERTO
GIU100-29-59,URBANO,VIOLENCIA,99,100.0,100.0,CUBIERTO,CUBIERTO
GIU100-30-48,URBANO,VIOLENCIA,99,100.0,100.0,CUBIERTO,CUBIERTO
GIU100-30-49,URBANO,VIOLENCIA,99,100.0,100.0,CUBIERTO,CUBIERTO
GIU100-30-54,URBANO,VIOLENCIA,99,100.0,100.0,CUBIERTO,CUBIERTO
GIU100-30-55,URBANO,VIOLENCIA,99,100.0,100.0,CUBIERTO,CUBIERTO
GIU100-30-58,URBANO,VIOLENCIA,99,100.0,100.0,CUBIERTO,CUBIERTO
GIU100-30-59,URBANO,VIOLENCIA,99,100.0,100.0,CUBIERTO,CUBIERTO
GIU100-30-60,URBANO,VIOLENCIA,99,100.0,100.0,CUBIERTO,CUBIERTO
GIU100-31-48,URBANO,VIOLENCIA,99,100.0,100.0,CUBIERTO,CUBIERTO
GIU100-31-53,URBANO,VIOLENCIA,99,100.0,100.0,CUBIERTO,CUBIERTO
GIU100-31-56,URBANO,VIOLENCIA,99,100.0,100.0,CUBIERTO,CUBIERTO
GIU100-31-59,URBANO,VIOLENCIA,99,100.0,100.0,CUBIERTO,CUBIERTO
GIU100-31-60,URBANO,VIOLENCIA,99,100.0,100.0,CUBIERTO,CUBIERTO
GIU100-32-54,URBANO,VIOLENCIA,99,100.0,100.0,CUBIERTO,CUBIERTO
GIU100-32-55,URBANO,VIOLENCIA,99,100.0,100.0,CUBIERTO,CUBIERTO
GIU100-32-61,URBANO,VIOLENCIA,99,100.0,100.0,CUBIERTO,CUBIERTO
GIU100-33-36,URBANO,VIOLENCIA,99,100.0,100.0,CUBIERTO,CUBIERTO
GIU100-33-38,URBANO,VIOLENCIA,99,100.0,100.0,CUBIERTO,CUBIERTO
GIU100-33-54,URBANO,VIOLENCIA,99,100.0,100.0,CUBIERTO,CUBIERTO
GIU100-33-55,URBANO,VIOLENCIA,99,100.0,100.0,CUBIERTO,CUBIERTO
GIU100-34-37,URBANO,VIOLENCIA,99,100.0,100.0,CUBIERTO,CUBIERTO
GIU100-34-38,URBANO,VIOLENCIA,99,100.0,100.0,CUBIERTO,CUBIERTO
GIU100-34-39,URBANO,VIOLENCIA,99,100.0,100.0,CUBIERTO,CUBIERTO
GIU100-34-53,URBANO,VIOLENCIA,99,100.0,100.0,CUBIERTO,CUBIERTO
GIU100-34-54,URBANO,VIOLENCIA,99,100.0,100.0,CUBIERTO,CUBIERTO
GIU100-34-55,URBANO,VIOLENCIA,99,100.0,100.0,CUBIERTO,CUBIERTO
GIU100-34-56,URBANO,VIOLENCIA,99,24.825989667999227,24.825989667999227,PARCIALMENTE CUBIERTO,PARCIALMENTE CUBIERTO
GIU100-34-62,URBANO,VIOLENCIA,99,58.58263413606182,58.58263413606182,PARCIALMENTE CUBIERTO,PARCIALMENTE CUBIERTO
GIU100-34-63,URBANO,VIOLENCIA,99,100.0,100.0,CUBIERTO,CUBIERTO
GIU100-34-66,URBANO,VIOLENCIA,99,99.69391007363096,99.69391007363096,PARCIALMENTE CUBIERTO,PARCIALMENTE CUBIERTO
GIU100-34-67,URBANO,VIOLENCIA,99,100.0,100.0,CUBIERTO,CUBIERTO
GIU100-35-37,URBANO,VIOLENCIA,99,100.0,100.0,CUBIERTO,CUBIERTO
GIU100-35-38,URBANO,VIOLENCIA,99,100.0,100.0,CUBIERTO,CUBIERTO
GIU100-35-39,URBANO,VIOLENCIA,99,100.0,100.0,CUBIERTO,CUBIERTO
GIU100-35-40,URBANO,VIOLENCIA,99,93.21142303041671,93.21142303041671,PARCIALMENTE CUBIERTO,PARCIALMENTE CUBIERTO
GIU100-35-53,URBANO,VIOLENCIA,99,100.0,100.0,CUBIERTO,CUBIERTO
GIU100-35-54,URBANO,VIOLENCIA,99,99.99999999999997,99.99999999999997,CUBIERTO,CUBIERTO
GIU100-35-55,URBANO,VIOLENCIA,99,78.16792887684926,78.16792887684926,PARCIALMENTE CUBIERTO,PARCIALMENTE CUBIERTO
GIU100-35-56,URBANO,VIOLENCIA,99,0.3823186307074028,0.3823186307074028,PARCIALMENTE CUBIERTO,PARCIALMENTE CUBIERTO
GIU100-35-61,URBANO,VIOLENCIA,99,79.09949026936478,79.09949026936478,PARCIALMENTE CUBIERTO,PARCIALMENTE CUBIERTO
GIU100-35-62,URBANO,VIOLENCIA,99,90.39290122207515,90.39290122207515,PARCIALMENTE CUBIERTO,PARCIALMENTE CUBIERTO
GIU100-35-63,URBANO,VIOLENCIA,99,100.0,100.0,CUBIERTO,CUBIERTO
GIU100-35-64,URBANO,VIOLENCIA,99,100.0,100.0,CUBIERTO,CUBIERTO
GIU100-35-65,URBANO,VIOLENCIA,99,100.0,100.0,CUBIERTO,CUBIERTO
GIU100-36-37,URBANO,VIOLENCIA,99,71.41025161690494,71.41025161690494,PARCIALMENTE CUBIERTO,PARCIALMENTE CUBIERTO
GIU100-36-38,URBANO,VIOLENCIA,99,100.0,100.0,CUBIERTO,CUBIERTO
GIU100-36-39,URBANO,VIOLENCIA,99,100.0,100.0,CUBIERTO,CUBIERTO
GIU100-36-40,URBANO,VIOLENCIA,99,84.82358609704933,84.82358609704933,PARCIALMENTE CUBIERTO,PARCIALMENTE CUBIERTO
GIU100-36-41,URBANO,VIOLENCIA,99,29.92918892770492,29.92918892770492,PARCIALMENTE CUBIERTO,PARCIALMENTE CUBIERTO
GIU100-36-62,URBANO,VIOLENCIA,99,100.0,100.0,CUBIERTO,CUBIERTO
GIU100-36-63,URBANO,VIOLENCIA,99,100.0,100.0,CUBIERTO,CUBIERTO
GIU100-36-66,URBANO,VIOLENCIA,99,100.0,100.0,CUBIERTO,CUBIERTO
GIU100-37-38,URBANO,VIOLENCIA,99,100.0,100.0,CUBIERTO,CUBIERTO
GIU100-37-39,URBANO,VIOLENCIA,99,100.0,100.0,CUBIERTO,CUBIERTO
GIU100-37-40,URBANO,VIOLENCIA,99,100.0,100.0,CUBIERTO,CUBIERTO
GIU100-37-62,URBANO,VIOLENCIA,99,100.0,100.0,CUBIERTO,CUBIERTO
GIU100-37-63,URBANO,VIOLENCIA,99,100.0,100.0,CUBIERTO,CUBIERTO
GIU100-38-39,URBANO,VIOLENCIA,99,100.0,100.0,CUBIERTO,CUBIERTO
GIU100-38-61,URBANO,VIOLENCIA,99,100.0,100.0,CUBIERTO,CUBIERTO
GIU100-38-64,URBANO,VIOLENCIA,99,100.0,100.0,CUBIERTO,CUBIERTO
GIU100-39-65,URBANO,VIOLENCIA,99,91.1262241324351,91.1262241324351,PARCIALMENTE CUBIERTO,PARCIALMENTE CUBIERTO
GIU100-41-29,URBANO,VIOLENCIA,99,100.0,100.0,CUBIERTO,CUBIERTO
GIU100-42-29,URBANO,VIOLENCIA,99,100.0,100.0,CUBIERTO,CUBIERTO
GIU100-45-3,URBANO,VIOLENCIA,99,100.0,100.0,CUBIERTO,CUBIERTO
GIU100-45-4,URBANO,VIOLENCIA,99,100.0,100.0,CUBIERTO,CUBIERTO
GIU100-46-3,URBANO,VIOLENCIA,99,100.0,100.0,CUBIERTO,CUBIERTO
GIU100-46-4,URBANO,VIOLENCIA,99,99.71070636962853,99.71070636962853,PARCIALMENTE CUBIERTO,PARCIALMENTE CUBIERTO
GIU100-46-10,URBANO,VIOLENCIA,99,100.0,100.0,CUBIERTO,CUBIERTO
GIU100-47-3,URBANO,VIOLENCIA,99,56.509057372194974,56.509057372194974,PARCIALMENTE CUBIERTO,PARCIALMENTE CUBIERTO
GIU100-47-4,URBANO,VIOLENCIA,99,68.33602735717852,68.33602735717852,PARCIALMENTE CUBIERTO,PARCIALMENTE CUBIERTO
GIU100-47-5,URBANO,VIOLENCIA,99,100.0,100.0,CUBIERTO,CUBIERTO
GIU100-47-9,URBANO,VIOLENCIA,99,100.0,100.0,CUBIERTO,CUBIERTO
GIU100-47-10,URBANO,VIOLENCIA,99,100.0,100.0,CUBIERTO,CUBIERTO
GIU100-48-4,URBANO,VIOLENCIA,99,100.0,100.0,CUBIERTO,CUBIERTO
GIU100-52-15,URBANO,VIOLENCIA,99,0.0,0.0,SIN COBERTURA,SIN COBERTURA
GIU100-53-14,URBANO,VIOLENCIA,99,44.99135594620183,44.99135594620183,PARCIALMENTE CUBIERTO,PARCIALMENTE CUBIERTO
GIU100-53-15,URBANO,VIOLENCIA,99,58.153188698398154,58.153188698398154,PARCIALMENTE CUBIERTO,PARCIALMENTE CUBIERTO
GIU100-53-16,URBANO,VIOLENCIA,99,94.99867198609893,94.99867198609893,PARCIALMENTE CUBIERTO,PARCIALMENTE CUBIERTO
GIU100-54-13,URBANO,VIOLENCIA,99,93.04796821488831,93.04796821488831,PARCIALMENTE CUBIERTO,PARCIALMENTE CUBIERTO
GIU100-54-14,URBANO,VIOLENCIA,99,39.85260532375816,39.85260532375816,PARCIALMENTE CUBIERTO,PARCIALMENTE CUBIERTO
GIU100-54-15,URBANO,VIOLENCIA,99,100.0,100.0,CUBIERTO,CUBIERTO
GIU100-54-16,URBANO,VIOLENCIA,99,100.0,100.0,CUBIERTO,CUBIERTO
GIU100-54-17,URBANO,VIOLENCIA,99,100.0,100.0,CUBIERTO,CUBIERTO
GIU100-55-14,URBANO,VIOLENCIA,99,28.201084970802754,28.201084970802754,PARCIALMENTE CUBIERTO,PARCIALMENTE CUBIERTO
GIU100-55-15,URBANO,VIOLENCIA,99,100.0,100.0,CUBIERTO,CUBIERTO
GIU100-55-16,URBANO,VIOLENCIA,99,100.0,100.0,CUBIERTO,CUBIERTO
GIU100-55-27,URBANO,VIOLENCIA,99,100.0,100.0,CUBIERTO,CUBIERTO
GIU100-55-28,URBANO,VIOLENCIA,99,98.1709626938206,98.1709626938206,PARCIALMENTE CUBIERTO,PARCIALMENTE CUBIERTO
GIU100-56-15,URBANO,VIOLENCIA,99,62.95318869912122,62.95318869912122,PARCIALMENTE CUBIERTO,PARCIALMENTE CUBIERTO
GIU100-56-28,URBANO,VIOLENCIA,99,100.0,100.0,CUBIERTO,CUBIERTO
GIU100-56-29,URBANO,VIOLENCIA,99,18.398208830505435,18.398208830505435,PARCIALMENTE CUBIERTO,PARCIALMENTE CUBIERTO
R-1000-25-28,RURAL,DELINCUENCIA,99,0.0,0.0,SIN COBERTURA,SIN COBERTURA
R-1000-25-30,RURAL,DELINCUENCIA,99,0.0,0.0,SIN COBERTURA,SIN COBERTURA
R-1000-26-27,RURAL,DELINCUENCIA,99,0.0,0.0,SIN COBERTURA,SIN COBERTURA
R-1000-26-28,RURAL,DELINCUENCIA,99,0.0,0.0,SIN COBERTURA,SIN COBERTURA
R-1000-26-29,RURAL,DELINCUENCIA,99,21.5101367088438,21.5101367088438,PARCIALMENTE CUBIERTO,PARCIALMENTE CUBIERTO
R-1000-26-30,RURAL,DELINCUENCIA,99,0.0,0.0,SIN COBERTURA,SIN COBERTURA
R-1000-26-31,RURAL,DELINCUENCIA,99,0.0,0.0,SIN COBERTURA,SIN COBERTURA
R-1000-26-32,RURAL,DELINCUENCIA,99,0.0,0.0,SIN COBERTURA,SIN COBERTURA
R-1000-27-28,RURAL,DELINCUENCIA,99,0.0,0.0,SIN COBERTURA,SIN COBERTURA
R-1000-27-29,RURAL,DELINCUENCIA,99,1.0363959049998919,1.0363959049998919,PARCIALMENTE CUBIERTO,PARCIALMENTE CUBIERTO
R-1000-27-30,RURAL,DELINCUENCIA,99,0.0,0.0,SIN COBERTURA,SIN COBERTURA
R-1000-27-31,RURAL,DELINCUENCIA,99,0.0,0.0,SIN COBERTURA,SIN COBERTURA
R-1000-27-32,RURAL,DELINCUENCIA,99,0.0,0.0,SIN COBERTURA,SIN COBERTURA
R-1000-28-27,RURAL,DELINCUENCIA,99,0.0,0.0,SIN COBERTURA,SIN COBERTURA
R-1000-28-28,RURAL,DELINCUENCIA,99,0.0,0.0,SIN COBERTURA,SIN COBERTURA
R-1000-28-29,RURAL,DELINCUENCIA,99,0.909980009843923,0.909980009843923,PARCIALMENTE CUBIERTO,PARCIALMENTE CUBIERTO
R-1000-28-30,RURAL,DELINCUENCIA,99,8.90634062874792,8.90634062874792,PARCIALMENTE CUBIERTO,PARCIALMENTE CUBIERTO
R-1000-28-31,RURAL,DELINCUENCIA,99,0.0,0.0,SIN COBERTURA,SIN COBERTURA
R-1000-28-32,RURAL,DELINCUENCIA,99,0.0,0.0,SIN COBERTURA,SIN COBERTURA
R-1000-29-29,RURAL,DELINCUENCIA,99,74.81677191210791,74.81677191210791,PARCIALMENTE CUBIERTO,PARCIALMENTE CUBIERTO
R-1000-29-30,RURAL,DELINCUENCIA,99,89.44811912819446,89.44811912819446,PARCIALMENTE CUBIERTO,PARCIALMENTE CUBIERTO
R-1000-29-31,RURAL,DELINCUENCIA,99,0.0,0.0,SIN COBERTURA,SIN COBERTURA
R-1000-31-22,RURAL,DELINCUENCIA,99,0.0,0.0,SIN COBERTURA,SIN COBERTURA
R-1000-31-23,RURAL,DELINCUENCIA,99,0.0,0.0,SIN COBERTURA,SIN COBERTURA
R-1000-32-18,RURAL,DELINCUENCIA,99,0.0,0.0,SIN COBERTURA,SIN COBERTURA
R-1000-32-19,RURAL,DELINCUENCIA,99,0.0,0.0,SIN COBERTURA,SIN COBERTURA
R-1000-32-20,RURAL,DELINCUENCIA,99,0.0,0.0,SIN COBERTURA,SIN COBERTURA
R-1000-32-21,RURAL,DELINCUENCIA,99,0.0,0.0,SIN COBERTURA,SIN COBERTURA
R-1000-32-22,RURAL,DELINCUENCIA,99,2.2421690332081896,2.2421690332081896,PARCIALMENTE CUBIERTO,PARCIALMENTE CUBIERTO
R-1000-32-23,RURAL,DELINCUENCIA,99,9.968304670072547,9.968304670072547,PARCIALMENTE CUBIERTO,PARCIALMENTE CUBIERTO
R-1000-32-24,RURAL,DELINCUENCIA,99,0.0,0.0,SIN COBERTURA,SIN COBERTURA
R-1000-33-17,RURAL,DELINCUENCIA,99,24.26699495066293,24.26699495066293,PARCIALMENTE CUBIERTO,PARCIALMENTE CUBIERTO
R-1000-33-18,RURAL,DELINCUENCIA,99,7.710210653365039,7.710210653365039,PARCIALMENTE CUBIERTO,PARCIALMENTE CUBIERTO
R-1000-33-19,RURAL,DELINCUENCIA,99,0.0,0.0,SIN COBERTURA,SIN COBERTURA
R-1000-33-20,RURAL,DELINCUENCIA,99,0.0,0.0,SIN COBERTURA,SIN COBERTURA
R-1000-33-21,RURAL,DELINCUENCIA,99,0.0,0.0,SIN COBERTURA,SIN COBERTURA
R-1000-33-22,RURAL,DELINCUENCIA,99,17.351263062871773,17.351263062871773,PARCIALMENTE CUBIERTO,PARCIALMENTE CUBIERTO
R-1000-33-23,RURAL,DELINCUENCIA,99,11.879345086567355,11.879345086567355,PARCIALMENTE CUBIERTO,PARCIALMENTE CUBIERTO
R-1000-34-18,RURAL,DELINCUENCIA,99,8.656255450864823,8.656255450864823,PARCIALMENTE CUBIERTO,PARCIALMENTE CUBIERTO
R-1000-34-19,RURAL,DELINCUENCIA,99,0.0,0.0,SIN COBERTURA,SIN COBERTURA
R-1000-34-20,RURAL,DELINCUENCIA,99,0.0,0.0,SIN COBERTURA,SIN COBERTURA
R-1000-34-21,RURAL,DELINCUENCIA,99,0.0,0.0,SIN COBERTURA,SIN COBERTURA
R-1000-34-22,RURAL,DELINCUENCIA,99,0.0,0.0,SIN COBERTURA,SIN COBERTURA
R-1000-34-23,RURAL,DELINCUENCIA,99,0.0,0.0,SIN COBERTURA,SIN COBERTURA
R-1000-35-19,RURAL,DELINCUENCIA,99,0.0,0.0,SIN COBERTURA,SIN COBERTURA
R-1000-35-22,RURAL,DELINCUENCIA,99,12.565109003698996,12.565109003698996,PARCIALMENTE CUBIERTO,PARCIALMENTE CUBIERTO
R-1000-25-28,RURAL,VIOLENCIA,99,0.0,0.0,SIN COBERTURA,SIN COBERTURA
R-1000-25-29,RURAL,VIOLENCIA,99,0.0,0.0,SIN COBERTURA,SIN COBERTURA
R-1000-25-30,RURAL,VIOLENCIA,99,0.0,0.0,SIN COBERTURA,SIN COBERTURA
R-1000-25-31,RURAL,VIOLENCIA,99,0.0,0.0,SIN COBERTURA,SIN COBERTURA
R-1000-25-32,RURAL,VIOLENCIA,99,0.0,0.0,SIN COBERTURA,SIN COBERTURA
R-1000-26-27,RURAL,VIOLENCIA,99,0.0,0.0,SIN COBERTURA,SIN COBERTURA
R-1000-26-28,RURAL,VIOLENCIA,99,0.0,0.0,SIN COBERTURA,SIN COBERTURA
R-1000-26-29,RURAL,VIOLENCIA,99,21.5101367088438,21.5101367088438,PARCIALMENTE CUBIERTO,PARCIALMENTE CUBIERTO
R-1000-26-30,RURAL,VIOLENCIA,99,0.0,0.0,SIN COBERTURA,SIN COBERTURA
R-1000-26-31,RURAL,VIOLENCIA,99,0.0,0.0,SIN COBERTURA,SIN COBERTURA
R-1000-26-32,RURAL,VIOLENCIA,99,0.0,0.0,SIN COBERTURA,SIN COBERTURA
R-1000-26-33,RURAL,VIOLENCIA,99,0.0,0.0,SIN COBERTURA,SIN COBERTURA
R-1000-27-26,RURAL,VIOLENCIA,99,0.0,0.0,SIN COBERTURA,SIN COBERTURA
R-1000-27-27,RURAL,VIOLENCIA,99,0.0,0.0,SIN COBERTURA,SIN COBERTURA
R-1000-27-28,RURAL,VIOLENCIA,99,0.0,0.0,SIN COBERTURA,SIN COBERTURA
R-1000-27-29,RURAL,VIOLENCIA,99,1.0363959049998919,1.0363959049998919,PARCIALMENTE CUBIERTO,PARCIALMENTE CUBIERTO
R-1000-27-30,RURAL,VIOLENCIA,99,0.0,0.0,SIN COBERTURA,SIN COBERTURA
R-1000-27-31,RURAL,VIOLENCIA,99,0.0,0.0,SIN COBERTURA,SIN COBERTURA
R-1000-27-32,RURAL,VIOLENCIA,99,0.0,0.0,SIN COBERTURA,SIN COBERTURA
R-1000-28-27,RURAL,VIOLENCIA,99,0.0,0.0,SIN COBERTURA,SIN COBERTURA
R-1000-28-28,RURAL,VIOLENCIA,99,0.0,0.0,SIN COBERTURA,SIN COBERTURA
R-1000-28-29,RURAL,VIOLENCIA,99,0.909980009843923,0.909980009843923,PARCIALMENTE CUBIERTO,PARCIALMENTE CUBIERTO
R-1000-28-30,RURAL,VIOLENCIA,99,8.90634062874792,8.90634062874792,PARCIALMENTE CUBIERTO,PARCIALMENTE CUBIERTO
R-1000-28-31,RURAL,VIOLENCIA,99,0.0,0.0,SIN COBERTURA,SIN COBERTURA
R-1000-28-32,RURAL,VIOLENCIA,99,0.0,0.0,SIN COBERTURA,SIN COBERTURA
R-1000-29-29,RURAL,VIOLENCIA,99,74.81677191210791,74.81677191210791,PARCIALMENTE CUBIERTO,PARCIALMENTE CUBIERTO
R-1000-29-30,RURAL,VIOLENCIA,99,89.44811912819446,89.44811912819446,PARCIALMENTE CUBIERTO,PARCIALMENTE CUBIERTO
R-1000-29-31,RURAL,VIOLENCIA,99,0.0,0.0,SIN COBERTURA,SIN COBERTURA
R-1000-31-22,RURAL,VIOLENCIA,99,0.0,0.0,SIN COBERTURA,SIN COBERTURA
R-1000-31-23,RURAL,VIOLENCIA,99,0.0,0.0,SIN COBERTURA,SIN COBERTURA
R-1000-32-18,RURAL,VIOLENCIA,99,0.0,0.0,SIN COBERTURA,SIN COBERTURA
R-1000-32-21,RURAL,VIOLENCIA,99,0.0,0.0,SIN COBERTURA,SIN COBERTURA
R-1000-32-22,RURAL,VIOLENCIA,99,2.2421690332081896,2.2421690332081896,PARCIALMENTE CUBIERTO,PARCIALMENTE CUBIERTO
R-1000-32-23,RURAL,VIOLENCIA,99,9.968304670072547,9.968304670072547,PARCIALMENTE CUBIERTO,PARCIALMENTE CUBIERTO
R-1000-32-24,RURAL,VIOLENCIA,99,0.0,0.0,SIN COBERTURA,SIN COBERTURA
R-1000-33-20,RURAL,VIOLENCIA,99,0.0,0.0,SIN COBERTURA,SIN COBERTURA
R-1000-33-21,RURAL,VIOLENCIA,99,0.0,0.0,SIN COBERTURA,SIN COBERTURA
R-1000-33-22,RURAL,VIOLENCIA,99,17.351263062871773,17.351263062871773,PARCIALMENTE CUBIERTO,PARCIALMENTE CUBIERTO
R-1000-33-23,RURAL,VIOLENCIA,99,11.879345086567355,11.879345086567355,PARCIALMENTE CUBIERTO,PARCIALMENTE CUBIERTO
R-1000-34-21,RURAL,VIOLENCIA,99,0.0,0.0,SIN COBERTURA,SIN COBERTURA
R-1000-34-22,RURAL,VIOLENCIA,99,0.0,0.0,SIN COBERTURA,SIN COBERTURA
R-1000-34-23,RURAL,VIOLENCIA,99,0.0,0.0,SIN COBERTURA,SIN COBERTURA
R-1000-35-22,RURAL,VIOLENCIA,99,12.565109003698996,12.565109003698996,PARCIALMENTE CUBIERTO,PARCIALMENTE CUBIERTO
