PARROQUIA,CODIGO_CPV_PROPUESTO,POBLACION_CPV,CONCORDANCIA_GEOMETRICA_PCT,INCIDENTES,DELINCUENCIA,VIOLENCIA,CONVIVENCIA,INSTITUCIONAL,OTROS_REVISION,DEPENDENCIAS_INVENTARIADAS,GI_RURAL,TASAS_RURALES,CAMARAS_RURALES
CACHA,060151,2362,100.0,36,3,2,5,23,3,0,NO CALCULADO,PENDIENTE CONCORDANCIA DE AMBITOS,INVENTARIO NO DISPONIBLE
CALPI,060152,6223,100.0,236,26,18,54,129,9,1,NO CALCULADO,PENDIENTE CONCORDANCIA DE AMBITOS,INVENTARIO NO DISPONIBLE
CUBIJIES,060153,3264,100.0,85,10,9,21,42,3,1,NO CALCULADO,PENDIENTE CONCORDANCIA DE AMBITOS,INVENTARIO NO DISPONIBLE
FLORES,060154,2733,100.0,17,2,1,2,11,1,0,NO CALCULADO,PENDIENTE CONCORDANCIA DE AMBITOS,INVENTARIO NO DISPONIBLE
LICAN,060155,11726,100.0,519,63,65,101,263,27,0,NO CALCULADO,PENDIENTE CONCORDANCIA DE AMBITOS,INVENTARIO NO DISPONIBLE
LICTO,060156,6778,100.0,122,13,12,21,74,2,1,NO CALCULADO,PENDIENTE CONCORDANCIA DE AMBITOS,INVENTARIO NO DISPONIBLE
PUNGALA,060157,3925,100.0,33,1,3,5,19,5,1,NO CALCULADO,PENDIENTE CONCORDANCIA DE AMBITOS,INVENTARIO NO DISPONIBLE
PUNIN,060158,4682,100.0,66,9,3,13,37,4,1,NO CALCULADO,PENDIENTE CONCORDANCIA DE AMBITOS,INVENTARIO NO DISPONIBLE
QUIMIAG,060159,4479,100.0,62,7,7,11,31,6,1,NO CALCULADO,PENDIENTE CONCORDANCIA DE AMBITOS,INVENTARIO NO DISPONIBLE
SAN JUAN,060160,6309,99.97739957111875,139,10,19,22,84,4,1,NO CALCULADO,PENDIENTE CONCORDANCIA DE AMBITOS,INVENTARIO NO DISPONIBLE
SAN LUIS,060161,19510,100.0,819,75,107,147,464,26,1,NO CALCULADO,PENDIENTE CONCORDANCIA DE AMBITOS,INVENTARIO NO DISPONIBLE
