"SUBTIPO";"N_REGISTROS";"CLASE_ACTUAL";"CATEGORIA_ACTUAL";"CATEGORIA_ANALITICA";"REGLA";"ESTADO"
"Bomberos";"21";"4";"ACTIVIDAD_INSTITUCIONAL";"OTROS_REVISION";"LISTA_EXPLICITA_SOLICITUD_NO_APLICADA";"PROPUESTA_OTROS_REVISION_REQUIERE_CONFIRMACION"
"Comercialización de sustancias sujetas a fiscalización";"9";"5";"OTROS_REVISION";"DELINCUENCIA";"LISTA_EXPLICITA_SOLICITUD_NO_APLICADA";"PROPUESTA_NO_APLICADA"
"Consumo de sustancias sujetas a fiscalización";"51";"5";"OTROS_REVISION";"CONVIVENCIA";"LISTA_EXPLICITA_SOLICITUD_NO_APLICADA";"PROPUESTA_NO_APLICADA"
"Disparos";"2";"5";"OTROS_REVISION";"VIOLENCIA";"LISTA_EXPLICITA_SOLICITUD_NO_APLICADA";"PROPUESTA_NO_APLICADA"
"Persona herida con arma blanca";"16";"5";"OTROS_REVISION";"VIOLENCIA";"LISTA_EXPLICITA_SOLICITUD_NO_APLICADA";"PROPUESTA_NO_APLICADA"
"Persona herida con arma de fuego";"8";"5";"OTROS_REVISION";"VIOLENCIA";"LISTA_EXPLICITA_SOLICITUD_NO_APLICADA";"PROPUESTA_NO_APLICADA"
"Persona herida con objeto contundente";"4";"5";"OTROS_REVISION";"VIOLENCIA";"LISTA_EXPLICITA_SOLICITUD_NO_APLICADA";"PROPUESTA_NO_APLICADA"
"Tenencia ilícita de sustancias sujetas a fiscalización";"6";"5";"OTROS_REVISION";"DELINCUENCIA";"LISTA_EXPLICITA_SOLICITUD_NO_APLICADA";"PROPUESTA_NO_APLICADA"
"Tenencia y porte de arma blanca o cortopunzante";"9";"5";"OTROS_REVISION";"DELINCUENCIA";"LISTA_EXPLICITA_SOLICITUD_NO_APLICADA";"PROPUESTA_NO_APLICADA"
"Tenencia y porte de armas de fuego";"4";"5";"OTROS_REVISION";"DELINCUENCIA";"LISTA_EXPLICITA_SOLICITUD_NO_APLICADA";"PROPUESTA_NO_APLICADA"
"Trata de personas";"1";"5";"OTROS_REVISION";"VIOLENCIA";"LISTA_EXPLICITA_SOLICITUD_NO_APLICADA";"PROPUESTA_NO_APLICADA"
