ESCENARIO,N_EVENTOS,BANDWIDTH,MASA_KDE_CENTRAL_HIJK,MAX_DENSIDAD_CENTRAL,AREA_INFLUENCIA_CENTRAL_KM2,MASA_CENTRAL_XY_ALTA_REPETICION,PORCENTAJE_MASA_CENTRAL_XY_ALTA_REPETICION
PUBLICADO_DELINCUENCIA_700,2199,700,847.1767200364318,286.89605030422143,6.4508,599.7333504436956,70.79200080213545
CORREGIDO_DELINCUENCIA_700,2229,700,860.3267111857932,293.4137067803561,6.4508,610.0979511138132,70.91468196691368
NUEVO_DELINCUENCIA,2229,500,890.9394255806991,376.749600607366,6.4508,631.8376094453834,70.91813329885613
PUBLICADO_VIOLENCIA_700,1244,700,392.4504576151052,112.22947192775185,6.4508,251.01136502122736,63.96001333432158
CORREGIDO_VIOLENCIA_700,1268,700,399.03232379505704,114.2735262730714,6.4508,256.7315922697065,64.33854526571231
NUEVO_VIOLENCIA,1268,400,418.7019099625631,164.131113545167,6.4488,269.9792178960792,64.48005406046954
PUBLICADO_CONVIVENCIA_700,6367,700,2556.901113016693,684.2853081042819,6.4508,1779.4296434853636,69.59321322309371
CORREGIDO_CONVIVENCIA_700,6418,700,2599.4221571319886,704.7061324786876,6.4508,1819.7347288191004,70.00535576056112
NUEVO_CONVIVENCIA,6418,300,2720.6330192107193,1712.0512571518948,6.4388000000000005,1878.1707264560828,69.0343281579725
PUBLICADO_GENERAL_ANALITICO_700,9810,700,3796.5282906682305,991.5183774687406,6.4508,2630.1743589502867,69.27840799751678
PUBLICADO_RECLASIFICADO_INSTITUCIONAL_700,2,700,0.9252902624908428,0.8254694119823188,1.4088,0.0,0.0
CONTRAFACTUAL_TODOS_700,23732,700,9731.9189264517,3173.532043640059,6.4508,7139.2460679806145,73.35907873806768
CONTRAFACTUAL_INSTITUCIONAL_700,13140,700,5597.943255849635,2064.021714856054,6.4508,4244.383026558477,75.8204010396722
