scope,category,records,bandwidth,cellSize,concentrations,fixedConcentrationThreshold,influenceAreaKm2,supportComponents,supportComponentsMergedVsSmallest,maxDensityEventsKm2,highRecurrenceShareAtMaximumPct,cvMeanLogLikelihood,heldOutLocationsWithoutSupport,recommended
URBANO,DELINCUENCIA,2229,200,20,59,131.8623602125781,25.3008,4,0,770.7560007555621,94.71445037752461,-3.8151308704544857,29,False
URBANO,DELINCUENCIA,2229,250,20,39,131.8623602125781,26.79,3,1,586.3841430496344,94.26321841250605,-3.673713198215286,21,False
URBANO,DELINCUENCIA,2229,300,20,21,131.8623602125781,27.7024,3,1,544.4433842531527,91.07409931134076,-3.3692813381826103,5,False
URBANO,DELINCUENCIA,2229,400,20,19,131.8623602125781,28.6988,2,2,444.90475317442747,86.67573859246193,-3.298740306319799,2,False
URBANO,DELINCUENCIA,2229,500,20,15,131.8623602125781,29.0724,2,2,376.749600607366,85.96168386547541,-3.2795874387620807,1,True
URBANO,DELINCUENCIA,2229,700,20,22,131.8623602125781,29.2864,1,3,293.4137067803561,79.83055675968424,-3.2838994339525516,0,False
URBANO,VIOLENCIA,1268,200,20,117,57.44588974080845,23.9944,4,0,441.58145776793674,93.35564748819074,-4.056262522090321,31,False
URBANO,VIOLENCIA,1268,250,20,93,57.44588974080845,25.6264,6,-2,293.79060146940213,91.43509605158677,-3.501824563666829,9,False
URBANO,VIOLENCIA,1268,300,20,89,57.44588974080845,26.6864,4,0,218.0442947758085,90.49653763616908,-3.333712670282855,3,False
URBANO,VIOLENCIA,1268,400,20,59,57.44588974080845,27.9832,3,1,164.131113545167,87.20804633098078,-3.286567187805104,1,True
URBANO,VIOLENCIA,1268,500,20,29,57.44588974080845,28.6336,1,3,137.88208929196568,72.91383012945934,-3.2946521386191168,1,False
URBANO,VIOLENCIA,1268,700,20,11,57.44588974080845,29.1396,1,3,114.2735262730714,78.71666461488184,-3.3413265364466778,1,False
URBANO,CONVIVENCIA,6418,200,20,42,599.2179400031631,26.1664,4,0,3038.195341858464,70.65285060609045,-3.307784871355584,12,False
URBANO,CONVIVENCIA,6418,250,20,14,599.2179400031631,27.2456,2,2,2222.928701730627,66.02767994463777,-3.259612803774335,5,False
URBANO,CONVIVENCIA,6418,300,20,13,599.2179400031631,27.8644,1,3,1712.0512571518948,63.44640859947383,-3.2266711765133085,1,True
URBANO,CONVIVENCIA,6418,400,20,11,599.2179400031631,28.4552,1,3,1227.5182112255072,62.19292721484475,-3.236491473098497,0,False
URBANO,CONVIVENCIA,6418,500,20,5,599.2179400031631,28.8176,1,3,910.060467747187,60.551177209720755,-3.2546777932978133,0,False
URBANO,CONVIVENCIA,6418,700,20,7,599.2179400031631,29.212,1,3,704.7061324786876,81.88050786381979,-3.3028288976860667,0,False
RURAL,DELINCUENCIA,219,500,100,10,3.334245977768644,47.58,38,0,53.91444077173685,74.20991959751747,-11.028681957166782,42,False
RURAL,DELINCUENCIA,219,750,100,7,3.334245977768644,87.02,29,9,28.246358429048946,67.87795810156024,-10.356750333633666,37,False
RURAL,DELINCUENCIA,219,1000,100,3,3.334245977768644,130.86,23,15,18.64332949949549,57.55500813333556,-9.604620293450353,32,False
RURAL,DELINCUENCIA,219,1200,100,3,3.334245977768644,167.08,21,17,14.201365331857817,59.26192467446819,-8.451862453657476,24,False
RURAL,DELINCUENCIA,219,1500,100,3,3.334245977768644,219.26,8,30,9.526417079338984,59.03303008857856,-7.9257170520181575,20,True
RURAL,VIOLENCIA,247,500,100,13,3.8678719711841185,50.14,39,0,48.895971817175464,68.73426132139282,-9.960142087304172,40,False
RURAL,VIOLENCIA,247,750,100,6,3.8678719711841185,91.08,30,9,26.112981713136545,68.26287577545952,-8.916743874938609,32,False
RURAL,VIOLENCIA,247,1000,100,3,3.8678719711841185,136.42,18,21,16.93782756952433,59.96471547438649,-8.324728949797771,27,False
RURAL,VIOLENCIA,247,1200,100,3,3.8678719711841185,171.81,14,25,13.496224611710755,37.010419608024975,-8.107048718028972,25,False
RURAL,VIOLENCIA,247,1500,100,2,3.8678719711841185,221.24,10,29,11.051062774811768,39.96506910395029,-7.515276573763798,20,True
RURAL,CONVIVENCIA,402,500,100,12,5.830390051362074,60.99,46,0,81.79653147105904,74.34910856423801,-7.643780223410083,42,False
RURAL,CONVIVENCIA,402,750,100,8,5.830390051362074,108.25,25,21,43.72605176796661,68.18604359172984,-7.053616953460237,33,False
RURAL,CONVIVENCIA,402,1000,100,6,5.830390051362074,157.29,22,24,27.542678242233045,60.65359445308542,-6.728451540806712,27,False
RURAL,CONVIVENCIA,402,1200,100,3,5.830390051362074,194.07,19,27,22.290484625507254,24.772488010001123,-6.509910109548635,23,False
RURAL,CONVIVENCIA,402,1500,100,3,5.830390051362074,245.39,14,32,16.658257289605928,28.440784594326907,-5.977177624908119,15,True
