SUBTIPO,N_REGISTROS,CLASE_ACTUAL,CATEGORIA_ACTUAL,CATEGORIA_ANALITICA,REGLA,ESTADO
Abandono de adultos,1,5,OTROS_REVISION,OTROS_REVISION,DICCIONARIO_PREVIO_CONSERVADO_PARA_REVISION,EXCLUIDO_PENDIENTE_REVISION
Abandono de adultos mayores,1,5,OTROS_REVISION,OTROS_REVISION,DICCIONARIO_PREVIO_CONSERVADO_PARA_REVISION,EXCLUIDO_PENDIENTE_REVISION
"Abandono de niños, niñas o adolescentes",10,5,OTROS_REVISION,OTROS_REVISION,DICCIONARIO_PREVIO_CONSERVADO_PARA_REVISION,EXCLUIDO_PENDIENTE_REVISION
Abandono de persona,5,5,OTROS_REVISION,OTROS_REVISION,DICCIONARIO_PREVIO_CONSERVADO_PARA_REVISION,EXCLUIDO_PENDIENTE_REVISION
Abigeato,21,1,DELINCUENCIA,DELINCUENCIA,DICCIONARIO_PREVIO_CONSERVADO_PARA_REVISION,APROBADO_OPERATIVO
Aborto,2,5,OTROS_REVISION,OTROS_REVISION,DICCIONARIO_PREVIO_CONSERVADO_PARA_REVISION,EXCLUIDO_PENDIENTE_REVISION
Abuso de confianza,93,1,DELINCUENCIA,DELINCUENCIA,DICCIONARIO_PREVIO_CONSERVADO_PARA_REVISION,APROBADO_OPERATIVO
Abuso sexual,24,2,VIOLENCIA,VIOLENCIA,DICCIONARIO_PREVIO_CONSERVADO_PARA_REVISION,APROBADO_OPERATIVO
Acoso sexual,4,2,VIOLENCIA,VIOLENCIA,DICCIONARIO_PREVIO_CONSERVADO_PARA_REVISION,APROBADO_OPERATIVO
Activación botón de seguridad,6,5,OTROS_REVISION,OTROS_REVISION,DICCIONARIO_PREVIO_CONSERVADO_PARA_REVISION,EXCLUIDO_PENDIENTE_REVISION
Actos inmorales en la vía pública,5,3,CONVIVENCIA,CONVIVENCIA,DICCIONARIO_PREVIO_CONSERVADO_PARA_REVISION,APROBADO_OPERATIVO
Agentes municipales,4,4,ACTIVIDAD_INSTITUCIONAL,ACTIVIDAD_INSTITUCIONAL,DICCIONARIO_PREVIO_CONSERVADO_PARA_REVISION,APROBADO_OPERATIVO
Agresión a la autoridad,1,2,VIOLENCIA,VIOLENCIA,DICCIONARIO_PREVIO_CONSERVADO_PARA_REVISION,APROBADO_OPERATIVO
Agresión física,241,2,VIOLENCIA,VIOLENCIA,DICCIONARIO_PREVIO_CONSERVADO_PARA_REVISION,APROBADO_OPERATIVO
Agresión verbal,53,2,VIOLENCIA,VIOLENCIA,DICCIONARIO_PREVIO_CONSERVADO_PARA_REVISION,APROBADO_OPERATIVO
Agresiones a personas,38,2,VIOLENCIA,VIOLENCIA,DICCIONARIO_PREVIO_CONSERVADO_PARA_REVISION,APROBADO_OPERATIVO
Apoyo a instituciones articuladas,13,4,ACTIVIDAD_INSTITUCIONAL,ACTIVIDAD_INSTITUCIONAL,DICCIONARIO_PREVIO_CONSERVADO_PARA_REVISION,APROBADO_OPERATIVO
Apoyo al control de dispositivos electrónicos de carácter judicial,1,4,ACTIVIDAD_INSTITUCIONAL,ACTIVIDAD_INSTITUCIONAL,DICCIONARIO_PREVIO_CONSERVADO_PARA_REVISION,APROBADO_OPERATIVO
Asesinato,1,2,VIOLENCIA,VIOLENCIA,DICCIONARIO_PREVIO_CONSERVADO_PARA_REVISION,APROBADO_OPERATIVO
Boleta / orden de autoridad,8,4,ACTIVIDAD_INSTITUCIONAL,ACTIVIDAD_INSTITUCIONAL,DICCIONARIO_PREVIO_CONSERVADO_PARA_REVISION,APROBADO_OPERATIVO
Boleta de apremio,71,4,ACTIVIDAD_INSTITUCIONAL,ACTIVIDAD_INSTITUCIONAL,DICCIONARIO_PREVIO_CONSERVADO_PARA_REVISION,APROBADO_OPERATIVO
Boleta de auxilio,26,4,ACTIVIDAD_INSTITUCIONAL,ACTIVIDAD_INSTITUCIONAL,DICCIONARIO_PREVIO_CONSERVADO_PARA_REVISION,APROBADO_OPERATIVO
Boleta de captura,11,4,ACTIVIDAD_INSTITUCIONAL,ACTIVIDAD_INSTITUCIONAL,DICCIONARIO_PREVIO_CONSERVADO_PARA_REVISION,APROBADO_OPERATIVO
Boleta de citación,316,4,ACTIVIDAD_INSTITUCIONAL,ACTIVIDAD_INSTITUCIONAL,DICCIONARIO_PREVIO_CONSERVADO_PARA_REVISION,APROBADO_OPERATIVO
Boleta de comparecencia inmediata,6,4,ACTIVIDAD_INSTITUCIONAL,ACTIVIDAD_INSTITUCIONAL,DICCIONARIO_PREVIO_CONSERVADO_PARA_REVISION,APROBADO_OPERATIVO
Bomberos,21,4,ACTIVIDAD_INSTITUCIONAL,ACTIVIDAD_INSTITUCIONAL,LISTA_EXPLICITA_SOLICITUD_NO_APLICADA,APROBADO_OPERATIVO
C.Plata Paciente Autoreferido,1,5,OTROS_REVISION,OTROS_REVISION,DICCIONARIO_PREVIO_CONSERVADO_PARA_REVISION,EXCLUIDO_PENDIENTE_REVISION
C.Plata Toma Instalaciones,1,5,OTROS_REVISION,OTROS_REVISION,DICCIONARIO_PREVIO_CONSERVADO_PARA_REVISION,EXCLUIDO_PENDIENTE_REVISION
Capturado por civiles,7,5,OTROS_REVISION,OTROS_REVISION,DICCIONARIO_PREVIO_CONSERVADO_PARA_REVISION,EXCLUIDO_PENDIENTE_REVISION
Comercialización de sustancias sujetas a fiscalización,9,5,OTROS_REVISION,DELINCUENCIA,LISTA_EXPLICITA_SOLICITUD_NO_APLICADA,APROBADO_OPERATIVO
Constatar persona sin vida,2,5,OTROS_REVISION,OTROS_REVISION,DICCIONARIO_PREVIO_CONSERVADO_PARA_REVISION,EXCLUIDO_PENDIENTE_REVISION
Consumo de sustancias sujetas a fiscalización,51,5,OTROS_REVISION,CONVIVENCIA,LISTA_EXPLICITA_SOLICITUD_NO_APLICADA,APROBADO_OPERATIVO
Contrabando,1,1,DELINCUENCIA,DELINCUENCIA,DICCIONARIO_PREVIO_CONSERVADO_PARA_REVISION,APROBADO_OPERATIVO
Control de espectáculos religiosos,2,4,ACTIVIDAD_INSTITUCIONAL,ACTIVIDAD_INSTITUCIONAL,DICCIONARIO_PREVIO_CONSERVADO_PARA_REVISION,APROBADO_OPERATIVO
Control de manifestaciones,3,4,ACTIVIDAD_INSTITUCIONAL,ACTIVIDAD_INSTITUCIONAL,DICCIONARIO_PREVIO_CONSERVADO_PARA_REVISION,APROBADO_OPERATIVO
Control de marchas,3,4,ACTIVIDAD_INSTITUCIONAL,ACTIVIDAD_INSTITUCIONAL,DICCIONARIO_PREVIO_CONSERVADO_PARA_REVISION,APROBADO_OPERATIVO
Custodia policial en lugares de riesgo temporal,21,4,ACTIVIDAD_INSTITUCIONAL,ACTIVIDAD_INSTITUCIONAL,DICCIONARIO_PREVIO_CONSERVADO_PARA_REVISION,APROBADO_OPERATIVO
Daño a propiedad privada,105,1,DELINCUENCIA,DELINCUENCIA,DICCIONARIO_PREVIO_CONSERVADO_PARA_REVISION,APROBADO_OPERATIVO
Daño a propiedad pública,5,1,DELINCUENCIA,DELINCUENCIA,DICCIONARIO_PREVIO_CONSERVADO_PARA_REVISION,APROBADO_OPERATIVO
Daño a propiedad pública o privada,5,1,DELINCUENCIA,DELINCUENCIA,DICCIONARIO_PREVIO_CONSERVADO_PARA_REVISION,APROBADO_OPERATIVO
Delitos sexuales,7,2,VIOLENCIA,VIOLENCIA,DICCIONARIO_PREVIO_CONSERVADO_PARA_REVISION,APROBADO_OPERATIVO
Desalojos,2,5,OTROS_REVISION,OTROS_REVISION,DICCIONARIO_PREVIO_CONSERVADO_PARA_REVISION,EXCLUIDO_PENDIENTE_REVISION
Desaparecido,396,5,OTROS_REVISION,OTROS_REVISION,DICCIONARIO_PREVIO_CONSERVADO_PARA_REVISION,EXCLUIDO_PENDIENTE_REVISION
Desaparición de persona,37,5,OTROS_REVISION,OTROS_REVISION,DICCIONARIO_PREVIO_CONSERVADO_PARA_REVISION,EXCLUIDO_PENDIENTE_REVISION
Desaparición forzada,1,2,VIOLENCIA,VIOLENCIA,DICCIONARIO_PREVIO_CONSERVADO_PARA_REVISION,APROBADO_OPERATIVO
Descarga del dispositivo electrónico,3,5,OTROS_REVISION,OTROS_REVISION,DICCIONARIO_PREVIO_CONSERVADO_PARA_REVISION,EXCLUIDO_PENDIENTE_REVISION
Disparos,2,5,OTROS_REVISION,VIOLENCIA,LISTA_EXPLICITA_SOLICITUD_NO_APLICADA,APROBADO_OPERATIVO
Encargos domiciliarios,18,4,ACTIVIDAD_INSTITUCIONAL,ACTIVIDAD_INSTITUCIONAL,DICCIONARIO_PREVIO_CONSERVADO_PARA_REVISION,APROBADO_OPERATIVO
Escándalo,24,3,CONVIVENCIA,CONVIVENCIA,DICCIONARIO_PREVIO_CONSERVADO_PARA_REVISION,APROBADO_OPERATIVO
Escándalo en espacio privado,1092,3,CONVIVENCIA,CONVIVENCIA,DICCIONARIO_PREVIO_CONSERVADO_PARA_REVISION,APROBADO_OPERATIVO
Escándalo en espacio público,837,3,CONVIVENCIA,CONVIVENCIA,DICCIONARIO_PREVIO_CONSERVADO_PARA_REVISION,APROBADO_OPERATIVO
Escándalo por inquilinato,179,3,CONVIVENCIA,CONVIVENCIA,DICCIONARIO_PREVIO_CONSERVADO_PARA_REVISION,APROBADO_OPERATIVO
Estafa,129,1,DELINCUENCIA,DELINCUENCIA,DICCIONARIO_PREVIO_CONSERVADO_PARA_REVISION,APROBADO_OPERATIVO
Eventos clandestinos,2,3,CONVIVENCIA,CONVIVENCIA,DICCIONARIO_PREVIO_CONSERVADO_PARA_REVISION,APROBADO_OPERATIVO
Extorsión,66,1,DELINCUENCIA,DELINCUENCIA,DICCIONARIO_PREVIO_CONSERVADO_PARA_REVISION,APROBADO_OPERATIVO
Extraviado,133,5,OTROS_REVISION,OTROS_REVISION,DICCIONARIO_PREVIO_CONSERVADO_PARA_REVISION,EXCLUIDO_PENDIENTE_REVISION
Falsificación de moneda o documentos,10,1,DELINCUENCIA,DELINCUENCIA,DICCIONARIO_PREVIO_CONSERVADO_PARA_REVISION,APROBADO_OPERATIVO
Falsificación y uso de documento falso,4,1,DELINCUENCIA,DELINCUENCIA,DICCIONARIO_PREVIO_CONSERVADO_PARA_REVISION,APROBADO_OPERATIVO
Falta contra la integridad a servidores policiales,4,2,VIOLENCIA,ACTIVIDAD_INSTITUCIONAL,DICCIONARIO_PREVIO_CONSERVADO_PARA_REVISION,APROBADO_OPERATIVO
Falta contra la integridad a servidores públicos,3,2,VIOLENCIA,VIOLENCIA,DICCIONARIO_PREVIO_CONSERVADO_PARA_REVISION,APROBADO_OPERATIVO
Ficha de datos,319,4,ACTIVIDAD_INSTITUCIONAL,ACTIVIDAD_INSTITUCIONAL,DICCIONARIO_PREVIO_CONSERVADO_PARA_REVISION,APROBADO_OPERATIVO
Ficha de datos información,97,4,ACTIVIDAD_INSTITUCIONAL,ACTIVIDAD_INSTITUCIONAL,DICCIONARIO_PREVIO_CONSERVADO_PARA_REVISION,APROBADO_OPERATIVO
Ficha de datos operativo,63,4,ACTIVIDAD_INSTITUCIONAL,ACTIVIDAD_INSTITUCIONAL,DICCIONARIO_PREVIO_CONSERVADO_PARA_REVISION,APROBADO_OPERATIVO
"Fiestas clandestinas con consumo de alcohol, drogas con presencia de menores de edad",2,3,CONVIVENCIA,CONVIVENCIA,DICCIONARIO_PREVIO_CONSERVADO_PARA_REVISION,APROBADO_OPERATIVO
Fiestas en vivienda,223,3,CONVIVENCIA,CONVIVENCIA,DICCIONARIO_PREVIO_CONSERVADO_PARA_REVISION,APROBADO_OPERATIVO
Fraude a persona,9,1,DELINCUENCIA,DELINCUENCIA,DICCIONARIO_PREVIO_CONSERVADO_PARA_REVISION,APROBADO_OPERATIVO
Hurto,702,1,DELINCUENCIA,DELINCUENCIA,DICCIONARIO_PREVIO_CONSERVADO_PARA_REVISION,APROBADO_OPERATIVO
Libadores,4605,3,CONVIVENCIA,CONVIVENCIA,DICCIONARIO_PREVIO_CONSERVADO_PARA_REVISION,APROBADO_OPERATIVO
Maltrato o muerte de mascotas o animales de compañía,1,5,OTROS_REVISION,OTROS_REVISION,DICCIONARIO_PREVIO_CONSERVADO_PARA_REVISION,EXCLUIDO_PENDIENTE_REVISION
Moneda falsa,1,1,DELINCUENCIA,DELINCUENCIA,DICCIONARIO_PREVIO_CONSERVADO_PARA_REVISION,APROBADO_OPERATIVO
Muerte accidental,1,5,OTROS_REVISION,OTROS_REVISION,DICCIONARIO_PREVIO_CONSERVADO_PARA_REVISION,EXCLUIDO_PENDIENTE_REVISION
Muerte indeterminada,43,5,OTROS_REVISION,OTROS_REVISION,DICCIONARIO_PREVIO_CONSERVADO_PARA_REVISION,EXCLUIDO_PENDIENTE_REVISION
Muerte natural,34,5,OTROS_REVISION,OTROS_REVISION,DICCIONARIO_PREVIO_CONSERVADO_PARA_REVISION,EXCLUIDO_PENDIENTE_REVISION
Muerte por accidente de tránsito,8,5,OTROS_REVISION,OTROS_REVISION,DICCIONARIO_PREVIO_CONSERVADO_PARA_REVISION,EXCLUIDO_PENDIENTE_REVISION
Orden de incautación/embargo,51,4,ACTIVIDAD_INSTITUCIONAL,ACTIVIDAD_INSTITUCIONAL,DICCIONARIO_PREVIO_CONSERVADO_PARA_REVISION,APROBADO_OPERATIVO
Organismos de salud,9,4,ACTIVIDAD_INSTITUCIONAL,ACTIVIDAD_INSTITUCIONAL,DICCIONARIO_PREVIO_CONSERVADO_PARA_REVISION,APROBADO_OPERATIVO
Organismos de tránsito,10,4,ACTIVIDAD_INSTITUCIONAL,ACTIVIDAD_INSTITUCIONAL,DICCIONARIO_PREVIO_CONSERVADO_PARA_REVISION,APROBADO_OPERATIVO
Osamentas,3,5,OTROS_REVISION,OTROS_REVISION,DICCIONARIO_PREVIO_CONSERVADO_PARA_REVISION,EXCLUIDO_PENDIENTE_REVISION
Otra institución,29,4,ACTIVIDAD_INSTITUCIONAL,ACTIVIDAD_INSTITUCIONAL,DICCIONARIO_PREVIO_CONSERVADO_PARA_REVISION,APROBADO_OPERATIVO
Patrullaje policial en el sector solicitado,11692,4,ACTIVIDAD_INSTITUCIONAL,ACTIVIDAD_INSTITUCIONAL,DICCIONARIO_PREVIO_CONSERVADO_PARA_REVISION,APROBADO_OPERATIVO
Persona armada,3,5,OTROS_REVISION,OTROS_REVISION,DICCIONARIO_PREVIO_CONSERVADO_PARA_REVISION,EXCLUIDO_PENDIENTE_REVISION
Persona con dispositivo electrónico no contactada,7,5,OTROS_REVISION,OTROS_REVISION,DICCIONARIO_PREVIO_CONSERVADO_PARA_REVISION,EXCLUIDO_PENDIENTE_REVISION
Persona con dispositivo electrónico que abandona el rango territorial dispuesto,1,5,OTROS_REVISION,OTROS_REVISION,DICCIONARIO_PREVIO_CONSERVADO_PARA_REVISION,EXCLUIDO_PENDIENTE_REVISION
Persona herida,3,5,OTROS_REVISION,OTROS_REVISION,DICCIONARIO_PREVIO_CONSERVADO_PARA_REVISION,EXCLUIDO_PENDIENTE_REVISION
Persona herida con arma blanca,16,5,OTROS_REVISION,VIOLENCIA,LISTA_EXPLICITA_SOLICITUD_NO_APLICADA,APROBADO_OPERATIVO
Persona herida con arma de fuego,8,5,OTROS_REVISION,VIOLENCIA,LISTA_EXPLICITA_SOLICITUD_NO_APLICADA,APROBADO_OPERATIVO
Persona herida con objeto contundente,4,5,OTROS_REVISION,VIOLENCIA,LISTA_EXPLICITA_SOLICITUD_NO_APLICADA,APROBADO_OPERATIVO
Plantones,4,5,OTROS_REVISION,ACTIVIDAD_INSTITUCIONAL,DICCIONARIO_PREVIO_CONSERVADO_PARA_REVISION,APROBADO_OPERATIVO
Presencia policial,57,4,ACTIVIDAD_INSTITUCIONAL,ACTIVIDAD_INSTITUCIONAL,DICCIONARIO_PREVIO_CONSERVADO_PARA_REVISION,APROBADO_OPERATIVO
Privación arbitraria de la libertad por civiles (Secuestro),1,2,VIOLENCIA,VIOLENCIA,DICCIONARIO_PREVIO_CONSERVADO_PARA_REVISION,APROBADO_OPERATIVO
Receptación / cachinería,1,1,DELINCUENCIA,DELINCUENCIA,DICCIONARIO_PREVIO_CONSERVADO_PARA_REVISION,APROBADO_OPERATIVO
Recuperación de animales silvestres,9,5,OTROS_REVISION,OTROS_REVISION,DICCIONARIO_PREVIO_CONSERVADO_PARA_REVISION,EXCLUIDO_PENDIENTE_REVISION
Registro de personas y/o vehículos con actitud sospechosa,421,4,ACTIVIDAD_INSTITUCIONAL,ACTIVIDAD_INSTITUCIONAL,DICCIONARIO_PREVIO_CONSERVADO_PARA_REVISION,APROBADO_OPERATIVO
Rescate y retención de especies silvestres,4,5,OTROS_REVISION,OTROS_REVISION,DICCIONARIO_PREVIO_CONSERVADO_PARA_REVISION,EXCLUIDO_PENDIENTE_REVISION
Resguardo a personas que traslada valores a nivel local,1398,4,ACTIVIDAD_INSTITUCIONAL,ACTIVIDAD_INSTITUCIONAL,DICCIONARIO_PREVIO_CONSERVADO_PARA_REVISION,APROBADO_OPERATIVO
Resguardo a personas que traslada valores a nivel provincial,43,4,ACTIVIDAD_INSTITUCIONAL,ACTIVIDAD_INSTITUCIONAL,DICCIONARIO_PREVIO_CONSERVADO_PARA_REVISION,APROBADO_OPERATIVO
Resguardo de valores de blindado,17,4,ACTIVIDAD_INSTITUCIONAL,ACTIVIDAD_INSTITUCIONAL,DICCIONARIO_PREVIO_CONSERVADO_PARA_REVISION,APROBADO_OPERATIVO
Resguardo de víctimas y testigos,3,4,ACTIVIDAD_INSTITUCIONAL,ACTIVIDAD_INSTITUCIONAL,DICCIONARIO_PREVIO_CONSERVADO_PARA_REVISION,APROBADO_OPERATIVO
Resguardo policial,3,4,ACTIVIDAD_INSTITUCIONAL,ACTIVIDAD_INSTITUCIONAL,DICCIONARIO_PREVIO_CONSERVADO_PARA_REVISION,APROBADO_OPERATIVO
Riña interior de CRS,1,3,CONVIVENCIA,CONVIVENCIA,DICCIONARIO_PREVIO_CONSERVADO_PARA_REVISION,APROBADO_OPERATIVO
Robo,56,1,DELINCUENCIA,DELINCUENCIA,DICCIONARIO_PREVIO_CONSERVADO_PARA_REVISION,APROBADO_OPERATIVO
Robo a carros,65,1,DELINCUENCIA,DELINCUENCIA,DICCIONARIO_PREVIO_CONSERVADO_PARA_REVISION,APROBADO_OPERATIVO
Robo a domicilio,225,1,DELINCUENCIA,DELINCUENCIA,DICCIONARIO_PREVIO_CONSERVADO_PARA_REVISION,APROBADO_OPERATIVO
Robo a entidades financieras,1,1,DELINCUENCIA,DELINCUENCIA,DICCIONARIO_PREVIO_CONSERVADO_PARA_REVISION,APROBADO_OPERATIVO
Robo a instituciones públicas,1,1,DELINCUENCIA,DELINCUENCIA,DICCIONARIO_PREVIO_CONSERVADO_PARA_REVISION,APROBADO_OPERATIVO
Robo a unidades económicas,40,1,DELINCUENCIA,DELINCUENCIA,DICCIONARIO_PREVIO_CONSERVADO_PARA_REVISION,APROBADO_OPERATIVO
Robo a unidades educativas,4,1,DELINCUENCIA,DELINCUENCIA,DICCIONARIO_PREVIO_CONSERVADO_PARA_REVISION,APROBADO_OPERATIVO
Robo accesorios de vehículos o autopartes de vehículo,74,1,DELINCUENCIA,DELINCUENCIA,DICCIONARIO_PREVIO_CONSERVADO_PARA_REVISION,APROBADO_OPERATIVO
Robo de bienes patrimoniales,1,1,DELINCUENCIA,DELINCUENCIA,DICCIONARIO_PREVIO_CONSERVADO_PARA_REVISION,APROBADO_OPERATIVO
Robo de motos,36,1,DELINCUENCIA,DELINCUENCIA,DICCIONARIO_PREVIO_CONSERVADO_PARA_REVISION,APROBADO_OPERATIVO
Robo personas,810,1,DELINCUENCIA,DELINCUENCIA,DICCIONARIO_PREVIO_CONSERVADO_PARA_REVISION,APROBADO_OPERATIVO
Ruidos molestosos,4,3,CONVIVENCIA,CONVIVENCIA,DICCIONARIO_PREVIO_CONSERVADO_PARA_REVISION,APROBADO_OPERATIVO
Secuestro,5,2,VIOLENCIA,VIOLENCIA,DICCIONARIO_PREVIO_CONSERVADO_PARA_REVISION,APROBADO_OPERATIVO
Secuestro extorsivo,1,2,VIOLENCIA,VIOLENCIA,DICCIONARIO_PREVIO_CONSERVADO_PARA_REVISION,APROBADO_OPERATIVO
Seguridad de autoridades,5,4,ACTIVIDAD_INSTITUCIONAL,ACTIVIDAD_INSTITUCIONAL,DICCIONARIO_PREVIO_CONSERVADO_PARA_REVISION,APROBADO_OPERATIVO
Seguridad de cárceles,5,4,ACTIVIDAD_INSTITUCIONAL,ACTIVIDAD_INSTITUCIONAL,DICCIONARIO_PREVIO_CONSERVADO_PARA_REVISION,APROBADO_OPERATIVO
Seguridad en espectáculos públicos,1,4,ACTIVIDAD_INSTITUCIONAL,ACTIVIDAD_INSTITUCIONAL,DICCIONARIO_PREVIO_CONSERVADO_PARA_REVISION,APROBADO_OPERATIVO
Sonidos de alarma,54,5,OTROS_REVISION,OTROS_REVISION,DICCIONARIO_PREVIO_CONSERVADO_PARA_REVISION,EXCLUIDO_PENDIENTE_REVISION
Suicidio,3,5,OTROS_REVISION,OTROS_REVISION,DICCIONARIO_PREVIO_CONSERVADO_PARA_REVISION,EXCLUIDO_PENDIENTE_REVISION
Suplantación de identidad,1,1,DELINCUENCIA,DELINCUENCIA,DICCIONARIO_PREVIO_CONSERVADO_PARA_REVISION,APROBADO_OPERATIVO
Tenencia ilícita de sustancias sujetas a fiscalización,6,5,OTROS_REVISION,DELINCUENCIA,LISTA_EXPLICITA_SOLICITUD_NO_APLICADA,APROBADO_OPERATIVO
Tenencia y porte de arma blanca o cortopunzante,9,5,OTROS_REVISION,DELINCUENCIA,LISTA_EXPLICITA_SOLICITUD_NO_APLICADA,APROBADO_OPERATIVO
Tenencia y porte de armas de fuego,4,5,OTROS_REVISION,DELINCUENCIA,LISTA_EXPLICITA_SOLICITUD_NO_APLICADA,APROBADO_OPERATIVO
Tenencia y porte de explosivos,2,5,OTROS_REVISION,DELINCUENCIA,DICCIONARIO_PREVIO_CONSERVADO_PARA_REVISION,APROBADO_OPERATIVO
Tentativa de robo,37,1,DELINCUENCIA,DELINCUENCIA,DICCIONARIO_PREVIO_CONSERVADO_PARA_REVISION,APROBADO_OPERATIVO
Tentativa de secuestro,2,2,VIOLENCIA,VIOLENCIA,DICCIONARIO_PREVIO_CONSERVADO_PARA_REVISION,APROBADO_OPERATIVO
Tráfico de fauna,2,5,OTROS_REVISION,OTROS_REVISION,DICCIONARIO_PREVIO_CONSERVADO_PARA_REVISION,EXCLUIDO_PENDIENTE_REVISION
Tráfico de flora,1,5,OTROS_REVISION,OTROS_REVISION,DICCIONARIO_PREVIO_CONSERVADO_PARA_REVISION,EXCLUIDO_PENDIENTE_REVISION
Traslado de detenidos,13,4,ACTIVIDAD_INSTITUCIONAL,ACTIVIDAD_INSTITUCIONAL,DICCIONARIO_PREVIO_CONSERVADO_PARA_REVISION,APROBADO_OPERATIVO
Traslado de valores,10,4,ACTIVIDAD_INSTITUCIONAL,ACTIVIDAD_INSTITUCIONAL,DICCIONARIO_PREVIO_CONSERVADO_PARA_REVISION,APROBADO_OPERATIVO
Trata de personas,1,5,OTROS_REVISION,VIOLENCIA,LISTA_EXPLICITA_SOLICITUD_NO_APLICADA,APROBADO_OPERATIVO
Vehículos de perifoneo,4,5,OTROS_REVISION,OTROS_REVISION,DICCIONARIO_PREVIO_CONSERVADO_PARA_REVISION,EXCLUIDO_PENDIENTE_REVISION
Venta u ofrecimiento de bebidas alcohólicas o cigarrillos menores de edad,2,3,CONVIVENCIA,CONVIVENCIA,DICCIONARIO_PREVIO_CONSERVADO_PARA_REVISION,APROBADO_OPERATIVO
Violación,6,2,VIOLENCIA,VIOLENCIA,DICCIONARIO_PREVIO_CONSERVADO_PARA_REVISION,APROBADO_OPERATIVO
"Violencia a niños, niñas y adolescentes",6,2,VIOLENCIA,VIOLENCIA,DICCIONARIO_PREVIO_CONSERVADO_PARA_REVISION,APROBADO_OPERATIVO
Violencia contra la mujer o miembros del núcleo familiar física,273,2,VIOLENCIA,VIOLENCIA,DICCIONARIO_PREVIO_CONSERVADO_PARA_REVISION,APROBADO_OPERATIVO
Violencia contra la mujer o miembros del núcleo familiar psicológica,840,2,VIOLENCIA,VIOLENCIA,DICCIONARIO_PREVIO_CONSERVADO_PARA_REVISION,APROBADO_OPERATIVO
Violencia contra la mujer o miembros del núcleo familiar sexual,1,2,VIOLENCIA,VIOLENCIA,DICCIONARIO_PREVIO_CONSERVADO_PARA_REVISION,APROBADO_OPERATIVO
Violencia intrafamiliar,51,2,VIOLENCIA,VIOLENCIA,DICCIONARIO_PREVIO_CONSERVADO_PARA_REVISION,APROBADO_OPERATIVO
