CELL_ID,UNIDAD,COUNT,GI_ZSCORE,GI_PVALUE,GI_CLASS
GI-0-10,PLATAFORMA N,1,-1.1207867018161732,0.2623786659998272,NO SIGNIFICATIVO
GI-1-9,PLATAFORMA N,0,-1.299763871402672,0.1936819116437067,NO SIGNIFICATIVO
GI-1-10,PLATAFORMA N,0,-1.3693050681515568,0.17090393442650667,NO SIGNIFICATIVO
GI-1-11,PLATAFORMA N,0,-1.3470469854811875,0.17796510069028942,NO SIGNIFICATIVO
GI-1-25,PLATAFORMA P,0,-1.268923062902922,0.20446850579377931,NO SIGNIFICATIVO
GI-1-26,PLATAFORMA P,0,-1.1486871724588903,0.25068499710953,NO SIGNIFICATIVO
GI-1-30,PLATAFORMA Q,0,-0.8575954626349822,0.39111588138687187,NO SIGNIFICATIVO
GI-1-31,PLATAFORMA Q,5,-0.9282547066448321,0.3532754627875316,NO SIGNIFICATIVO
GI-2-8,PLATAFORMA N,0,-1.1984932908370964,0.23072503336039124,NO SIGNIFICATIVO
GI-2-9,PLATAFORMA N,3,-1.4830242940681044,0.13806795626551682,NO SIGNIFICATIVO
GI-2-10,PLATAFORMA N,4,-1.6189227675026103,0.10546388152254443,NO SIGNIFICATIVO
GI-2-11,PLATAFORMA N,0,-1.0389843835943535,0.29881199915984247,NO SIGNIFICATIVO
GI-2-22,PLATAFORMA P,0,-1.4213238328032332,0.15522263804848405,NO SIGNIFICATIVO
GI-2-23,PLATAFORMA P,0,-1.299763871402672,0.1936819116437067,NO SIGNIFICATIVO
GI-2-24,PLATAFORMA P,0,-1.4830242940681044,0.13806795626551682,NO SIGNIFICATIVO
GI-2-25,PLATAFORMA P,0,-1.5374690978067485,0.12417847682904563,NO SIGNIFICATIVO
GI-2-26,PLATAFORMA P,3,-1.3428265368721555,0.17932814850111287,NO SIGNIFICATIVO
GI-2-27,PLATAFORMA P,0,-0.23926062098217735,0.8109034985962141,NO SIGNIFICATIVO
GI-2-30,PLATAFORMA Q,10,-1.115291790242098,0.2647254023593365,NO SIGNIFICATIVO
GI-2-31,PLATAFORMA Q,1,-0.9184249783246531,0.3583964186695646,NO SIGNIFICATIVO
GI-2-32,PLATAFORMA Q,1,-0.9172872892838051,0.3589921161913487,NO SIGNIFICATIVO
GI-3-8,PLATAFORMA N,0,-1.3345344697771144,0.1820287579183909,NO SIGNIFICATIVO
GI-3-9,PLATAFORMA N,7,-1.6331684112016362,0.1024335816758332,NO SIGNIFICATIVO
GI-3-10,PLATAFORMA N,3,-1.3625011809201404,0.17303977172029533,NO SIGNIFICATIVO
GI-3-11,PLATAFORMA N,1,-1.1870512510988787,0.2352074053883984,NO SIGNIFICATIVO
GI-3-21,PLATAFORMA P,0,-1.4214609657132204,0.1551827936801656,NO SIGNIFICATIVO
GI-3-22,PLATAFORMA P,1,-0.9066557367069805,0.36458887738562773,NO SIGNIFICATIVO
GI-3-23,PLATAFORMA P,0,-1.4337293994152709,0.15164949907181158,NO SIGNIFICATIVO
GI-3-24,PLATAFORMA P,6,-1.0918339506386443,0.27490609336668087,NO SIGNIFICATIVO
GI-3-25,PLATAFORMA P,1,-1.1762466822029332,0.23949631497643026,NO SIGNIFICATIVO
GI-3-26,PLATAFORMA P,7,-0.4775972499998147,0.6329368885621102,NO SIGNIFICATIVO
GI-3-27,PLATAFORMA P,14,-0.18467925570531038,0.8534806178336383,NO SIGNIFICATIVO
GI-3-28,PLATAFORMA P,18,0.19934879228328425,0.8419899142930096,NO SIGNIFICATIVO
GI-3-29,PLATAFORMA P,9,-0.361442236500512,0.7177688788337957,NO SIGNIFICATIVO
GI-3-30,PLATAFORMA Q,1,-0.6787102833668871,0.4973214491586688,NO SIGNIFICATIVO
GI-3-31,PLATAFORMA Q,4,-1.0529556059317946,0.29236133907675127,NO SIGNIFICATIVO
GI-3-32,PLATAFORMA Q,14,-1.218206308253534,0.2231455830539231,NO SIGNIFICATIVO
GI-3-33,PLATAFORMA Q,0,-0.9282547066448321,0.3532754627875316,NO SIGNIFICATIVO
GI-4-8,PLATAFORMA N,0,-1.5090254140769876,0.1312922883061308,NO SIGNIFICATIVO
GI-4-9,PLATAFORMA N,0,-1.4337293994152709,0.15164949907181158,NO SIGNIFICATIVO
GI-4-10,PLATAFORMA N,2,-1.4052381120172186,0.15995048456649474,NO SIGNIFICATIVO
GI-4-11,PLATAFORMA N,19,-1.3584040654494831,0.17433550497512154,NO SIGNIFICATIVO
GI-4-12,PLATAFORMA N,0,-1.1606814779049022,0.2457714569564636,NO SIGNIFICATIVO
GI-4-19,PLATAFORMA Ñ,0,-0.8642474778878916,0.3874519558067503,NO SIGNIFICATIVO
GI-4-20,PLATAFORMA Ñ,0,-0.9840472489638014,0.32509228188932426,NO SIGNIFICATIVO
GI-4-21,PLATAFORMA Ñ,1,-0.43739823719678783,0.6618225623338203,NO SIGNIFICATIVO
GI-4-22,PLATAFORMA P,1,-0.9022665127115143,0.36691530989715815,NO SIGNIFICATIVO
GI-4-23,PLATAFORMA P,8,-0.5323932838980985,0.59445363576899,NO SIGNIFICATIVO
GI-4-24,PLATAFORMA P,7,-0.5734903093218113,0.5663127586690173,NO SIGNIFICATIVO
GI-4-25,PLATAFORMA P,3,0.4265373093218681,0.6697163677034701,NO SIGNIFICATIVO
GI-4-26,PLATAFORMA P,1,1.0292936822029901,0.3033416912036343,NO SIGNIFICATIVO
GI-4-27,PLATAFORMA P,34,0.6731194618641453,0.5008712933692525,NO SIGNIFICATIVO
GI-4-28,PLATAFORMA P,11,0.660380224341567,0.5090098595046679,NO SIGNIFICATIVO
GI-4-29,PLATAFORMA Q,15,-0.05190196060973842,0.9586068120427369,NO SIGNIFICATIVO
GI-4-30,PLATAFORMA Q,2,-0.8474704788132305,0.39673293502352963,NO SIGNIFICATIVO
GI-4-31,PLATAFORMA Q,9,-1.0255575889826527,0.3051001670426981,NO SIGNIFICATIVO
GI-4-32,PLATAFORMA Q,2,-1.16582353678987,0.2436857989438473,NO SIGNIFICATIVO
GI-4-33,PLATAFORMA Q,0,-0.8080188162008004,0.41907975033091105,NO SIGNIFICATIVO
GI-5-8,PLATAFORMA N,0,-1.6566755230150714,0.09758509424376767,COLDSPOT 90%
GI-5-9,PLATAFORMA N,0,-1.607644522686726,0.1079130552514971,NO SIGNIFICATIVO
GI-5-10,PLATAFORMA N,0,-1.3739815940268107,0.1694473966456184,NO SIGNIFICATIVO
GI-5-11,PLATAFORMA N,0,-1.3895591226041384,0.16466279591657965,NO SIGNIFICATIVO
GI-5-12,PLATAFORMA N,0,-1.2957530344997557,0.19506058338362547,NO SIGNIFICATIVO
GI-5-13,PLATAFORMA N,1,-1.5090254140769876,0.1312922883061308,NO SIGNIFICATIVO
GI-5-14,PLATAFORMA N,2,-1.2823785722154508,0.19970987722133407,NO SIGNIFICATIVO
GI-5-15,PLATAFORMA N,4,-1.0042137852199111,0.31527557895371827,NO SIGNIFICATIVO
GI-5-16,PLATAFORMA N,0,-0.6738931006627079,0.5003792787773351,NO SIGNIFICATIVO
GI-5-18,PLATAFORMA Ñ,0,-0.7543693017267824,0.45062749951088693,NO SIGNIFICATIVO
GI-5-19,PLATAFORMA Ñ,2,-0.7820355080883592,0.43419370608329483,NO SIGNIFICATIVO
GI-5-20,PLATAFORMA Ñ,25,-0.1943583975999995,0.8458952626312972,NO SIGNIFICATIVO
GI-5-21,PLATAFORMA Ñ,5,-0.3269081567795342,0.7437373515425346,NO SIGNIFICATIVO
GI-5-22,PLATAFORMA Ñ,37,0.1525571398304491,0.8787475267123379,NO SIGNIFICATIVO
GI-5-23,PLATAFORMA Ñ,10,0.22105218220330386,0.8250518022804156,NO SIGNIFICATIVO
GI-5-24,PLATAFORMA Ñ,25,1.0155946737284192,0.30982244227561223,NO SIGNIFICATIVO
GI-5-25,PLATAFORMA P,18,2.2622044449143757,0.023684774824597448,HOTSPOT 95%
GI-5-26,PLATAFORMA P,24,2.3033014703380887,0.02126188697712569,HOTSPOT 95%
GI-5-27,PLATAFORMA P,13,2.426592546609227,0.015241362468251342,HOTSPOT 95%
GI-5-28,PLATAFORMA Q,16,1.31697286016898,0.18784772192467017,NO SIGNIFICATIVO
GI-5-29,PLATAFORMA Q,5,-0.09402501271182805,0.9250892874808374,NO SIGNIFICATIVO
GI-5-30,PLATAFORMA Q,4,-0.8474704788132305,0.39673293502352963,NO SIGNIFICATIVO
GI-5-31,PLATAFORMA Q,11,-1.191553456531827,0.23343638419451235,NO SIGNIFICATIVO
GI-5-32,PLATAFORMA Q,2,-0.9533883224389635,0.34039335587289726,NO SIGNIFICATIVO
GI-6-7,PLATAFORMA N,0,-1.099578466307114,0.2715158285406075,NO SIGNIFICATIVO
GI-6-8,PLATAFORMA N,0,-1.3490803231989432,0.17731116769152622,NO SIGNIFICATIVO
GI-6-9,PLATAFORMA N,0,-1.4584622564642558,0.14471317132654463,NO SIGNIFICATIVO
GI-6-12,PLATAFORMA N,0,-1.4027546209727217,0.16069002320250964,NO SIGNIFICATIVO
GI-6-13,PLATAFORMA N,0,-1.2356317144981193,0.21659549049582408,NO SIGNIFICATIVO
GI-6-14,PLATAFORMA N,2,-1.131697357901885,0.2577616927113646,NO SIGNIFICATIVO
GI-6-15,PLATAFORMA N,7,-1.0320311348237936,0.3020575323002261,NO SIGNIFICATIVO
GI-6-16,PLATAFORMA Ñ,16,-0.34820330255273696,0.7276875077212044,NO SIGNIFICATIVO
GI-6-17,PLATAFORMA Ñ,10,-0.28874001279003636,0.7727803404095603,NO SIGNIFICATIVO
GI-6-18,PLATAFORMA Ñ,8,-0.2738741903493612,0.7841813066252117,NO SIGNIFICATIVO
GI-6-19,PLATAFORMA Ñ,4,-0.13512203813554088,0.8925153860570831,NO SIGNIFICATIVO
GI-6-20,PLATAFORMA Ñ,7,-0.25841311440667947,0.7960880964014507,NO SIGNIFICATIVO
GI-6-21,PLATAFORMA Ñ,16,0.2895472245761586,0.7721626467262299,NO SIGNIFICATIVO
GI-6-22,PLATAFORMA Ñ,10,0.2895472245761586,0.7721626467262299,NO SIGNIFICATIVO
GI-6-23,PLATAFORMA Ñ,8,1.0292936822029901,0.3033416912036343,NO SIGNIFICATIVO
GI-6-24,PLATAFORMA Ñ,24,2.46768957203294,0.013598819368728208,HOTSPOT 95%
GI-6-25,PLATAFORMA P,43,3.029348919490349,0.002450814496296484,HOTSPOT 99%
GI-6-26,PLATAFORMA P,85,3.2622320635580553,0.0011053861280814754,HOTSPOT 99%
GI-6-27,PLATAFORMA Q,39,2.8786598262700687,0.003993688587409927,HOTSPOT 99%
GI-6-28,PLATAFORMA Q,43,1.4950599703384024,0.1348987916652397,NO SIGNIFICATIVO
GI-6-29,PLATAFORMA Q,7,0.179955156779591,0.8571877730918998,NO SIGNIFICATIVO
GI-6-30,PLATAFORMA Q,1,-0.7104803940675208,0.47740628474705454,NO SIGNIFICATIVO
GI-6-31,PLATAFORMA Q,6,-1.1203252380366964,0.2625751909459001,NO SIGNIFICATIVO
GI-6-32,PLATAFORMA Q,0,-1.164508493221459,0.24421800345120223,NO SIGNIFICATIVO
GI-7-15,PLATAFORMA J,0,-0.361442236500512,0.7177688788337957,NO SIGNIFICATIVO
GI-7-16,PLATAFORMA J,12,-0.10888453540584285,0.91329407266836,NO SIGNIFICATIVO
GI-7-17,PLATAFORMA Ñ,29,0.14753705117662708,0.8827081370900718,NO SIGNIFICATIVO
GI-7-18,PLATAFORMA Ñ,6,0.755313512711571,0.4500608927620971,NO SIGNIFICATIVO
GI-7-19,PLATAFORMA J,11,0.35804226694901337,0.7203116829639499,NO SIGNIFICATIVO
GI-7-20,PLATAFORMA Ñ,24,0.27584821610158766,0.782664648756588,NO SIGNIFICATIVO
GI-7-21,PLATAFORMA Ñ,8,0.08406209745759434,0.9330070597883741,NO SIGNIFICATIVO
GI-7-22,PLATAFORMA Ñ,10,0.5361293771184358,0.5918691382153778,NO SIGNIFICATIVO
GI-7-23,PLATAFORMA Ñ,9,1.0018956652538482,0.3163939864056665,NO SIGNIFICATIVO
GI-7-24,PLATAFORMA Ñ,7,2.399194529660085,0.016431182997652338,HOTSPOT 95%
GI-7-25,PLATAFORMA P,57,2.75536874999893,0.00586260206965788,HOTSPOT 99%
GI-7-26,PLATAFORMA Q,6,2.8649608177954975,0.0041706084341999235,HOTSPOT 99%
GI-7-27,PLATAFORMA Q,20,2.248505436439805,0.0245439788271138,HOTSPOT 95%
GI-7-28,PLATAFORMA Q,13,0.3169452415253005,0.7512851525634336,NO SIGNIFICATIVO
GI-7-29,PLATAFORMA Q,2,-0.4365002245761018,0.6624738363226228,NO SIGNIFICATIVO
GI-7-30,PLATAFORMA Q,5,-1.203644699152075,0.22872693500118493,NO SIGNIFICATIVO
GI-7-31,PLATAFORMA Q,5,-1.3625011809201404,0.17303977172029533,NO SIGNIFICATIVO
GI-7-32,PLATAFORMA Q,3,-1.143296178717681,0.25291564104029657,NO SIGNIFICATIVO
GI-8-15,PLATAFORMA J,1,-0.3278245425723185,0.7430443295736405,NO SIGNIFICATIVO
GI-8-16,PLATAFORMA J,12,0.20451962597273152,0.8379474568013872,NO SIGNIFICATIVO
GI-8-17,PLATAFORMA Ñ,12,1.2210798008469834,0.22205580675345066,NO SIGNIFICATIVO
GI-8-18,PLATAFORMA J,12,1.4676619533892605,0.14219607031128365,NO SIGNIFICATIVO
GI-8-19,PLATAFORMA J,23,1.4128659194909767,0.15769515143367888,NO SIGNIFICATIVO
GI-8-20,PLATAFORMA Ñ,7,0.9881966567792771,0.3230563451979234,NO SIGNIFICATIVO
GI-8-21,PLATAFORMA Ñ,12,0.7964105381352838,0.42579345507743843,NO SIGNIFICATIVO
GI-8-22,PLATAFORMA Ñ,22,0.3169452415253005,0.7512851525634336,NO SIGNIFICATIVO
GI-8-23,PLATAFORMA Ñ,14,1.2347788093215544,0.21691283597510674,NO SIGNIFICATIVO
GI-8-24,PLATAFORMA Ñ,23,2.18001039406695,0.02925669109196657,HOTSPOT 95%
GI-8-25,PLATAFORMA Ñ,28,2.1115153516940954,0.034728039802721045,HOTSPOT 95%
GI-8-26,PLATAFORMA O,11,1.864933199151818,0.06219076822430277,HOTSPOT 90%
GI-8-27,PLATAFORMA Q,13,0.22105218220330386,0.8250518022804156,NO SIGNIFICATIVO
GI-8-28,PLATAFORMA Q,0,-0.12142302966096995,0.9033559768028784,NO SIGNIFICATIVO
GI-8-29,PLATAFORMA Q,3,-1.0940526313555075,0.2739318957303337,NO SIGNIFICATIVO
GI-8-30,PLATAFORMA Q,3,-1.532420902541778,0.12541860261732718,NO SIGNIFICATIVO
GI-8-31,PLATAFORMA Q,3,-1.3739450509593218,0.16945874204746103,NO SIGNIFICATIVO
GI-8-32,PLATAFORMA Q,0,-1.1984932908370964,0.23072503336039124,NO SIGNIFICATIVO
GI-9-15,PLATAFORMA J,6,-0.26797706503654595,0.788716972731076,NO SIGNIFICATIVO
GI-9-16,PLATAFORMA J,22,0.8740648798269586,0.3820829220830477,NO SIGNIFICATIVO
GI-9-17,PLATAFORMA J,17,1.878632207626389,0.060294730244959426,HOTSPOT 90%
GI-9-18,PLATAFORMA J,50,2.18001039406695,0.02925669109196657,HOTSPOT 95%
GI-9-19,PLATAFORMA J,31,2.4402915550837982,0.014675412455261012,HOTSPOT 95%
GI-9-20,PLATAFORMA J,13,2.741669741524359,0.006112776803633092,HOTSPOT 99%
GI-9-21,PLATAFORMA K,11,1.5087589788129734,0.13136038727851373,NO SIGNIFICATIVO
GI-9-22,PLATAFORMA K,8,1.4539629449146896,0.14595657985202473,NO SIGNIFICATIVO
GI-9-23,PLATAFORMA Ñ,17,1.4813609618638315,0.13851041159694,NO SIGNIFICATIVO
GI-9-24,PLATAFORMA O,67,1.31697286016898,0.18784772192467017,NO SIGNIFICATIVO
GI-9-25,PLATAFORMA O,16,1.7553411313552505,0.07920097496589308,HOTSPOT 90%
GI-9-26,PLATAFORMA O,9,0.6183234279658615,0.5363621615514242,NO SIGNIFICATIVO
GI-9-27,PLATAFORMA O,8,-0.3269081567795342,0.7437373515425346,NO SIGNIFICATIVO
GI-9-28,PLATAFORMA O,2,-0.4775972499998147,0.6329368885621102,NO SIGNIFICATIVO
GI-9-29,PLATAFORMA O,7,-1.3543337923723557,0.1756299097855913,NO SIGNIFICATIVO
GI-9-30,PLATAFORMA O,3,-1.447975043114297,0.14762403042148253,NO SIGNIFICATIVO
GI-9-31,PLATAFORMA Q,0,-1.2793474668399687,0.20077472431899077,NO SIGNIFICATIVO
GI-10-14,PLATAFORMA J,0,-0.7434342974115928,0.45721878605024147,NO SIGNIFICATIVO
GI-10-15,PLATAFORMA J,9,0.1869663053115682,0.8516870515241823,NO SIGNIFICATIVO
GI-10-16,PLATAFORMA J,10,0.7690125211861419,0.44188587741485696,NO SIGNIFICATIVO
GI-10-17,PLATAFORMA J,29,1.9745252669483857,0.04832204731505173,HOTSPOT 95%
GI-10-18,PLATAFORMA J,35,3.015649911015778,0.002564291435471162,HOTSPOT 99%
GI-10-19,PLATAFORMA J,44,4.440346792371157,8.981402679482741e-06,HOTSPOT 99%
GI-10-20,PLATAFORMA K,37,3.1526399957614877,0.0016180121578708378,HOTSPOT 99%
GI-10-21,PLATAFORMA K,36,2.207408411016092,0.0272855392870362,HOTSPOT 95%
GI-10-22,PLATAFORMA K,18,1.5224579872875443,0.12789436468978715,NO SIGNIFICATIVO
GI-10-23,PLATAFORMA Ñ,11,1.7964381567789633,0.07242485997681547,HOTSPOT 90%
GI-10-24,PLATAFORMA O,10,1.5635550127112572,0.11792210680507031,NO SIGNIFICATIVO
GI-10-25,PLATAFORMA O,6,1.2758758347452672,0.20199941465784446,NO SIGNIFICATIVO
GI-10-26,PLATAFORMA O,6,0.9060026059318514,0.36493447313521493,NO SIGNIFICATIVO
GI-10-27,PLATAFORMA O,10,-0.2721121228812504,0.7855358084276823,NO SIGNIFICATIVO
GI-10-28,PLATAFORMA O,12,-0.7789754364403756,0.43599418452191957,NO SIGNIFICATIVO
GI-10-29,PLATAFORMA O,5,-1.0255575889826527,0.3051001670426981,NO SIGNIFICATIVO
GI-10-30,PLATAFORMA O,2,-1.2493613654081894,0.21153293250854271,NO SIGNIFICATIVO
GI-10-31,PLATAFORMA Q,0,-1.2170625026676078,0.22358043608573996,NO SIGNIFICATIVO
GI-11-13,PLATAFORMA J,0,-1.031370384362494,0.3023671634258069,NO SIGNIFICATIVO
GI-11-14,PLATAFORMA J,1,-0.5795276365830994,0.5622332043657434,NO SIGNIFICATIVO
GI-11-15,PLATAFORMA J,18,-0.2721121228812504,0.7855358084276823,NO SIGNIFICATIVO
GI-11-16,PLATAFORMA J,16,0.7690125211861419,0.44188587741485696,NO SIGNIFICATIVO
GI-11-17,PLATAFORMA J,18,1.6731470805078248,0.09429834514035804,HOTSPOT 90%
GI-11-18,PLATAFORMA J,11,5.618461521184259,1.9266529020218764e-08,HOTSPOT 99%
GI-11-19,PLATAFORMA K,33,5.029404156777708,4.920063557258199e-07,HOTSPOT 99%
GI-11-20,PLATAFORMA K,50,4.001978521184887,6.28150021571659e-05,HOTSPOT 99%
GI-11-21,PLATAFORMA K,36,2.75536874999893,0.00586260206965788,HOTSPOT 99%
GI-11-22,PLATAFORMA K,13,2.1115153516940954,0.034728039802721045,HOTSPOT 95%
GI-11-23,PLATAFORMA K,28,1.1936817838978415,0.23260246875221455,NO SIGNIFICATIVO
GI-11-24,PLATAFORMA K,26,1.9745252669483857,0.04832204731505173,HOTSPOT 95%
GI-11-25,PLATAFORMA O,16,1.9471272499992438,0.051519480790203215,HOTSPOT 90%
GI-11-26,PLATAFORMA O,9,1.5361569957621153,0.12449988032131869,NO SIGNIFICATIVO
GI-11-27,PLATAFORMA O,8,0.9197016144064224,0.3577287087668582,NO SIGNIFICATIVO
GI-11-28,PLATAFORMA O,26,-0.7652764279658046,0.44410695740039363,NO SIGNIFICATIVO
GI-11-29,PLATAFORMA O,0,-0.7941779757729912,0.4270918282312924,NO SIGNIFICATIVO
GI-11-30,PLATAFORMA O,0,-0.9172872892838051,0.3589921161913487,NO SIGNIFICATIVO
GI-12-13,PLATAFORMA J,1,-0.9512361136442272,0.34148452968673937,NO SIGNIFICATIVO
GI-12-14,PLATAFORMA J,3,-0.393797409386365,0.6937306172074922,NO SIGNIFICATIVO
GI-12-15,PLATAFORMA J,24,0.9607986398301352,0.33665342263433984,NO SIGNIFICATIVO
GI-12-16,PLATAFORMA J,10,1.084089716101274,0.27832502210197485,NO SIGNIFICATIVO
GI-12-17,PLATAFORMA J,17,4.974608122879424,6.537976443840372e-07,HOTSPOT 99%
GI-12-18,PLATAFORMA J,39,5.002006139828566,5.673678307194481e-07,HOTSPOT 99%
GI-12-19,PLATAFORMA K,78,6.193819877116239,5.872333219283563e-10,HOTSPOT 99%
GI-12-20,PLATAFORMA K,25,4.823919029659144,1.4076458068292444e-06,HOTSPOT 99%
GI-12-21,PLATAFORMA K,18,3.4677171906766193,0.0005248993808971605,HOTSPOT 99%
GI-12-22,PLATAFORMA K,10,1.9608262584738148,0.049899293813984044,HOTSPOT 95%
GI-12-23,PLATAFORMA K,23,1.60465203813497,0.10857040246526252,NO SIGNIFICATIVO
GI-12-24,PLATAFORMA K,16,2.741669741524359,0.006112776803633092,HOTSPOT 99%
GI-12-25,PLATAFORMA O,25,2.8512618093209268,0.004354609821230111,HOTSPOT 99%
GI-12-26,PLATAFORMA O,91,1.632050055084112,0.1026689419481675,NO SIGNIFICATIVO
GI-12-27,PLATAFORMA O,12,1.4265649279655477,0.15370533947219475,NO SIGNIFICATIVO
GI-12-28,PLATAFORMA O,3,0.6746258680405931,0.4999134938471768,NO SIGNIFICATIVO
GI-12-29,PLATAFORMA O,1,-0.8910782081296529,0.37288721484437803,NO SIGNIFICATIVO
GI-13-10,PLATAFORMA H,0,0.3613205029258596,0.7178598684363222,NO SIGNIFICATIVO
GI-13-11,PLATAFORMA H,0,-0.5695813055393806,0.5689617109164626,NO SIGNIFICATIVO
GI-13-12,PLATAFORMA H,0,-0.9845433795936189,0.32484841335830217,NO SIGNIFICATIVO
GI-13-13,PLATAFORMA H,0,-0.7356928581629916,0.46191763696694205,NO SIGNIFICATIVO
GI-13-14,PLATAFORMA J,3,0.9881966567792771,0.3230563451979234,NO SIGNIFICATIVO
GI-13-15,PLATAFORMA J,11,3.344426114405481,0.0008245298874444201,HOTSPOT 99%
GI-13-16,PLATAFORMA J,17,5.454073419489408,4.9228860422617367e-08,HOTSPOT 99%
GI-13-17,PLATAFORMA J,15,4.960909114404854,7.016401726280298e-07,HOTSPOT 99%
GI-13-18,PLATAFORMA J,136,6.166421860167097,6.985257416538203e-10,HOTSPOT 99%
GI-13-19,PLATAFORMA J,76,5.659558546607972,1.517628700833346e-08,HOTSPOT 99%
GI-13-20,PLATAFORMA K,44,5.659558546607972,1.517628700833346e-08,HOTSPOT 99%
GI-13-21,PLATAFORMA K,32,2.796465775422643,0.005166488261647441,HOTSPOT 99%
GI-13-22,PLATAFORMA K,23,2.2622044449143757,0.023684774824597448,HOTSPOT 95%
GI-13-23,PLATAFORMA K,9,2.3854955211855144,0.017056130065300802,HOTSPOT 95%
GI-13-24,PLATAFORMA K,40,2.221107419490663,0.02634368663454817,HOTSPOT 95%
GI-13-25,PLATAFORMA M,31,3.221135038134342,0.0012768397061391973,HOTSPOT 99%
GI-13-26,PLATAFORMA O,14,2.75536874999893,0.00586260206965788,HOTSPOT 99%
GI-13-27,PLATAFORMA O,12,1.4813609618638315,0.13851041159694,NO SIGNIFICATIVO
GI-13-28,PLATAFORMA O,2,-0.06614760430876453,0.9472603110564561,NO SIGNIFICATIVO
GI-13-29,PLATAFORMA O,6,-1.115291790242098,0.2647254023593365,NO SIGNIFICATIVO
GI-14-6,PLATAFORMA D,0,-0.8456782660573802,0.39773225081598107,NO SIGNIFICATIVO
GI-14-7,PLATAFORMA D,0,-0.3609577152927259,0.7181310573143218,NO SIGNIFICATIVO
GI-14-8,PLATAFORMA H,0,-0.4754746515104022,0.6344486965639062,NO SIGNIFICATIVO
GI-14-9,PLATAFORMA H,2,0.43301172094319934,0.6650062547441433,NO SIGNIFICATIVO
GI-14-10,PLATAFORMA H,4,0.6329409785318225,0.5267721863541592,NO SIGNIFICATIVO
GI-14-11,PLATAFORMA H,14,0.9737843857201413,0.3301636074990254,NO SIGNIFICATIVO
GI-14-12,PLATAFORMA H,1,1.8855055824578122,0.05936161147182548,HOTSPOT 90%
GI-14-13,PLATAFORMA H,11,1.31697286016898,0.18784772192467017,NO SIGNIFICATIVO
GI-14-14,PLATAFORMA H,36,2.9882518940666363,0.0028057820268292074,HOTSPOT 99%
GI-14-15,PLATAFORMA J,86,5.782849622879111,7.344571333495577e-09,HOTSPOT 99%
GI-14-16,PLATAFORMA J,27,5.960936733048533,2.507960616038255e-09,HOTSPOT 99%
GI-14-17,PLATAFORMA J,99,5.988334749997675,2.1200038435069185e-09,HOTSPOT 99%
GI-14-18,PLATAFORMA I,18,5.262287300845414,1.4227421244222422e-07,HOTSPOT 99%
GI-14-19,PLATAFORMA I,27,5.755451605929968,8.641047466200965e-09,HOTSPOT 99%
GI-14-20,PLATAFORMA I,20,2.5772816398295078,0.009958077659945948,HOTSPOT 99%
GI-14-21,PLATAFORMA I,11,2.001923283897528,0.04529298302679447,HOTSPOT 95%
GI-14-22,PLATAFORMA K,38,1.5087589788129734,0.13136038727851373,NO SIGNIFICATIVO
GI-14-23,PLATAFORMA K,21,2.9608538771174944,0.003067874546107039,HOTSPOT 99%
GI-14-24,PLATAFORMA M,21,2.9882518940666363,0.0028057820268292074,HOTSPOT 99%
GI-14-25,PLATAFORMA M,45,2.5772816398295078,0.009958077659945948,HOTSPOT 99%
GI-14-26,PLATAFORMA O,22,2.9060578432192106,0.0036601378106410486,HOTSPOT 99%
GI-14-27,PLATAFORMA O,37,0.5909254110167196,0.5545703989614419,NO SIGNIFICATIVO
GI-14-28,PLATAFORMA O,9,-0.33681483459026057,0.7362564894497982,NO SIGNIFICATIVO
GI-14-29,PLATAFORMA O,0,-0.7353029223563762,0.4621550288280925,NO SIGNIFICATIVO
GI-15-2,PLATAFORMA D,0,-1.3470469854811875,0.17796510069028942,NO SIGNIFICATIVO
GI-15-3,PLATAFORMA D,0,-1.2476079738410082,0.21217465693131315,NO SIGNIFICATIVO
GI-15-4,PLATAFORMA D,2,-1.1973196285410332,0.2311819966396025,NO SIGNIFICATIVO
GI-15-5,PLATAFORMA D,1,-0.9066557367069805,0.36458887738562773,NO SIGNIFICATIVO
GI-15-6,PLATAFORMA D,4,-0.45226405963746297,0.651078764221299,NO SIGNIFICATIVO
GI-15-7,PLATAFORMA D,15,-0.09463889170681675,0.9246016573424514,NO SIGNIFICATIVO
GI-15-8,PLATAFORMA H,19,0.7743453739337758,0.43872657803222503,NO SIGNIFICATIVO
GI-15-9,PLATAFORMA H,22,0.8740648798269586,0.3820829220830477,NO SIGNIFICATIVO
GI-15-10,PLATAFORMA H,78,1.2895748432198382,0.19719831492744572,NO SIGNIFICATIVO
GI-15-11,PLATAFORMA H,38,6.371906987285661,1.8669210479941247e-10,HOTSPOT 99%
GI-15-12,PLATAFORMA H,19,3.645804300846042,0.000266556778647273,HOTSPOT 99%
GI-15-13,PLATAFORMA H,17,4.344453733049161,1.396226653985185e-05,HOTSPOT 99%
GI-15-14,PLATAFORMA H,25,4.467744809320299,7.904852459399432e-06,HOTSPOT 99%
GI-15-15,PLATAFORMA H,140,4.604734894066008,4.12991629594045e-06,HOTSPOT 99%
GI-15-16,PLATAFORMA J,83,6.0431307838959585,1.5115203098536758e-09,HOTSPOT 99%
GI-15-17,PLATAFORMA I,25,5.234889283896273,1.6508378909561408e-07,HOTSPOT 99%
GI-15-18,PLATAFORMA I,19,4.563637868642296,5.02747681833029e-06,HOTSPOT 99%
GI-15-19,PLATAFORMA I,16,1.358069885592693,0.174441509751352,NO SIGNIFICATIVO
GI-15-20,PLATAFORMA I,19,0.7142164872878581,0.4750933233758416,NO SIGNIFICATIVO
GI-15-21,PLATAFORMA I,8,0.8786045889827095,0.3796157067672515,NO SIGNIFICATIVO
GI-15-22,PLATAFORMA M,29,1.5772540211858281,0.11473708735984123,NO SIGNIFICATIVO
GI-15-23,PLATAFORMA M,28,3.1937370211852003,0.0014044399246582384,HOTSPOT 99%
GI-15-24,PLATAFORMA M,14,3.563610249998616,0.0003657889566404774,HOTSPOT 99%
GI-15-25,PLATAFORMA M,39,2.1389133686432373,0.03244268514003551,HOTSPOT 95%
GI-15-26,PLATAFORMA M,7,1.5087589788129734,0.13136038727851373,NO SIGNIFICATIVO
GI-15-27,PLATAFORMA O,7,0.6046244194912905,0.5454285774690246,NO SIGNIFICATIVO
GI-15-28,PLATAFORMA O,8,-0.7104803940675208,0.47740628474705454,NO SIGNIFICATIVO
GI-15-29,PLATAFORMA O,0,-1.284750116315271,0.19887961911240581,NO SIGNIFICATIVO
GI-15-30,PLATAFORMA O,0,-1.1486871724588903,0.25068499710953,NO SIGNIFICATIVO
GI-16-0,PLATAFORMA D,0,-1.3090016930509325,0.19053377723685783,NO SIGNIFICATIVO
GI-16-1,PLATAFORMA D,0,-1.0660750872627367,0.286389700300824,NO SIGNIFICATIVO
GI-16-2,PLATAFORMA D,1,-1.5226032753660732,0.1278579898468802,NO SIGNIFICATIVO
GI-16-3,PLATAFORMA D,2,-1.319764249823062,0.18691374110876877,NO SIGNIFICATIVO
GI-16-4,PLATAFORMA D,3,-1.063342663240592,0.2876265843207087,NO SIGNIFICATIVO
GI-16-5,PLATAFORMA D,6,-0.5647451337746783,0.5722471305217202,NO SIGNIFICATIVO
GI-16-6,PLATAFORMA D,13,-0.4228012161015309,0.6724403003206503,NO SIGNIFICATIVO
GI-16-7,PLATAFORMA D,29,-0.12142302966096995,0.9033559768028784,NO SIGNIFICATIVO
GI-16-8,PLATAFORMA E,10,-0.06662699576268613,0.946878653981362,NO SIGNIFICATIVO
GI-16-9,PLATAFORMA E,1,0.9197016144064224,0.3577287087668582,NO SIGNIFICATIVO
GI-16-10,PLATAFORMA E,7,5.823946648302823,5.747393042625193e-09,HOTSPOT 99%
GI-16-11,PLATAFORMA H,36,6.4951980635568,8.29242409301871e-11,HOTSPOT 99%
GI-16-12,PLATAFORMA H,127,6.002033758472246,1.948611724491372e-09,HOTSPOT 99%
GI-16-13,PLATAFORMA H,29,2.5361846144057947,0.011206763705020259,HOTSPOT 95%
GI-16-14,PLATAFORMA H,4,4.207463648303451,2.5825293016087445e-05,HOTSPOT 99%
GI-16-15,PLATAFORMA J,6,4.248560673727164,2.151483787616038e-05,HOTSPOT 99%
GI-16-16,PLATAFORMA J,14,3.6321052923714707,0.000281118366569381,HOTSPOT 99%
GI-16-17,PLATAFORMA I,14,2.9608538771174944,0.003067874546107039,HOTSPOT 99%
GI-16-18,PLATAFORMA I,13,0.4265373093218681,0.6697163677034701,NO SIGNIFICATIVO
GI-16-19,PLATAFORMA I,3,-0.34060716525410517,0.7333993345851957,NO SIGNIFICATIVO
GI-16-20,PLATAFORMA I,0,-0.6502189959688349,0.5155507723909372,NO SIGNIFICATIVO
GI-16-21,PLATAFORMA L,2,-0.02552997033897328,0.9796322434001223,NO SIGNIFICATIVO
GI-16-22,PLATAFORMA L,6,1.9608262584738148,0.049899293813984044,HOTSPOT 95%
GI-16-23,PLATAFORMA M,60,2.6594756906769335,0.007826237753491713,HOTSPOT 99%
GI-16-24,PLATAFORMA M,40,3.0841449533886327,0.0020413810722295263,HOTSPOT 99%
GI-16-25,PLATAFORMA M,18,2.5772816398295078,0.009958077659945948,HOTSPOT 99%
GI-16-26,PLATAFORMA M,23,0.7142164872878581,0.4750933233758416,NO SIGNIFICATIVO
GI-16-27,PLATAFORMA M,14,-0.08032600423725708,0.9359779766436448,NO SIGNIFICATIVO
GI-16-28,PLATAFORMA O,5,-0.8069210766581221,0.4197119549814943,NO SIGNIFICATIVO
GI-16-29,PLATAFORMA O,2,-1.2493613654081894,0.21153293250854271,NO SIGNIFICATIVO
GI-16-30,PLATAFORMA O,0,-1.208805117680906,0.22673772500357783,NO SIGNIFICATIVO
GI-17-0,PLATAFORMA D,0,-0.8456782660573802,0.39773225081598107,NO SIGNIFICATIVO
GI-17-1,PLATAFORMA D,1,-1.1360918919085194,0.2559181080451704,NO SIGNIFICATIVO
GI-17-2,PLATAFORMA D,1,-0.8200724618640886,0.41217479986714994,NO SIGNIFICATIVO
GI-17-3,PLATAFORMA D,9,-1.2584407330503589,0.20823240852227817,NO SIGNIFICATIVO
GI-17-4,PLATAFORMA D,10,-0.970761555084369,0.3316670311646793,NO SIGNIFICATIVO
GI-17-5,PLATAFORMA D,10,-0.7241794025420918,0.4689556021724208,NO SIGNIFICATIVO
GI-17-6,PLATAFORMA D,4,-0.17621906355925376,0.8601218445856714,NO SIGNIFICATIVO
GI-17-7,PLATAFORMA D,15,-0.31320914830496327,0.7541217685170919,NO SIGNIFICATIVO
GI-17-8,PLATAFORMA E,9,-0.6282863432200951,0.5298163764070205,NO SIGNIFICATIVO
GI-17-9,PLATAFORMA E,0,2.3306994872872306,0.019769211250613435,HOTSPOT 95%
GI-17-10,PLATAFORMA E,0,3.604707275422329,0.00031250495658481924,HOTSPOT 99%
GI-17-11,PLATAFORMA F,248,5.371879368641982,7.79202311225417e-08,HOTSPOT 99%
GI-17-12,PLATAFORMA H,17,5.728053588980827,1.0158947795708417e-08,HOTSPOT 99%
GI-17-13,PLATAFORMA H,16,7.125352453387063,1.0381468830781657e-12,HOTSPOT 99%
GI-17-14,PLATAFORMA H,13,0.9060026059318514,0.36493447313521493,NO SIGNIFICATIVO
GI-17-15,PLATAFORMA H,8,2.3443984957618014,0.01905779717559069,HOTSPOT 95%
GI-17-16,PLATAFORMA I,32,1.1525847584741287,0.24908086209276475,NO SIGNIFICATIVO
GI-17-17,PLATAFORMA I,45,0.2347511906778748,0.8144018533063707,NO SIGNIFICATIVO
GI-17-18,PLATAFORMA I,7,0.04781754528344433,0.9618616534367305,NO SIGNIFICATIVO
GI-17-19,PLATAFORMA I,1,-0.5265931718408386,0.598476134711653,NO SIGNIFICATIVO
GI-17-20,PLATAFORMA I,0,-1.2698842938745958,0.204125848588208,NO SIGNIFICATIVO
GI-17-21,PLATAFORMA L,1,-0.5220082026776,0.6016646194076218,NO SIGNIFICATIVO
GI-17-22,PLATAFORMA L,2,1.2484778177961253,0.21185612683525698,NO SIGNIFICATIVO
GI-17-23,PLATAFORMA L,66,2.0293213008466697,0.04242557510432149,HOTSPOT 95%
GI-17-24,PLATAFORMA M,44,2.0293213008466697,0.04242557510432149,HOTSPOT 95%
GI-17-25,PLATAFORMA M,7,1.7964381567789633,0.07242485997681547,HOTSPOT 90%
GI-17-26,PLATAFORMA M,8,0.02926606355931053,0.9766523926587009,NO SIGNIFICATIVO
GI-17-27,PLATAFORMA M,7,-0.8354123640561744,0.40348557072347924,NO SIGNIFICATIVO
GI-17-28,PLATAFORMA M,3,-0.8692082753452919,0.38473322191295234,NO SIGNIFICATIVO
GI-17-29,PLATAFORMA M,0,-1.1427856553455624,0.25312759600067053,NO SIGNIFICATIVO
GI-18-0,PLATAFORMA D,0,-0.789970630565846,0.4295449204978032,NO SIGNIFICATIVO
GI-18-1,PLATAFORMA D,31,-0.7508804509337038,0.452724606396968,NO SIGNIFICATIVO
GI-18-2,PLATAFORMA D,4,-0.9159655211860852,0.3596849791575026,NO SIGNIFICATIVO
GI-18-3,PLATAFORMA D,8,-0.4775972499998147,0.6329368885621102,NO SIGNIFICATIVO
GI-18-4,PLATAFORMA D,3,-0.98446056355894,0.3248891125519237,NO SIGNIFICATIVO
GI-18-5,PLATAFORMA D,11,-0.8611694872878014,0.3891447026575035,NO SIGNIFICATIVO
GI-18-6,PLATAFORMA D,5,-0.8748684957623724,0.38164546259193505,NO SIGNIFICATIVO
GI-18-7,PLATAFORMA D,12,-0.7515774194912337,0.452305226795201,NO SIGNIFICATIVO
GI-18-8,PLATAFORMA E,1,-1.244741724575788,0.213226703371567,NO SIGNIFICATIVO
GI-18-9,PLATAFORMA E,0,-1.3680328008469267,0.17130180917245938,NO SIGNIFICATIVO
GI-18-10,PLATAFORMA E,0,2.453990563558369,0.014128068884087009,HOTSPOT 95%
GI-18-11,PLATAFORMA E,6,3.960881495761174,7.467358716325451e-05,HOTSPOT 99%
GI-18-12,PLATAFORMA F,25,6.974663360166783,3.0660409049388315e-12,HOTSPOT 99%
GI-18-13,PLATAFORMA H,11,2.8512618093209268,0.004354609821230111,HOTSPOT 99%
GI-18-14,PLATAFORMA H,18,2.0156222923720986,0.04383948689639778,HOTSPOT 95%
GI-18-15,PLATAFORMA G,2,0.16625614830502006,0.8679553742754523,NO SIGNIFICATIVO
GI-18-16,PLATAFORMA G,0,0.09776110593216529,0.9221219923613753,NO SIGNIFICATIVO
GI-18-17,PLATAFORMA I,2,-0.33681483459026057,0.7362564894497982,NO SIGNIFICATIVO
GI-18-18,PLATAFORMA I,2,-0.5082857868299763,0.611252936227217,NO SIGNIFICATIVO
GI-18-19,PLATAFORMA I,0,-1.2476079738410082,0.21217465693131315,NO SIGNIFICATIVO
GI-18-21,PLATAFORMA L,3,-1.2698842938745958,0.204125848588208,NO SIGNIFICATIVO
GI-18-22,PLATAFORMA L,9,-0.13737582280389507,0.8907337404562954,NO SIGNIFICATIVO
GI-18-23,PLATAFORMA L,10,1.2895748432198382,0.19719831492744572,NO SIGNIFICATIVO
GI-18-24,PLATAFORMA M,5,1.070390707626703,0.2844434802057338,NO SIGNIFICATIVO
GI-18-25,PLATAFORMA M,15,-0.3269081567795342,0.7437373515425346,NO SIGNIFICATIVO
GI-18-26,PLATAFORMA M,1,-0.9066405825513049,0.36459689369390247,NO SIGNIFICATIVO
GI-18-27,PLATAFORMA M,1,-0.9845433795936189,0.32484841335830217,NO SIGNIFICATIVO
GI-19-1,PLATAFORMA D,0,-0.5695813055393806,0.5689617109164626,NO SIGNIFICATIVO
GI-19-2,PLATAFORMA D,19,-0.5639501080057717,0.5727880871135169,NO SIGNIFICATIVO
GI-19-3,PLATAFORMA D,2,-1.189945690677504,0.2340677385262902,NO SIGNIFICATIVO
GI-19-4,PLATAFORMA D,6,-0.7652764279658046,0.44410695740039363,NO SIGNIFICATIVO
GI-19-5,PLATAFORMA D,3,-1.3817318093214976,0.16705406360091146,NO SIGNIFICATIVO
GI-19-6,PLATAFORMA D,5,-1.3680328008469267,0.17130180917245938,NO SIGNIFICATIVO
GI-19-7,PLATAFORMA E,0,-1.3406347838977848,0.18003905802697295,NO SIGNIFICATIVO
GI-19-8,PLATAFORMA E,0,-1.203644699152075,0.22872693500118493,NO SIGNIFICATIVO
GI-19-9,PLATAFORMA E,3,-1.2721397415249298,0.20332347305029075,NO SIGNIFICATIVO
GI-19-10,PLATAFORMA F,7,-0.2721121228812504,0.7855358084276823,NO SIGNIFICATIVO
GI-19-11,PLATAFORMA F,18,5.4266754025402655,5.741340227562766e-08,HOTSPOT 99%
GI-19-12,PLATAFORMA F,17,3.248533055083484,0.0011600172993667418,HOTSPOT 99%
GI-19-13,PLATAFORMA F,133,3.029348919490349,0.002450814496296484,HOTSPOT 99%
GI-19-14,PLATAFORMA G,31,2.3170004788126595,0.02050370568414912,HOTSPOT 95%
GI-19-15,PLATAFORMA G,19,1.590953029660399,0.11162014684670442,NO SIGNIFICATIVO
GI-19-16,PLATAFORMA G,4,0.20451962597273152,0.8379474568013872,NO SIGNIFICATIVO
GI-19-17,PLATAFORMA G,0,-0.408174822232495,0.6831453313560358,NO SIGNIFICATIVO
GI-19-21,PLATAFORMA L,0,-0.9676416813040143,0.33322335306378426,NO SIGNIFICATIVO
GI-19-22,PLATAFORMA L,5,-1.0918339506386443,0.27490609336668087,NO SIGNIFICATIVO
GI-19-23,PLATAFORMA L,16,-0.2995101398303923,0.7645508364641176,NO SIGNIFICATIVO
GI-19-24,PLATAFORMA M,5,-0.4775972499998147,0.6329368885621102,NO SIGNIFICATIVO
GI-19-25,PLATAFORMA M,4,-1.1214506483046494,0.26209608742104945,NO SIGNIFICATIVO
GI-19-26,PLATAFORMA M,0,-1.3767468246191663,0.16859053635433088,NO SIGNIFICATIVO
GI-19-27,PLATAFORMA M,0,-1.4434031434378394,0.14890693912195718,NO SIGNIFICATIVO
GI-20-2,PLATAFORMA D,0,-1.0389843835943535,0.29881199915984247,NO SIGNIFICATIVO
GI-20-3,PLATAFORMA D,5,-0.9577020226204178,0.3382130365637422,NO SIGNIFICATIVO
GI-20-4,PLATAFORMA D,0,-1.4776248686434943,0.13950821418243858,NO SIGNIFICATIVO
GI-20-5,PLATAFORMA E,0,-1.2721397415249298,0.20332347305029075,NO SIGNIFICATIVO
GI-20-6,PLATAFORMA E,0,-1.6283139618637748,0.10345833050881413,NO SIGNIFICATIVO
GI-20-7,PLATAFORMA E,0,-1.3406347838977848,0.18003905802697295,NO SIGNIFICATIVO
GI-20-8,PLATAFORMA E,0,-1.3269357754232138,0.18452992875187835,NO SIGNIFICATIVO
GI-20-9,PLATAFORMA F,7,-0.4365002245761018,0.6624738363226228,NO SIGNIFICATIVO
GI-20-10,PLATAFORMA F,10,-0.05292798728811518,0.9577892850126313,NO SIGNIFICATIVO
GI-20-11,PLATAFORMA F,50,0.755313512711571,0.4500608927620971,NO SIGNIFICATIVO
GI-20-12,PLATAFORMA F,19,2.8923588347446394,0.0038236096582727917,HOTSPOT 99%
GI-20-13,PLATAFORMA G,36,2.9060578432192106,0.0036601378106410486,HOTSPOT 99%
GI-20-14,PLATAFORMA G,13,2.4402915550837982,0.014675412455261012,HOTSPOT 95%
GI-20-15,PLATAFORMA G,12,0.6457214449150034,0.5184597698134974,NO SIGNIFICATIVO
GI-20-16,PLATAFORMA G,7,-0.2370953286970778,0.8125828362235732,NO SIGNIFICATIVO
GI-20-17,PLATAFORMA G,3,-0.3609577152927259,0.7181310573143218,NO SIGNIFICATIVO
GI-20-21,PLATAFORMA L,6,-1.3941864404584783,0.1632613115080284,NO SIGNIFICATIVO
GI-20-22,PLATAFORMA L,2,-1.3482555372211142,0.17757620749313135,NO SIGNIFICATIVO
GI-20-23,PLATAFORMA L,0,-1.2858387499995008,0.19849934342691114,NO SIGNIFICATIVO
GI-20-24,PLATAFORMA L,2,-1.3954308177960686,0.1628859634666981,NO SIGNIFICATIVO
GI-20-25,PLATAFORMA M,4,-1.4639258601689233,0.14321420671268598,NO SIGNIFICATIVO
GI-20-26,PLATAFORMA M,0,-1.596932387569449,0.11028077939384025,NO SIGNIFICATIVO
GI-20-27,PLATAFORMA M,0,-1.4736168632748843,0.14058477837699118,NO SIGNIFICATIVO
GI-21-3,PLATAFORMA C,0,-1.3272490082948278,0.18442632552727256,NO SIGNIFICATIVO
GI-21-4,PLATAFORMA D,18,-1.3909924683181925,0.16422771066863395,NO SIGNIFICATIVO
GI-21-5,PLATAFORMA E,0,-1.4228288347452105,0.15478578028336953,NO SIGNIFICATIVO
GI-21-6,PLATAFORMA E,0,-1.0529556059317946,0.29236133907675127,NO SIGNIFICATIVO
GI-21-7,PLATAFORMA F,4,-1.3817318093214976,0.16705406360091146,NO SIGNIFICATIVO
GI-21-8,PLATAFORMA F,14,-1.0529556059317946,0.29236133907675127,NO SIGNIFICATIVO
GI-21-9,PLATAFORMA F,7,-0.9296645296606562,0.35254480507488956,NO SIGNIFICATIVO
GI-21-10,PLATAFORMA F,8,0.0018680466101686246,0.9985095153177518,NO SIGNIFICATIVO
GI-21-11,PLATAFORMA F,6,0.41283830084729717,0.6797250879192862,NO SIGNIFICATIVO
GI-21-12,PLATAFORMA F,13,0.5909254110167196,0.5545703989614419,NO SIGNIFICATIVO
GI-21-13,PLATAFORMA G,11,1.7416421228806795,0.08157108576367507,HOTSPOT 90%
GI-21-14,PLATAFORMA G,6,1.042992690677561,0.29695167804623557,NO SIGNIFICATIVO
GI-21-15,PLATAFORMA G,15,-0.03922897881354423,0.9687078296611839,NO SIGNIFICATIVO
GI-21-16,PLATAFORMA G,37,-0.34820330255273696,0.7276875077212044,NO SIGNIFICATIVO
GI-21-17,PLATAFORMA G,4,-0.15861742832845907,0.8739702968180096,NO SIGNIFICATIVO
GI-21-21,PLATAFORMA L,0,-1.4214609657132204,0.1551827936801656,NO SIGNIFICATIVO
GI-21-22,PLATAFORMA L,0,-1.611798210010124,0.10700585783699632,NO SIGNIFICATIVO
GI-21-23,PLATAFORMA L,0,-1.6283139618637748,0.10345833050881413,NO SIGNIFICATIVO
GI-21-24,PLATAFORMA L,1,-1.7105080127112005,0.08717197301350613,COLDSPOT 90%
GI-21-25,PLATAFORMA M,5,-1.6474140549006624,0.09947296840757373,COLDSPOT 90%
GI-21-26,PLATAFORMA M,0,-1.5453344083774152,0.12226539677847661,NO SIGNIFICATIVO
GI-21-27,PLATAFORMA M,0,-1.2488837478289168,0.21170759673779227,NO SIGNIFICATIVO
GI-22-3,PLATAFORMA C,1,-1.264938893985517,0.20589323353016,NO SIGNIFICATIVO
GI-22-4,PLATAFORMA C,1,-1.3909924683181925,0.16422771066863395,NO SIGNIFICATIVO
GI-22-5,PLATAFORMA C,5,-1.2995377584740717,0.19375944413468885,NO SIGNIFICATIVO
GI-22-6,PLATAFORMA C,10,-1.4639258601689233,0.14321420671268598,NO SIGNIFICATIVO
GI-22-7,PLATAFORMA C,6,-1.0255575889826527,0.3051001670426981,NO SIGNIFICATIVO
GI-22-8,PLATAFORMA F,3,-0.9296645296606562,0.35254480507488956,NO SIGNIFICATIVO
GI-22-9,PLATAFORMA F,8,-0.4091022076269599,0.6824646562405872,NO SIGNIFICATIVO
GI-22-10,PLATAFORMA F,7,-0.7104803940675208,0.47740628474705454,NO SIGNIFICATIVO
GI-22-11,PLATAFORMA F,4,-0.09402501271182805,0.9250892874808374,NO SIGNIFICATIVO
GI-22-12,PLATAFORMA G,6,-0.5460922923726694,0.5850024976926684,NO SIGNIFICATIVO
GI-22-13,PLATAFORMA G,6,-0.08032600423725708,0.9359779766436448,NO SIGNIFICATIVO
GI-22-14,PLATAFORMA G,4,-0.4638982415252437,0.6427206527559235,NO SIGNIFICATIVO
GI-22-15,PLATAFORMA G,8,-0.13737582280389507,0.8907337404562954,NO SIGNIFICATIVO
GI-22-16,PLATAFORMA G,4,-0.31141897491253145,0.7554821306965949,NO SIGNIFICATIVO
GI-22-21,PLATAFORMA L,0,-1.208805117680906,0.22673772500357783,NO SIGNIFICATIVO
GI-22-22,PLATAFORMA L,0,-1.60745882003571,0.10795375590730921,NO SIGNIFICATIVO
GI-22-23,PLATAFORMA L,1,-1.846853066687028,0.06476843840608794,COLDSPOT 90%
GI-22-24,PLATAFORMA L,0,-1.7471335607938452,0.08061417307007698,COLDSPOT 90%
GI-22-25,PLATAFORMA L,3,-1.6266640324507993,0.1038084716740441,NO SIGNIFICATIVO
GI-23-2,PLATAFORMA C,0,-1.4213238328032332,0.15522263804848405,NO SIGNIFICATIVO
GI-23-3,PLATAFORMA C,0,-1.7753222568575506,0.07584469247167469,COLDSPOT 90%
GI-23-4,PLATAFORMA C,1,-1.5187218940672071,0.12883251321379288,NO SIGNIFICATIVO
GI-23-5,PLATAFORMA C,1,-1.3817318093214976,0.16705406360091146,NO SIGNIFICATIVO
GI-23-6,PLATAFORMA C,7,-1.3680328008469267,0.17130180917245938,NO SIGNIFICATIVO
GI-23-7,PLATAFORMA C,1,-1.217343707626646,0.2234734711856179,NO SIGNIFICATIVO
GI-23-8,PLATAFORMA C,12,-0.655684360169237,0.5120272338633363,NO SIGNIFICATIVO
GI-23-9,PLATAFORMA C,1,-0.381704190677818,0.7026807913260484,NO SIGNIFICATIVO
GI-23-10,PLATAFORMA C,5,-0.21731608898296662,0.827962019496251,NO SIGNIFICATIVO
GI-23-11,PLATAFORMA B,17,-0.9981595720335109,0.31820198683661755,NO SIGNIFICATIVO
GI-23-12,PLATAFORMA B,7,-0.6282863432200951,0.5298163764070205,NO SIGNIFICATIVO
GI-23-13,PLATAFORMA B,5,-0.669383368643808,0.503250958005315,NO SIGNIFICATIVO
GI-23-14,PLATAFORMA G,30,-0.98446056355894,0.3248891125519237,NO SIGNIFICATIVO
GI-23-15,PLATAFORMA G,3,-0.6574152794697378,0.5109139296098859,NO SIGNIFICATIVO
GI-23-16,PLATAFORMA G,0,0.06421311363767751,0.9488005357724388,NO SIGNIFICATIVO
GI-23-23,PLATAFORMA L,0,-1.6402699553552842,0.10094904966326784,NO SIGNIFICATIVO
GI-23-24,PLATAFORMA L,0,-1.846853066687028,0.06476843840608794,COLDSPOT 90%
GI-23-25,PLATAFORMA L,0,-1.5820665651287737,0.11363437535988419,NO SIGNIFICATIVO
GI-23-26,PLATAFORMA L,0,-1.4040756665259992,0.1602963187635494,NO SIGNIFICATIVO
GI-24-2,PLATAFORMA C,0,-1.5605433592109903,0.11863153189137852,NO SIGNIFICATIVO
GI-24-3,PLATAFORMA C,0,-1.8753443540850803,0.060745365151745355,COLDSPOT 90%
GI-24-4,PLATAFORMA C,0,-1.6968090042366295,0.0897327758627198,COLDSPOT 90%
GI-24-5,PLATAFORMA C,1,-1.532420902541778,0.12541860261732718,NO SIGNIFICATIVO
GI-24-6,PLATAFORMA C,1,-1.3132367669486427,0.18910317837044768,NO SIGNIFICATIVO
GI-24-7,PLATAFORMA C,1,-0.6419853516946661,0.5208826940662088,NO SIGNIFICATIVO
GI-24-8,PLATAFORMA C,5,-0.7926744449149465,0.42796752297418256,NO SIGNIFICATIVO
GI-24-9,PLATAFORMA C,34,-0.4775972499998147,0.6329368885621102,NO SIGNIFICATIVO
GI-24-10,PLATAFORMA B,12,-0.5597913008472404,0.5756217979500673,NO SIGNIFICATIVO
GI-24-11,PLATAFORMA B,2,-0.6419853516946661,0.5208826940662088,NO SIGNIFICATIVO
GI-24-12,PLATAFORMA B,1,-1.1060795943376704,0.26869207004311446,NO SIGNIFICATIVO
GI-24-13,PLATAFORMA B,4,-1.0918339506386443,0.27490609336668087,NO SIGNIFICATIVO
GI-24-14,PLATAFORMA B,1,-0.9689658510162913,0.3325622277124678,NO SIGNIFICATIVO
GI-24-15,PLATAFORMA B,0,-0.760819596598814,0.446764827864576,NO SIGNIFICATIVO
GI-24-23,PLATAFORMA L,0,-1.4398930446337443,0.1498976612037412,NO SIGNIFICATIVO
GI-24-24,PLATAFORMA L,0,-1.607644522686726,0.1079130552514971,NO SIGNIFICATIVO
GI-24-25,PLATAFORMA L,0,-1.6415298548914745,0.10068747499695882,NO SIGNIFICATIVO
GI-24-26,PLATAFORMA L,5,-1.386690367338778,0.16553619913031867,NO SIGNIFICATIVO
GI-25-2,PLATAFORMA C,0,-1.747842279882675,0.08049134188729602,COLDSPOT 90%
GI-25-3,PLATAFORMA C,0,-1.6759053422987147,0.09375673514465728,COLDSPOT 90%
GI-25-4,PLATAFORMA C,0,-1.7379060296603424,0.08222737306923956,COLDSPOT 90%
GI-25-5,PLATAFORMA C,17,-1.587216936440062,0.11246352019767797,NO SIGNIFICATIVO
GI-25-6,PLATAFORMA C,0,-1.0940526313555075,0.2739318957303337,NO SIGNIFICATIVO
GI-25-7,PLATAFORMA C,5,-1.0118585805080818,0.31160567579124854,NO SIGNIFICATIVO
GI-25-8,PLATAFORMA C,1,-0.25841311440667947,0.7960880964014507,NO SIGNIFICATIVO
GI-25-9,PLATAFORMA B,6,-0.669383368643808,0.503250958005315,NO SIGNIFICATIVO
GI-25-10,PLATAFORMA B,13,-0.8200724618640886,0.41217479986714994,NO SIGNIFICATIVO
GI-25-11,PLATAFORMA B,0,-1.0171653123831184,0.30907479440369173,NO SIGNIFICATIVO
GI-25-12,PLATAFORMA B,0,-1.2960939511401723,0.19494311869193584,NO SIGNIFICATIVO
GI-25-13,PLATAFORMA B,2,-1.3345344697771144,0.1820287579183909,NO SIGNIFICATIVO
GI-25-14,PLATAFORMA B,0,-0.7714014187353346,0.4404690344314842,NO SIGNIFICATIVO
GI-25-24,PLATAFORMA L,0,-1.365616197311699,0.17205945996865896,NO SIGNIFICATIVO
GI-25-25,PLATAFORMA L,4,-1.386690367338778,0.16553619913031867,NO SIGNIFICATIVO
GI-25-26,PLATAFORMA L,1,-1.272770138159142,0.2030996206135908,NO SIGNIFICATIVO
GI-25-27,PLATAFORMA L,0,-0.8545804596353824,0.39278344904513296,NO SIGNIFICATIVO
GI-26-1,PLATAFORMA A,0,-1.4584622564642558,0.14471317132654463,NO SIGNIFICATIVO
GI-26-2,PLATAFORMA C,0,-1.8347855466202512,0.0665374709860432,COLDSPOT 90%
GI-26-3,PLATAFORMA C,0,-1.9981871906771904,0.04569636973159836,COLDSPOT 95%
GI-26-4,PLATAFORMA A,0,-1.6968090042366295,0.0897327758627198,COLDSPOT 90%
GI-26-5,PLATAFORMA C,0,-1.244741724575788,0.213226703371567,NO SIGNIFICATIVO
GI-26-6,PLATAFORMA C,1,-1.0255575889826527,0.3051001670426981,NO SIGNIFICATIVO
GI-26-7,PLATAFORMA C,25,-1.0118585805080818,0.31160567579124854,NO SIGNIFICATIVO
GI-26-8,PLATAFORMA C,6,-0.970761555084369,0.3316670311646793,NO SIGNIFICATIVO
GI-26-9,PLATAFORMA B,11,-0.5323932838980985,0.59445363576899,NO SIGNIFICATIVO
GI-26-10,PLATAFORMA B,2,-0.9533883224389635,0.34039335587289726,NO SIGNIFICATIVO
GI-26-11,PLATAFORMA B,0,-1.0737549819687962,0.2829325115838185,NO SIGNIFICATIVO
GI-27-1,PLATAFORMA A,0,-1.5605433592109903,0.11863153189137852,NO SIGNIFICATIVO
GI-27-2,PLATAFORMA C,0,-1.9180812851821585,0.055100705084626084,COLDSPOT 90%
GI-27-3,PLATAFORMA A,0,-1.9433911567789066,0.05196891493401716,COLDSPOT 90%
GI-27-4,PLATAFORMA A,0,-1.820100080507768,0.06874376536477177,COLDSPOT 90%
GI-27-5,PLATAFORMA A,4,-1.5187218940672071,0.12883251321379288,NO SIGNIFICATIVO
GI-27-6,PLATAFORMA C,7,-1.217343707626646,0.2234734711856179,NO SIGNIFICATIVO
GI-27-7,PLATAFORMA C,3,-1.0529556059317946,0.29236133907675127,NO SIGNIFICATIVO
GI-27-8,PLATAFORMA B,8,-1.0666546144063656,0.2861278287411915,NO SIGNIFICATIVO
GI-27-9,PLATAFORMA B,1,-1.2550184714339208,0.20947205458722884,NO SIGNIFICATIVO
GI-27-10,PLATAFORMA B,0,-0.9520578876582475,0.3410676248139709,NO SIGNIFICATIVO
GI-28-1,PLATAFORMA A,0,-1.6566755230150714,0.09758509424376767,COLDSPOT 90%
GI-28-2,PLATAFORMA A,0,-1.9180812851821585,0.055100705084626084,COLDSPOT 90%
GI-28-3,PLATAFORMA A,0,-1.9707891737280485,0.04874799555032737,COLDSPOT 95%
GI-28-4,PLATAFORMA A,0,-1.8748961144060519,0.060807016728745146,COLDSPOT 90%
GI-28-5,PLATAFORMA A,0,-1.6831099957620586,0.0923537998066603,COLDSPOT 90%
GI-28-6,PLATAFORMA C,2,-1.6146149533892038,0.1063941051430621,NO SIGNIFICATIVO
GI-28-7,PLATAFORMA C,4,-1.217343707626646,0.2234734711856179,NO SIGNIFICATIVO
GI-28-8,PLATAFORMA B,1,-1.5049576179104014,0.13233497337123565,NO SIGNIFICATIVO
GI-28-9,PLATAFORMA B,0,-1.3272490082948278,0.18442632552727256,NO SIGNIFICATIVO
GI-29-1,PLATAFORMA A,0,-1.5605433592109903,0.11863153189137852,NO SIGNIFICATIVO
GI-29-2,PLATAFORMA A,0,-1.805053901738901,0.07106624770343933,COLDSPOT 90%
GI-29-3,PLATAFORMA A,0,-1.9570901652534776,0.050336868503747606,COLDSPOT 90%
GI-29-4,PLATAFORMA A,2,-1.9159931398297647,0.05536596889883256,COLDSPOT 90%
GI-29-5,PLATAFORMA A,1,-1.806401072033197,0.070855714256538,COLDSPOT 90%
GI-29-6,PLATAFORMA A,3,-1.6831099957620586,0.0923537998066603,COLDSPOT 90%
GI-29-7,PLATAFORMA A,2,-1.7242070211857714,0.08467047708336163,COLDSPOT 90%
GI-29-8,PLATAFORMA B,1,-1.6189227675026103,0.10546388152254443,NO SIGNIFICATIVO
GI-29-9,PLATAFORMA B,1,-1.456231564087663,0.1453286166881665,NO SIGNIFICATIVO
GI-30-1,PLATAFORMA A,0,-1.3490803231989432,0.17731116769152622,NO SIGNIFICATIVO
GI-30-2,PLATAFORMA A,0,-1.6566755230150714,0.09758509424376767,COLDSPOT 90%
GI-30-3,PLATAFORMA A,0,-1.805053901738901,0.07106624770343933,COLDSPOT 90%
GI-30-4,PLATAFORMA A,0,-1.8753443540850803,0.060745365151745355,COLDSPOT 90%
GI-30-5,PLATAFORMA A,0,-1.9022941313551938,0.05713271249006252,COLDSPOT 90%
GI-30-6,PLATAFORMA A,0,-1.861197105931481,0.06271634693108195,COLDSPOT 90%
GI-30-7,PLATAFORMA A,1,-1.833799088982339,0.06668382302899503,COLDSPOT 90%
GI-30-8,PLATAFORMA B,0,-1.6387995798413812,0.10125500672504788,NO SIGNIFICATIVO
GI-30-9,PLATAFORMA B,0,-1.4027546209727217,0.16069002320250964,NO SIGNIFICATIVO
GI-31-3,PLATAFORMA A,0,-1.4584622564642558,0.14471317132654463,NO SIGNIFICATIVO
GI-31-4,PLATAFORMA A,0,-1.6238643876954972,0.10440475451638054,NO SIGNIFICATIVO
GI-31-5,PLATAFORMA A,0,-1.805053901738901,0.07106624770343933,COLDSPOT 90%
GI-31-6,PLATAFORMA A,0,-1.846853066687028,0.06476843840608794,COLDSPOT 90%
GI-31-7,PLATAFORMA A,1,-1.6855321655733642,0.09188594435759723,COLDSPOT 90%
GI-31-8,PLATAFORMA A,0,-1.5083874616493267,0.13145539015199526,NO SIGNIFICATIVO
GI-32-5,PLATAFORMA A,0,-1.4584622564642558,0.14471317132654463,NO SIGNIFICATIVO
GI-32-6,PLATAFORMA A,0,-1.4398930446337443,0.1498976612037412,NO SIGNIFICATIVO
GI-32-7,PLATAFORMA A,0,-1.4213238328032332,0.15522263804848405,NO SIGNIFICATIVO
