platformName,platform,population,coveredPopulation,partialPopulation,areaKm2,coveredAreaKm2,cameras,coveredManzanas,partialManzanas,uncoveredManzanas,uncoveredPopulation,coveredPct,coveredAreaPct
PLATAFORMA F,F,8497,346,878.0,1.1818373645260771,0.04132341161141044,1,0,9,129,8151,4.072025420736731,3.496539612959465
PLATAFORMA C,C,6934,16,91.00000000000001,2.4079535875634384,0.0053552984760000125,0,0,1,236,6918,0.23074704355350445,0.22240040271785036
PLATAFORMA H,H,11314,1148,2366.7657448961677,1.636503754031526,0.14603916430430006,6,4,35,124,10166,10.146720876789818,8.923851469606022
PLATAFORMA A,A,1565,0,0.0,1.512930511276683,0.0,0,0,0,143,1565,0.0,0.0
PLATAFORMA B,B,5150,59,292.0674593485741,1.3759303416022575,0.024555683217207466,0,0,6,111,5091,1.145631067961165,1.7846603476025256
PLATAFORMA K,K,12255,3008,6532.187555486217,1.4571785030101703,0.4075552081587588,15,12,111,79,9247,24.545083639330887,27.968790873379657
PLATAFORMA I,I,9075,851,2361.1765643730864,1.000122658114963,0.09358302954135292,4,2,24,84,8224,9.37741046831956,9.357155223114209
PLATAFORMA D,D,13059,121,204.0,1.9583318582365161,0.02802409234942411,1,0,5,197,12938,0.9265640554406922,1.4310185595744682
PLATAFORMA G,G,8048,444,1213.983670542318,1.2358256784729624,0.0837503047162267,3,4,25,124,7604,5.5168986083499005,6.776870409402082
PLATAFORMA E,E,129,23,36.25290155207947,1.2227888491927974,0.005792568727429131,0,0,2,29,106,17.829457364341085,0.473717823911544
PLATAFORMA Q,Q,9536,442,1083.4291950669478,1.912945219490797,0.049675302191550655,2,1,11,131,9094,4.635067114093959,2.5967969017311234
PLATAFORMA L,L,2680,9,85.99999999999999,1.4843378183145317,0.02364708179932282,2,0,2,54,2671,0.33582089552238803,1.5931064685917742
PLATAFORMA M,M,13978,982,1696.204738733121,1.7550106584299867,0.08181734538550678,3,4,21,188,12996,7.0253255115181,4.661928689293527
PLATAFORMA O,O,18491,207,732.0,2.237245145037659,0.032172784877871397,1,0,12,274,18284,1.1194635227948733,1.4380536236376475
PLATAFORMA P,P,12773,683,1845.0681057490913,1.523491406244984,0.0949572168144187,3,1,26,132,12090,5.347216785406717,6.2328685560796115
PLATAFORMA Ñ,Ñ,15707,401,1518.4115291427818,1.966383010660902,0.06752312710699145,2,0,17,201,15306,2.553001846310562,3.4338746185717346
PLATAFORMA N,N,3898,40,84.33021157045428,1.0620638418950694,0.02502807788211412,1,0,3,92,3858,1.026167265264238,2.356551169038562
PLATAFORMA J,J,18909,2603,6822.425815313172,2.3623126515128074,0.33440432609121046,12,11,84,153,16306,13.765931566978686,14.15580303805512
