ID_POLICIA,POL-01,POL-02,POL-03,POL-04,POL-05,POL-06,POL-07,POL-08,POL-09,POL-10,POL-11,POL-12,POL-13,POL-14,POL-15,POL-16,POL-17,POL-18,POL-19,POL-20,POL-21,POL-22,POL-23,POL-24,POL-25,POL-26,POL-27,POL-28,POL-29,POL-30
POL-01,0.0,6343.596366913319,4687.47321653295,6402.221391226682,6848.26072290439,7378.145145862316,687.8940827573063,2222.5668626859456,5021.626220670404,6059.268568064954,5483.044030394069,3353.9078459311695,6418.976942441306,3470.849887973488,1171.1075352951962,6766.07789151164,1595.9236298816827,2007.0234868784935,6109.42545143748,3280.5147796982533,2511.967497925184,2343.6389867736452,2804.590865686087,7201.52464820889,5626.965950232334,5337.184473580954,6214.254756993988,6008.486302891831,2514.9657267229945,7010.554949548516
POL-02,6343.596366913319,0.0,2514.6072945065657,2091.242071338355,2242.0093143488666,2421.3568933342194,5742.153210611359,4792.467497242752,2429.691413340832,876.5223667132349,1074.893269811676,2998.8153770333656,156.04112890527193,3385.5758880017097,5692.378640946035,1676.0288343660395,5349.059131475907,4389.860700655403,444.85622356879816,3226.4393233490605,4706.905551360192,4543.863775691348,3549.8528176326536,2192.856333565459,746.4244807687187,1393.5316743181456,608.1987282818454,1291.3800682561675,3884.8119640954674,1985.1796377071084
POL-03,4687.47321653295,2514.6072945065657,0.0,1717.991248873331,2162.642405395129,2695.4887090161837,4252.816312554371,3984.045975656817,341.392669368055,1785.749946806189,1449.2090287952233,1779.029837807974,2488.74068751969,3136.152710440702,4460.127218570768,2154.3202633454807,4280.888703101482,2723.472973729966,2599.671779756441,2620.213824923147,4064.349301900517,3751.5359918720983,2142.7163594129297,2530.164262631754,1859.851261432639,1121.1352509245355,2049.7477338612866,1532.2516075822186,2262.034653247892,2355.0393175762188
POL-04,6402.221391226682,2091.242071338355,1717.991248873331,0.0,446.62554170651015,977.5217053389676,5948.43875333379,5512.545463601029,1393.7351328775756,1264.20129380698,1593.989373490888,3309.183557085104,1967.3574969632618,4408.874766662182,6113.345382875297,646.9937164839887,5892.344221842302,4422.945901897417,2442.9691803095725,3998.4284548083892,5540.5825569449225,5266.554971079513,3766.275007439258,824.5368542427897,1924.6445358049832,1430.9271117867568,1489.6458061130463,881.0053039162998,3942.7830431598504,688.7160736323891
POL-05,6848.26072290439,2242.0093143488666,2162.642405395129,446.62554170651015,0.0,536.2438991398714,6394.867228330207,5941.710782998207,1835.2106328109674,1504.1540391893802,1932.6156062035768,3745.4597469903138,2101.6043313574582,4807.852546738927,6556.5297597726885,582.6292500235563,6331.189115025851,4869.553089257011,2636.0026472853797,4414.49227793,5962.68946811475,5694.5272161759685,4208.8583007261395,423.5224549065973,2211.0488233157994,1817.0868727183242,1675.3279976789506,1185.8248012838687,4388.873416561642,392.9618384167819
POL-06,7378.145145862316,2421.3568933342194,2695.4887090161837,977.5217053389676,536.2438991398714,0.0,6917.120785177204,6422.237230350327,2370.215380169128,1818.597676214848,2324.813850334785,4242.242726452513,2269.2867016589157,5243.48429698698,7066.052643191859,801.1455367544379,6830.235273298378,5394.3264967291125,2848.2704671260262,4876.418960382691,6431.0734531497,6173.252218076743,4718.283529469178,237.0145459728731,2539.600596398879,2261.90914536504,1923.7301436322557,1582.1811395129384,4909.518809419125,467.0872736914706
POL-07,687.8940827573063,5742.153210611359,4252.816312554371,5948.43875333379,6394.867228330207,6917.120785177204,0.0,1551.372807592311,4592.809032877441,5511.118368776995,4925.926639377112,2782.40342622038,5825.070160690688,2786.87270954762,612.5063287788422,6269.28152280356,965.8495571046926,1529.39624532758,5488.181419622356,2621.078438888948,1846.602777446701,1659.4109567055677,2245.0985451541205,6729.630770386926,5039.595006696682,4805.603547441175,5649.160221517648,5491.67235019095,2008.196750965561,6529.7190364134885
POL-08,2222.5668626859456,4792.467497242752,3984.045975656817,5512.545463601029,5941.710782998207,6422.237230350327,1551.372807592311,0.0,4313.244630894666,4779.169866221223,4189.910706246889,2219.1373914489322,4903.8029255978445,1468.6282643346367,1119.4107523271534,5683.680700956389,673.8138279161916,1764.5910366889207,4460.402748093803,1585.6508995280049,301.20947415279204,252.26294233992456,1873.64685146207,6207.2465090801015,4177.206869265556,4171.948928366466,4847.952561903665,4872.125312446518,1925.857855743468,5986.056287053709
POL-09,5021.626220670404,2429.691413340832,341.392669368055,1393.7351328775756,1835.2106328109674,2370.215380169128,4592.809032877441,4313.244630894666,0.0,1634.0807315697944,1406.6368433431976,2100.622021621199,2383.538344056533,3419.74560259921,4801.287574969139,1868.640917708616,4619.505039751583,3063.412913988817,2572.0220673439517,2919.842669860217,4386.458492968897,4078.506740087746,2480.3194111186917,2213.0683423559562,1839.4401148894851,1067.6753495074975,1912.7193980282657,1323.888421707256,2603.4151917917916,2047.3660019653043
POL-10,6059.268568064954,876.5223667132349,1785.749946806189,1264.20129380698,1504.1540391893802,1818.597676214848,5511.118368776995,4779.169866221223,1634.0807315697944,0.0,593.3706736036535,2731.1868564102065,787.6889900531214,3495.3742029503983,5554.656484658458,1017.4684071269926,5261.662170552917,4057.2139332058737,1183.1994319654643,3197.0285237601565,4748.046714225032,4526.947139490567,3266.7506515873347,1581.909025936375,721.1230763622957,744.6722279158695,285.85660770135775,416.45048783858226,3546.3899147090674,1351.7096349503931
POL-11,5483.044030394069,1074.893269811676,1449.2090287952233,1593.989373490888,1932.6156062035768,2324.813850334785,4925.926639377112,4189.910706246889,1406.6368433431976,593.3706736036535,0.0,2143.897789290452,1071.1882974520715,2930.6888589244245,4962.006621644209,1536.6063161688867,4668.381695382479,3486.678040222075,1165.534969635486,2610.4985129554366,4164.80442536731,3937.7935655595306,2683.881358625134,2093.0331531425873,437.0802778229067,339.0083783591915,736.1445512355784,749.2366335281039,2975.2833813098327,1862.319381080076
POL-12,3353.9078459311695,2998.8153770333656,1779.029837807974,3309.183557085104,3745.4597469903138,4242.242726452513,2782.40342622038,2219.1373914489322,2100.622021621199,2731.1868564102065,2143.897789290452,0.0,3068.0780286580757,1476.6056988272437,2840.711364172678,3539.109602687215,2588.004599588343,1395.407480678463,2801.2773709549324,906.8508451239336,2286.0683789661957,1980.450266214317,551.2565011293169,4036.5867054993796,2274.086702615257,2042.1770572117948,2867.3898712223818,2740.331755073689,902.174027663538,3823.0937901387847
POL-13,6418.976942441306,156.04112890527193,2488.74068751969,1967.3574969632618,2101.6043313574582,2269.2867016589157,5825.070160690688,4903.8029255978445,2383.538344056533,787.6889900531214,1071.1882974520715,3068.0780286580757,0.0,3507.9962036416414,5788.8269589973015,1531.2630909143163,5451.837265095445,4453.844073080493,600.4189603812013,3331.3838240264427,4824.626070395323,4654.270931146227,3619.2789181800104,2041.8692019126092,796.1779039476706,1372.4797551406932,505.96550819724484,1194.8926943025097,3946.3358160815824,1836.4383310580522
POL-14,3470.849887973488,3385.5758880017097,3136.152710440702,4408.874766662182,4807.852546738927,5243.48429698698,2786.87270954762,1468.6282643346367,3419.74560259921,3495.3742029503983,2930.6888589244245,1476.6056988272437,3507.9962036416414,0.0,2521.0644999238502,4465.462356651448,2106.7337589670983,2094.613093654283,3026.616137166407,576.6632855247544,1332.8628880999122,1241.2568253611396,1543.136339686771,5015.826754022878,2833.604782167024,2991.1456740274034,3518.2317096379147,3661.9665094774537,1865.6405893371882,4786.75789230002
POL-15,1171.1075352951962,5692.378640946035,4460.127218570768,6113.345382875297,6556.5297597726885,7066.052643191859,612.5063287788422,1119.4107523271534,4801.287574969139,5554.656484658458,4962.006621644209,2840.711364172678,5788.8269589973015,2521.0644999238502,0.0,6378.441189192763,449.2846367463139,1800.237966509489,5400.13357555285,2481.2824812889407,1385.2985836099556,1296.5816633781078,2347.9933528918964,6866.747640764126,5023.091877376938,4882.043123001727,5664.5400428822095,5581.025167150913,2203.2250501091576,6657.23541348681
POL-16,6766.07789151164,1676.0288343660395,2154.3202633454807,646.9937164839887,582.6292500235563,801.1455367544379,6269.28152280356,5683.680700956389,1868.640917708616,1017.4684071269926,1536.6063161688867,3539.109602687215,1531.2630909143163,4465.462356651448,6378.441189192763,0.0,6120.332307604254,4763.653499786837,2084.696395018408,4120.678310737615,5677.964327916998,5432.921883925586,4040.208792808468,564.6155860772822,1738.5244785556886,1512.1321357878112,1137.2959046611543,812.0308146467166,4264.937177957357,334.2915776231746
POL-17,1595.9236298816827,5349.059131475907,4280.888703101482,5892.344221842302,6331.189115025851,6830.235273298378,965.8495571046926,673.8138279161916,4619.505039751583,5261.662170552917,4668.381695382479,2588.004599588343,5451.837265095445,2106.7337589670983,449.2846367463139,6120.332307604254,0.0,1744.188248865893,5039.763144953026,2123.183205129827,936.0829331383628,868.159860885813,2139.846532861334,6624.114151592835,4700.121992461474,4612.747476002227,5355.22796069209,5314.887724766064,2066.3307587213108,6409.3710408013185
POL-18,2007.0234868784935,4389.860700655403,2723.472973729966,4422.945901897417,4869.553089257011,5394.3264967291125,1529.39624532758,1764.5910366889207,3063.412913988817,4057.2139332058737,3486.678040222075,1395.407480678463,4453.844073080493,2094.613093654283,1800.237966509489,4763.653499786837,1744.188248865893,0.0,4195.867131394685,1653.6517477631694,1998.675439005744,1639.8752557678513,851.3899770972506,5210.775050699115,3657.8504824757038,3331.2115949161303,4221.062482313454,4001.643401623041,511.3948645761181,5014.875395951773
POL-19,6109.42545143748,444.85622356879816,2599.671779756441,2442.9691803095725,2636.0026472853797,2848.2704671260262,5488.181419622356,4460.402748093803,2572.0220673439517,1183.1994319654643,1165.534969635486,2801.2773709549324,600.4189603812013,3026.616137166407,5400.13357555285,2084.696395018408,5039.763144953026,4195.867131394685,0.0,2920.0804641847785,4356.996559160174,4215.177861085914,3346.0190440300926,2616.8167078344018,739.9046701967509,1504.5365651938594,962.6091345196731,1592.7694182954444,3701.346280204873,2403.148385456029
POL-20,3280.5147796982533,3226.4393233490605,2620.213824923147,3998.4284548083892,4414.49227793,4876.418960382691,2621.078438888948,1585.6508995280049,2919.842669860217,3197.0285237601565,2610.4985129554366,906.8508451239336,3331.3838240264427,576.6632855247544,2481.2824812889407,4120.678310737615,2123.183205129827,1653.6517477631694,2920.0804641847785,0.0,1557.3213367816504,1333.5935938863543,993.239318997219,4655.658623319068,2593.0753098469063,2615.235158748982,3262.3140426706836,3308.926829801232,1345.5326860586938,4430.769565451665
POL-21,2511.967497925184,4706.905551360192,4064.349301900517,5540.5825569449225,5962.68946811475,6431.0734531497,1846.602777446701,301.20947415279204,4386.458492968897,4748.046714225032,4164.80442536731,2286.0683789661957,4824.626070395323,1332.8628880999122,1385.2985836099556,5677.964327916998,936.0829331383628,1998.675439005744,4356.996559160174,1557.3213367816504,0.0,362.3668315959111,2002.2031795086407,6211.57210206678,4120.834370162385,4171.277835338613,4799.422976559031,4866.149175409858,2104.6761022208334,5987.296540949519
POL-22,2343.6389867736452,4543.863775691348,3751.5359918720983,5266.554971079513,5694.5272161759685,6173.252218076743,1659.4109567055677,252.26294233992456,4078.506740087746,4526.947139490567,3937.7935655595306,1980.450266214317,4654.270931146227,1241.2568253611396,1296.5816633781078,5432.921883925586,868.159860885813,1639.8752557678513,4215.177861085914,1333.5935938863543,362.3668315959111,0.0,1659.709383138979,5957.644256464901,3925.6301700007093,3921.4270231816377,4595.9053750215735,4621.232179274199,1745.321292011475,5736.057991356944
POL-23,2804.590865686087,3549.8528176326536,2142.7163594129297,3766.275007439258,4208.8583007261395,4718.283529469178,2245.0985451541205,1873.64685146207,2480.3194111186917,3266.7506515873347,2683.881358625134,551.2565011293169,3619.2789181800104,1543.136339686771,2347.9933528918964,4040.208792808468,2139.846532861334,851.3899770972506,3346.0190440300926,993.239318997219,2002.2031795086407,1659.709383138979,0.0,4520.3284408151485,2825.027039043334,2562.00247649077,3411.8026427147197,3252.519568176294,391.5320768705042,4312.788786348052
POL-24,7201.52464820889,2192.856333565459,2530.164262631754,824.5368542427897,423.5224549065973,237.0145459728731,6729.630770386926,6207.2465090801015,2213.0683423559562,1581.909025936375,2093.0331531425873,4036.5867054993796,2041.8692019126092,5015.826754022878,6866.747640764126,564.6155860772822,6624.114151592835,5210.775050699115,2616.8167078344018,4655.658623319068,6211.57210206678,5957.644256464901,4520.3284408151485,0.0,2302.8252785246195,2040.4361818093564,1687.891559204695,1353.8994203492541,4721.43482022605,231.38910526611997
POL-25,5626.965950232334,746.4244807687187,1859.851261432639,1924.6445358049832,2211.0488233157994,2539.600596398879,5039.595006696682,4177.206869265556,1839.4401148894851,721.1230763622957,437.0802778229067,2274.086702615257,796.1779039476706,2833.604782167024,5023.091877376938,1738.5244785556886,4700.121992461474,3657.8504824757038,739.9046701967509,2593.0753098469063,4120.834370162385,3925.6301700007093,2825.027039043334,2302.8252785246195,0.0,773.176080416642,685.3241541973159,1044.430470369224,3150.167964470625,2072.7937501452875
POL-26,5337.184473580954,1393.5316743181456,1121.1352509245355,1430.9271117867568,1817.0868727183242,2261.90914536504,4805.603547441175,4171.948928366466,1067.6753495074975,744.6722279158695,339.0083783591915,2042.1770572117948,1372.4797551406932,2991.1456740274034,4882.043123001727,1512.1321357878112,4612.747476002227,3331.2115949161303,1504.5365651938594,2615.235158748982,4171.277835338613,3921.4270231816377,2562.00247649077,2040.4361818093564,773.176080416642,0.0,968.0414584879402,702.4136407373262,2822.220444258369,1816.164713634214
POL-27,6214.254756993988,608.1987282818454,2049.7477338612866,1489.6458061130463,1675.3279976789506,1923.7301436322557,5649.160221517648,4847.952561903665,1912.7193980282657,285.85660770135775,736.1445512355784,2867.3898712223818,505.96550819724484,3518.2317096379147,5664.5400428822095,1137.2959046611543,5355.22796069209,4221.062482313454,962.6091345196731,3262.3140426706836,4799.422976559031,4595.9053750215735,3411.8026427147197,1687.891559204695,685.3241541973159,968.0414584879402,0.0,689.0041619014454,3709.712591571827,1465.2423529424343
POL-28,6008.486302891831,1291.3800682561675,1532.2516075822186,881.0053039162998,1185.8248012838687,1582.1811395129384,5491.67235019095,4872.125312446518,1323.888421707256,416.45048783858226,749.2366335281039,2740.331755073689,1194.8926943025097,3661.9665094774537,5581.025167150913,812.0308146467166,5314.887724766064,4001.643401623041,1592.7694182954444,3308.926829801232,4866.149175409858,4621.232179274199,3252.519568176294,1353.8994203492541,1044.430470369224,702.4136407373262,689.0041619014454,0.0,3496.5365669979433,1125.4327571903978
POL-29,2514.9657267229945,3884.8119640954674,2262.034653247892,3942.7830431598504,4388.873416561642,4909.518809419125,2008.196750965561,1925.857855743468,2603.4151917917916,3546.3899147090674,2975.2833813098327,902.174027663538,3946.3358160815824,1865.6405893371882,2203.2250501091576,4264.937177957357,2066.3307587213108,511.3948645761181,3701.346280204873,1345.5326860586938,2104.6761022208334,1745.321292011475,391.5320768705042,4721.43482022605,3150.167964470625,2822.220444258369,3709.712591571827,3496.5365669979433,0.0,4522.00920121449
POL-30,7010.554949548516,1985.1796377071084,2355.0393175762188,688.7160736323891,392.9618384167819,467.0872736914706,6529.7190364134885,5986.056287053709,2047.3660019653043,1351.7096349503931,1862.319381080076,3823.0937901387847,1836.4383310580522,4786.75789230002,6657.23541348681,334.2915776231746,6409.3710408013185,5014.875395951773,2403.148385456029,4430.769565451665,5987.296540949519,5736.057991356944,4312.788786348052,231.38910526611997,2072.7937501452875,1816.164713634214,1465.2423529424343,1125.4327571903978,4522.00920121449,0.0
