ID_CANDIDATO,X,Y,AMBITO_HOTSPOT,NIVEL_DEL,NIVEL_VIOL,COINCIDENCIA_DV,NIVEL_DEL_RESIDUAL,NIVEL_VIOL_RESIDUAL,NIVEL_DV_RESIDUAL,EVENTOS_D_NUEVOS,EVENTOS_V_NUEVOS,EVENTOS_DV_NUEVOS,EVENTOS_C_NUEVOS,AREA_HOTSPOT_D_NUEVA_M2,AREA_HOTSPOT_V_NUEVA_M2,COINCIDENCIA_DV_RESIDUAL_M2,ESTADO_HOTSPOT_DV_PREVIO,SOLAPE_PREVIO_PCT,DIST_EXISTENTE_M,DIST_MUNICIPAL_M,DIST_POLICIA_M,UPC_CERCANA,NOMBRE_UPC,DIST_UPC_M,INTERSECCION_O_NODO,GRADO_NODO,PLATAFORMA,AREA_BUFFER_M2,AREA_SOLAPADA_M2,AREA_EXCLUSIVA_M2,APORTE_EXCLUSIVO_PCT,REDUNDANCIA,POBLACION_ADICIONAL_ESTIMADA,POBLACION_ASOCIADA_ESTIMADA,MANZANAS_ADICIONALES_VALIDAS,MANZANAS_ADICIONALES_SIN_POBLACION,POBLACION_ADICIONAL_PARCIAL,POBLACION_ASOCIADA_PARCIAL,CORREDOR_COINCIDENTE,EXISTENTE_MENOS_200M,MUNICIPAL_MENOS_200M,POLICIA_MENOS_200M,EXISTENTE_MENOS_300M,MUNICIPAL_MENOS_300M,POLICIA_MENOS_300M,EXISTENTE_MENOS_400M,MUNICIPAL_MENOS_400M,POLICIA_MENOS_400M,HOTSPOT_D,HOTSPOTS_D_CON_APORTE,HOTSPOTS_D_PRIMERA_ATENCION,HOTSPOTS_D_COMPLETADOS,IDS_HOTSPOTS_D_CON_APORTE,HOTSPOT_V,HOTSPOTS_V_CON_APORTE,HOTSPOTS_V_PRIMERA_ATENCION,HOTSPOTS_V_COMPLETADOS,IDS_HOTSPOTS_V_CON_APORTE,GI_D_CELDAS_SITIO,GI_D_CLASE_SITIO,GI_D_ZSCORE_SITIO,GI_D_PVALUE_SITIO,GI_V_CELDAS_SITIO,GI_V_CLASE_SITIO,GI_V_ZSCORE_SITIO,GI_V_PVALUE_SITIO,DIST_RED_VIAL_CONTEXTO_M,VIA_CONTEXTO_CERCANA,ID_POL,REVISAR,MAXIMA_PRIORIDAD,DECISION,JUSTIFICACION
CAND-POL-01960,762132.4550000001,9815725.2698,URBANO,99,99,True,99,95,0,0,0,0,0,1265.8061225046708,2023.901451687263,0.0,SIN REMANENTE D/V,96.67621886891176,80.84168006671266,324.2878837644314,283.4925753998874,I0404,LA ESTACION 2,85.57008522886403,INTERSECCION_VIAL_URBANA,3,PLATAFORMA M,125651.0900372239,121474.72281555994,4176.367221664246,3.323781131088481,MUY ALTA,11.214401876527024,1296.52776278343,3,1,True,True,BOULEVARD_MACAJI_BELLAVISTA,True,False,False,True,False,True,True,True,True,GIU100-31-59|GIU100-31-60|GIU100-31-61|GIU100-32-58|GIU100-32-59|GIU100-32-60|GIU100-32-61|GIU100-32-62|GIU100-33-59|GIU100-33-60|GIU100-33-61|GIU100-34-60|GIU100-34-62|GIU100-35-61,1,0,1,GIU100-33-59,GIU100-31-58|GIU100-31-59|GIU100-31-60|GIU100-31-61|GIU100-32-58|GIU100-32-59|GIU100-32-60|GIU100-32-61|GIU100-32-62|GIU100-33-58|GIU100-33-60|GIU100-33-61|GIU100-33-62|GIU100-34-59|GIU100-34-60|GIU100-34-61|GIU100-34-62|GIU100-35-61,3,0,2,GIU100-33-58|GIU100-34-59|GIU100-34-61,GIU100-33-60,HOTSPOT 99%,3.6222424660990464,0.0002920601717394697,GIU100-33-60,HOTSPOT 95%,2.230409576025968,0.025720264423434874,0.0,VELASCO,POL-17,True,True,REUBICAR,"Reubicar en escenario de prueba: D/V adicionales 0 a 43, sin perder D o V individualmente; solape 96.68% a 0.00%. Nodo vial de grado 3, Hot Spot residual D/V 0%/99%. No se exige que ambas categorias sean significativas en la misma celda. Las superficies/niveles pueden variar: consultar alternativas. Pendiente validacion operativa de campo."
CAND-POL-01747,761846.4039000003,9815383.3191,URBANO,99,99,True,95,99,95,0,0,0,0,3367.0558816029084,5086.152739941754,3367.0558816029084,PARCIALMENTE CUBIERTO,95.95216186470405,233.3735753294826,234.45190781355595,229.78238659850862,I0404,LA ESTACION 2,388.9828973485814,INTERSECCION_VIAL_URBANA,4,PLATAFORMA K,125651.0900372239,120564.93729728211,5086.152739941822,4.047838135295968,MUY ALTA,36.37103522241828,1280.9279575459402,4,0,False,False,BOULEVARD_MACAJI_BELLAVISTA,False,False,False,True,True,True,True,True,True,GIU100-27-56|GIU100-27-57|GIU100-27-58|GIU100-28-55|GIU100-28-56|GIU100-28-57|GIU100-28-58|GIU100-29-55|GIU100-29-56|GIU100-29-57|GIU100-31-59,1,0,1,GIU100-29-57,GIU100-27-56|GIU100-27-57|GIU100-27-58|GIU100-28-55|GIU100-28-56|GIU100-28-57|GIU100-28-58|GIU100-28-59|GIU100-29-55|GIU100-29-56|GIU100-29-57|GIU100-29-58|GIU100-29-59|GIU100-30-55|GIU100-30-56|GIU100-30-57|GIU100-30-58|GIU100-30-59|GIU100-31-55|GIU100-31-56|GIU100-31-58|GIU100-31-59,2,0,2,GIU100-29-57|GIU100-30-57,GIU100-29-57,HOTSPOT 95%,1.9948978927759915,0.04605401740532087,GIU100-29-57,HOTSPOT 99%,3.9957889316843516,6.447916316208313e-05,0.0,VELASCO,POL-19,True,True,REUBICAR,"Reubicar en escenario de prueba: D/V adicionales 0 a 24, sin perder D o V individualmente; solape 95.95% a 7.73%. Nodo vial de grado 3, Hot Spot residual D/V 0%/99%. No se exige que ambas categorias sean significativas en la misma celda. Las superficies/niveles pueden variar: consultar alternativas. Pendiente validacion operativa de campo."
CAND-POL-02251,762431.8369000005,9815916.5345,URBANO,99,99,True,95,99,95,1,1,2,1,7192.497437207578,16330.170198518937,7192.497437207579,PARCIALMENTE CUBIERTO,86.2952118151432,272.57227371352906,96.92230534509468,355.2628710034888,I0404,LA ESTACION 2,403.01076910741034,INTERSECCION_VIAL_URBANA,3,PLATAFORMA M,125651.0900372239,108430.87429565865,17220.21574156506,13.704788184856659,MUY ALTA,265.7785108092032,1509.7959457675313,12,0,False,True,ANILLO_VIAL|BOULEVARD_MACAJI_BELLAVISTA,False,True,False,True,True,False,True,True,True,GIU100-33-61|GIU100-34-62|GIU100-34-63|GIU100-34-64|GIU100-35-61|GIU100-35-62|GIU100-35-63|GIU100-35-64|GIU100-35-65|GIU100-36-63,3,0,3,GIU100-34-62|GIU100-35-61|GIU100-35-62,GIU100-33-61|GIU100-33-62|GIU100-33-63|GIU100-34-61|GIU100-34-62|GIU100-34-63|GIU100-34-64|GIU100-34-65|GIU100-35-61|GIU100-35-62|GIU100-35-63|GIU100-35-64|GIU100-35-65|GIU100-36-61|GIU100-36-62|GIU100-36-63|GIU100-36-64|GIU100-36-65|GIU100-37-62|GIU100-37-63|GIU100-37-64,6,0,4,GIU100-33-62|GIU100-33-63|GIU100-34-62|GIU100-34-61|GIU100-35-61|GIU100-35-62,GIU100-35-63,HOTSPOT 90%,1.8697175409819105,0.06152305234929761,GIU100-35-63,HOTSPOT 99%,2.9870007284509894,0.002817290511545885,0.0,MALDONADO,POL-18,True,True,REUBICAR,"Reubicar en escenario de prueba: D/V adicionales 2 a 24, sin perder D o V individualmente; solape 85.71% a 17.87%. Nodo vial de grado 3, Hot Spot residual D/V 99%/0%. No se exige que ambas categorias sean significativas en la misma celda. Las superficies/niveles pueden variar: consultar alternativas. Pendiente validacion operativa de campo."
CAND-POL-01184,760323.7768000001,9814917.6006,URBANO,99,99,True,99,99,99,2,2,4,5,1175.3338020150322,5282.823921542459,1175.3338020150322,PARCIALMENTE CUBIERTO,90.54598215743114,367.30763984522883,89.61761400041733,265.6547532021458,I0421,LA CONDAMINE 1,203.6529744932956,INTERSECCION_VIAL_URBANA,4,PLATAFORMA J,125651.0900372239,113772.01356572247,11879.076471497043,9.454017842565385,MUY ALTA,154.27762475048132,1698.8926203687727,7,1,True,True,ANILLO_VIAL,False,True,False,False,True,True,True,True,True,GIU100-24-44|GIU100-25-44|GIU100-26-44,2,0,0,GIU100-24-44|GIU100-25-44,GIU100-23-41|GIU100-23-42|GIU100-23-43|GIU100-24-42|GIU100-24-43|GIU100-24-44|GIU100-25-43|GIU100-25-44|GIU100-26-43|GIU100-26-44,5,0,2,GIU100-23-43|GIU100-24-44|GIU100-24-43|GIU100-25-43|GIU100-25-44,GIU100-25-42,NO SIGNIFICATIVO,-0.1331680877233875,0.8940604483334631,GIU100-25-42,NO SIGNIFICATIVO,1.4738184236009466,0.14053048645093041,0.0,LIZARZABURU,POL-07,True,False,REUBICAR,"Reubicar en escenario de prueba: D/V adicionales 4 a 21, sin perder D o V individualmente; solape 90.55% a 0.00%. Nodo vial de grado 4, Hot Spot residual D/V 0%/99%. No se exige que ambas categorias sean significativas en la misma celda. Las superficies/niveles pueden variar: consultar alternativas. Pendiente validacion operativa de campo."
CAND-POL-01487,761153.2564000003,9814679.0446,URBANO,99,99,True,99,99,99,2,0,2,5,11510.338628854268,10481.94524825305,3357.7820481347358,PARCIALMENTE CUBIERTO,75.43569270483073,331.9148388033813,184.16302657722017,255.22314849387914,I0421,LA CONDAMINE 1,659.9491328208452,INTERSECCION_VIAL_URBANA,4,PLATAFORMA J,125651.0900372239,94785.7701607504,30865.31987647297,24.564307295168852,ALTA,263.20625141425177,1212.4562769245913,11,0,False,False,BOULEVARD_MACAJI_BELLAVISTA,False,True,False,False,True,True,True,True,True,GIU100-23-48|GIU100-23-51|GIU100-24-48|GIU100-24-49|GIU100-24-50|GIU100-24-51|GIU100-24-52,5,0,4,GIU100-23-51|GIU100-24-51|GIU100-24-50|GIU100-24-49|GIU100-23-48,GIU100-21-48|GIU100-23-49|GIU100-24-48|GIU100-24-49|GIU100-24-50,3,0,3,GIU100-24-50|GIU100-24-49|GIU100-23-49,GIU100-22-50,NO SIGNIFICATIVO,0.24237296765885585,0.8084911786855664,GIU100-22-50,NO SIGNIFICATIVO,0.46503022036758457,0.6419098152571237,0.0,LIZARZABURU,POL-15,True,False,REUBICAR,"Reubicar en escenario de prueba: D/V adicionales 2 a 22, sin perder D o V individualmente; solape 75.44% a 0.00%. Nodo vial de grado 3, Hot Spot residual D/V 0%/99%. No se exige que ambas categorias sean significativas en la misma celda. Las superficies/niveles pueden variar: consultar alternativas. Pendiente validacion operativa de campo."
CAND-POL-00990,759677.6255999999,9815960.3914,URBANO,99,99,True,99,99,99,2,3,5,43,630.7992238235488,17216.947318802635,630.7992238235488,PARCIALMENTE CUBIERTO,77.23207818955761,269.73248833487276,225.70933924406188,303.10433644663686,I0419,TERMINAL TERRESTRE 1,402.2405722454171,INTERSECCION_VIAL_URBANA,4,PLATAFORMA H,125651.0900372239,97042.9481035802,28608.141933644052,22.767921810442665,ALTA,330.52895136411144,1303.776594104921,10,0,False,True,ANILLO_VIAL,False,False,False,True,True,False,True,True,True,GIU100-35-37|GIU100-36-37|GIU100-37-37,1,0,1,GIU100-36-37,GIU100-33-35|GIU100-33-36|GIU100-34-34|GIU100-34-35|GIU100-34-36|GIU100-34-37|GIU100-35-34|GIU100-35-36|GIU100-35-37|GIU100-36-36|GIU100-36-37|GIU100-37-37,5,0,5,GIU100-36-37|GIU100-34-36|GIU100-35-36|GIU100-35-34|GIU100-36-36,GIU100-35-35,NO SIGNIFICATIVO,-0.38352879131154977,0.7013277268913749,GIU100-35-35,NO SIGNIFICATIVO,0.7172272711759251,0.473233874702297,0.0,LIZARZABURU,POL-16,True,False,REUBICAR,"Reubicar en escenario de prueba: D/V adicionales 5 a 19, sin perder D o V individualmente; solape 77.23% a 19.49%. Nodo vial de grado 3, Hot Spot residual D/V 99%/0%. No se exige que ambas categorias sean significativas en la misma celda. Las superficies/niveles pueden variar: consultar alternativas. Pendiente validacion operativa de campo."
CAND-POL-01245,760485.9926000005,9815127.9776,URBANO,99,99,True,99,99,99,3,3,6,1,1210.2862368853189,1215.2295772169407,1194.8406880577015,PARCIALMENTE CUBIERTO,80.67819044904664,124.08042911375325,355.27213154953023,265.6547532021458,I0421,LA CONDAMINE 1,280.1214791731123,INTERSECCION_VIAL_URBANA,4,PLATAFORMA J,125651.0900372239,101373.02572153456,24278.06431568806,19.32180955095235,ALTA,257.3188306752831,1667.8781953755658,9,1,True,True,,True,False,False,True,False,True,True,True,True,GIU100-25-44|GIU100-25-45|GIU100-26-44|GIU100-26-45|GIU100-27-45|GIU100-28-44|GIU100-28-45|GIU100-29-44,2,0,1,GIU100-25-44|GIU100-29-44,GIU100-25-43|GIU100-25-44|GIU100-25-45|GIU100-26-43|GIU100-26-44|GIU100-26-45|GIU100-27-44|GIU100-27-45|GIU100-28-45,2,0,1,GIU100-25-44|GIU100-26-43,GIU100-27-43,NO SIGNIFICATIVO,1.368996133805586,0.1710004834358715,GIU100-27-43,NO SIGNIFICATIVO,1.2216213727926062,0.2218508424270195,0.0,LIZARZABURU,POL-14,True,False,REUBICAR,"Reubicar en escenario de prueba: D/V adicionales 9 a 15, sin perder D o V individualmente; solape 65.71% a 16.02%. Nodo vial de grado 4, Hot Spot residual D/V 99%/0%. No se exige que ambas categorias sean significativas en la misma celda. Las superficies/niveles pueden variar: consultar alternativas. Pendiente validacion operativa de campo."
CAND-POL-02095,762263.9825999998,9815120.0626,URBANO,95,99,True,95,99,95,5,3,8,14,2079.101403069608,4491.542529207813,2079.101403069608,PARCIALMENTE CUBIERTO,78.1160714142296,399.49650003791146,339.50509312032847,172.22896915991168,I0404,LA ESTACION 2,534.742305659451,INTERSECCION_VIAL_URBANA,4,PLATAFORMA O,125651.0900372239,98153.69522623575,27497.394810988735,21.88392858577087,ALTA,354.25017575386687,1530.5773337051817,16,0,False,True,,False,False,True,False,False,True,True,True,True,GIU100-27-59,1,0,0,GIU100-27-59,GIU100-25-63|GIU100-27-59|GIU100-28-59|GIU100-28-60|GIU100-29-60,4,1,1,GIU100-25-63|GIU100-27-59|GIU100-28-59|GIU100-28-60,GIU100-27-61,NO SIGNIFICATIVO,0.36755331945293696,0.713206327440809,GIU100-27-61,NO SIGNIFICATIVO,-0.03936388124909646,0.9686002761653508,0.0,MALDONADO,POL-06,True,False,REUBICAR,"Reubicar en escenario de prueba: D/V adicionales 8 a 14, sin perder D o V individualmente; solape 78.12% a 54.46%. Nodo vial de grado 3, Hot Spot residual D/V 0%/99%. No se exige que ambas categorias sean significativas en la misma celda. Las superficies/niveles pueden variar: consultar alternativas. Pendiente validacion operativa de campo."
CAND-POL-01661,761617.2017000001,9815367.0005,URBANO,99,99,True,99,99,95,7,4,11,3,14103.977369765109,22325.55598629114,14067.106342277222,PARCIALMENTE CUBIERTO,82.20275923817702,239.52156730887424,464.20430542054896,229.78238659850862,I0403,PLAZA DAVALOS,391.0274815018875,INTERSECCION_VIAL_URBANA,4,PLATAFORMA K,125651.0900372239,103288.66302344418,22362.427013781384,17.797240761824316,ALTA,257.16763084620925,1268.755613998707,10,0,False,True,CICLOVIAS,False,False,False,True,False,True,True,False,True,GIU100-27-54|GIU100-27-55|GIU100-27-56|GIU100-28-53|GIU100-28-54|GIU100-28-55|GIU100-28-56|GIU100-28-57|GIU100-29-53|GIU100-29-54|GIU100-29-55|GIU100-29-56|GIU100-29-57|GIU100-30-54|GIU100-31-54,6,0,5,GIU100-28-54|GIU100-28-53|GIU100-29-55|GIU100-29-54|GIU100-30-54|GIU100-31-54,GIU100-27-55|GIU100-27-56|GIU100-28-54|GIU100-28-55|GIU100-28-56|GIU100-28-57|GIU100-29-53|GIU100-29-54|GIU100-29-55|GIU100-29-56|GIU100-29-57|GIU100-30-53|GIU100-30-54|GIU100-30-55|GIU100-30-56|GIU100-30-57|GIU100-31-53|GIU100-31-54|GIU100-31-55|GIU100-31-56,7,0,7,GIU100-28-54|GIU100-29-55|GIU100-29-54|GIU100-30-54|GIU100-30-55|GIU100-31-54|GIU100-31-55,GIU100-29-55,HOTSPOT 90%,1.8697175409819105,0.06152305234929761,GIU100-29-55,HOTSPOT 95%,2.230409576025968,0.025720264423434874,0.0,VELASCO,POL-26,True,False,MANTENER,"Mantener: entre 1817 nodos residuales del mismo ambito, ninguno mejora simultaneamente eventos D/V y solape sin perder D o V, conservando evidencia D o V residual y el nivel maximo significativo en el entorno. La proximidad no obliga a reubicar."
CAND-POL-02398,762641.4753999999,9813866.1114,URBANO,99,99,True,99,99,99,27,3,30,41,30022.75424874602,308.4113226229978,251.8707587109436,PARCIALMENTE CUBIERTO,75.70236348186336,200.00041739447732,573.8209307115442,392.9618384167819,I0410,PUCARA 1,254.5108172906197,INTERSECCION_VIAL_URBANA,3,PLATAFORMA P,125651.0900372239,95120.84489890262,30530.24513831925,24.29763651813504,ALTA,304.7871192886622,1540.2309622753069,14,0,False,True,,False,False,False,True,False,False,True,False,True,GIU100-12-64|GIU100-12-65|GIU100-13-63|GIU100-13-64|GIU100-13-65|GIU100-14-64|GIU100-14-65|GIU100-15-63|GIU100-15-64|GIU100-15-65|GIU100-15-66|GIU100-16-63|GIU100-16-64|GIU100-16-65|GIU100-16-66,11,1,5,GIU100-12-65|GIU100-13-65|GIU100-14-65|GIU100-15-63|GIU100-15-64|GIU100-15-65|GIU100-16-65|GIU100-15-66|GIU100-16-63|GIU100-16-64|GIU100-16-66,GIU100-13-66|GIU100-13-67|GIU100-14-66|GIU100-14-67|GIU100-15-63|GIU100-15-66|GIU100-15-67|GIU100-16-63,4,0,2,GIU100-13-66|GIU100-15-63|GIU100-15-66|GIU100-16-63,GIU100-14-65,HOTSPOT 99%,4.498504928657614,6.8433010328880985e-06,GIU100-14-65,NO SIGNIFICATIVO,0.7172272711759251,0.473233874702297,0.0,VELOZ,POL-05,True,False,MANTENER,"Mantener: entre 1806 nodos residuales del mismo ambito, ninguno mejora simultaneamente eventos D/V y solape sin perder D o V, conservando evidencia D o V residual y el nivel maximo significativo en el entorno. La proximidad no obliga a reubicar."
CAND-POL-00687,758631.8662999999,9817909.7082,URBANO,90,99,True,90,95,90,1,1,2,4,368.08720659790106,461.1702454400146,368.08720659790106,PARCIALMENTE CUBIERTO,59.708344279198876,219.91036462450072,866.2106748865164,252.26294233992456,I0395,24 DE MAYO,963.1148536594139,INTERSECCION_VIAL_URBANA,4,PLATAFORMA F,125651.0900372239,75024.1854299918,50626.90460723256,40.291655720801494,MEDIA,380.05046968779936,758.1465119419124,12,0,False,False,,False,False,False,True,False,True,True,False,True,GIU100-55-26|GIU100-56-25,1,0,1,GIU100-56-25,GIU100-54-27|GIU100-55-26|GIU100-55-27|GIU100-56-25|GIU100-56-26|GIU100-56-27,2,0,1,GIU100-54-27|GIU100-56-25,GIU100-55-25,NO SIGNIFICATIVO,0.24237296765885585,0.8084911786855664,GIU100-55-25,NO SIGNIFICATIVO,-0.5437579828657775,0.5866080260835789,0.0,LIZARZABURU,POL-22,False,False,MANTENER,Solape 59.71% y 2 eventos D/V exclusivos; no combina solape >70% con aporte bajo. Entorno Hot Spot D/V 90%/99%. Mantener ubicacion.
CAND-POL-02022,762192.1695999997,9814963.5196,URBANO,95,99,True,95,99,95,1,2,3,3,59.30780438033388,59.30780438033388,59.30780438033388,PARCIALMENTE CUBIERTO,65.97194641714778,321.62113123405345,455.8230389652804,172.22896915991168,I0409,BASE DE LA ZONA 3,602.4245477937711,INTERSECCION_VIAL_URBANA,4,PLATAFORMA K,125651.0900372239,82894.46979191946,42756.62024530798,34.028053582855044,MEDIA,484.61161718487114,1400.484601933653,13,0,False,False,CICLOVIAS,False,False,True,False,False,True,True,False,True,GIU100-26-58|GIU100-27-59,2,0,1,GIU100-26-58|GIU100-27-59,GIU100-26-58|GIU100-27-59,2,0,1,GIU100-26-58|GIU100-27-59,GIU100-25-60,NO SIGNIFICATIVO,-0.1331680877233875,0.8940604483334631,GIU100-25-60,NO SIGNIFICATIVO,0.21283316955924406,0.8314570908517382,0.0,MALDONADO,POL-28,False,False,MANTENER,Solape 65.97% y 3 eventos D/V exclusivos; no combina solape >70% con aporte bajo. Entorno Hot Spot D/V 95%/99%. Mantener ubicacion.
CAND-POL-01744,761838.3465,9815623.9473,URBANO,99,99,True,99,99,95,4,2,6,11,5872.628156717458,47857.50902915274,5872.628156717458,PARCIALMENTE CUBIERTO,52.25205404767028,346.9953314965639,325.7709025624759,240.76306263643866,I0403,PLAZA DAVALOS,254.51506782894015,INTERSECCION_VIAL_URBANA,3,PLATAFORMA K,125651.0900372239,65655.27547773707,59995.81455948698,47.74794595232984,MEDIA,465.452656160554,801.7936136718176,11,1,True,True,,False,False,False,False,False,True,True,True,True,GIU100-31-59|GIU100-32-55|GIU100-32-58|GIU100-32-59|GIU100-33-55|GIU100-33-59,2,0,2,GIU100-32-55|GIU100-32-58,GIU100-30-55|GIU100-30-56|GIU100-30-57|GIU100-30-58|GIU100-31-55|GIU100-31-56|GIU100-31-58|GIU100-31-59|GIU100-32-55|GIU100-32-56|GIU100-32-57|GIU100-32-58|GIU100-32-59|GIU100-33-55|GIU100-33-56|GIU100-33-58|GIU100-34-56|GIU100-34-57,11,1,7,GIU100-31-58|GIU100-31-56|GIU100-31-55|GIU100-32-55|GIU100-32-56|GIU100-32-57|GIU100-32-58|GIU100-33-56|GIU100-33-58|GIU100-34-56|GIU100-34-57,GIU100-32-57,NO SIGNIFICATIVO,0.8682747266292615,0.38524395437155984,GIU100-32-57,HOTSPOT 90%,1.7260154744092873,0.08434462886201807,0.0,VELASCO,POL-11,False,False,MANTENER,Solape 52.25% y 6 eventos D/V exclusivos; no combina solape >70% con aporte bajo. Entorno Hot Spot D/V 99%/99%. Mantener ubicacion.
CAND-POL-02188,762361.5181,9815343.9826,URBANO,99,99,True,99,95,95,4,3,7,22,15.549261128348943,11489.05652758881,15.549261128348943,PARCIALMENTE CUBIERTO,60.51159568147338,370.1660499318012,288.2855828651825,244.2403327877312,I0404,LA ESTACION 2,370.4280200210577,INTERSECCION_VIAL_URBANA,3,PLATAFORMA O,125651.0900372239,76033.479572689,49617.610464535755,39.48840431852731,MEDIA,614.8009149870467,1586.003425135284,14,1,True,True,,False,False,False,False,True,True,True,True,True,GIU100-30-60|GIU100-31-61,1,0,1,GIU100-31-61,GIU100-28-60|GIU100-29-60|GIU100-30-60|GIU100-30-61|GIU100-30-62|GIU100-31-61|GIU100-31-63,3,0,3,GIU100-30-61|GIU100-30-62|GIU100-31-61,GIU100-29-62,NO SIGNIFICATIVO,0.8682747266292615,0.38524395437155984,GIU100-29-62,NO SIGNIFICATIVO,0.46503022036758457,0.6419098152571237,0.0,MALDONADO,POL-10,False,False,MANTENER,Solape 60.51% y 7 eventos D/V exclusivos; no combina solape >70% con aporte bajo. Entorno Hot Spot D/V 99%/99%. Mantener ubicacion.
CAND-POL-01014,759770.4501,9816248.9323,URBANO,99,99,True,99,99,99,9,0,9,4,4085.0560528689825,4085.0560528689825,4085.0560528689825,PARCIALMENTE CUBIERTO,66.03091047677444,194.74980819619358,525.3094514081238,303.10433644663686,I0419,TERMINAL TERRESTRE 1,284.23339401462295,INTERSECCION_VIAL_URBANA,3,PLATAFORMA H,125651.0900372239,82968.55877557056,42682.53126165172,33.96908952322427,MEDIA,113.17231267114218,508.30037285144243,7,1,True,True,,True,False,False,True,False,False,True,False,True,GIU100-36-37|GIU100-36-38|GIU100-37-37|GIU100-37-38|GIU100-38-38,2,0,2,GIU100-36-37|GIU100-37-37,GIU100-36-36|GIU100-36-37|GIU100-36-38|GIU100-37-37|GIU100-37-38,2,0,2,GIU100-36-37|GIU100-37-37,GIU100-38-36,NO SIGNIFICATIVO,0.11719261586477472,0.906707418284918,GIU100-38-36,NO SIGNIFICATIVO,0.46503022036758457,0.6419098152571237,0.0,LIZARZABURU,POL-12,False,False,MANTENER,Solape 66.03% y 9 eventos D/V exclusivos; no combina solape >70% con aporte bajo. Entorno Hot Spot D/V 99%/99%. Mantener ubicacion.
CAND-POL-02564,762856.5469000004,9815956.6819,URBANO,99,99,True,99,99,95,4,5,9,25,23855.397402585888,25172.833639343433,23855.397402585888,PARCIALMENTE CUBIERTO,61.39714426376827,339.0038404066629,336.736715362154,156.04112890527193,I0397,LA ESPERANZA,442.18846717501225,INTERSECCION_VIAL_URBANA,3,PLATAFORMA O,125651.0900372239,77146.18101915171,48504.90901807096,38.60285573623076,MEDIA,625.9556368008335,1645.1139286213688,16,1,True,True,,False,False,True,False,False,True,True,True,True,GIU100-33-67|GIU100-34-66|GIU100-34-67|GIU100-35-65|GIU100-35-66|GIU100-35-68|GIU100-36-66|GIU100-36-67|GIU100-37-67,5,0,4,GIU100-33-67|GIU100-34-67|GIU100-35-68|GIU100-34-66|GIU100-35-66,GIU100-33-67|GIU100-34-65|GIU100-34-66|GIU100-34-67|GIU100-35-65|GIU100-35-66|GIU100-35-67|GIU100-35-68|GIU100-36-65|GIU100-36-66|GIU100-36-67|GIU100-37-66|GIU100-37-67,7,0,5,GIU100-33-67|GIU100-34-67|GIU100-35-67|GIU100-35-68|GIU100-34-66|GIU100-34-65|GIU100-35-66,GIU100-35-67,NO SIGNIFICATIVO,1.368996133805586,0.1710004834358715,GIU100-35-67,HOTSPOT 95%,2.230409576025968,0.025720264423434874,0.0,MALDONADO,POL-13,False,False,MANTENER,Solape 61.40% y 9 eventos D/V exclusivos; no combina solape >70% con aporte bajo. Entorno Hot Spot D/V 99%/99%. Mantener ubicacion.
CAND-POL-01220,760420.4501,9816184.3041,URBANO,99,99,True,99,99,99,7,3,10,13,21775.943889455615,4918.8735236220045,4918.8735236220045,PARCIALMENTE CUBIERTO,69.50023850515322,211.1096210684201,666.014451129063,653.2050246555515,I0419,TERMINAL TERRESTRE 1,387.44826649761524,INTERSECCION_VIAL_URBANA,3,PLATAFORMA I,125651.0900372239,87327.80726019542,38323.28277702862,30.499761494846894,MEDIA,404.78948851196446,1470.3711104666875,13,1,True,True,,False,False,False,True,False,False,True,False,False,GIU100-35-42|GIU100-35-43|GIU100-36-41|GIU100-36-42|GIU100-36-43|GIU100-37-41|GIU100-37-42,5,0,3,GIU100-36-42|GIU100-36-41|GIU100-36-43|GIU100-37-41|GIU100-37-42,GIU100-36-41|GIU100-37-41,2,0,0,GIU100-36-41|GIU100-37-41,GIU100-37-43,NO SIGNIFICATIVO,0.24237296765885585,0.8084911786855664,GIU100-37-43,NO SIGNIFICATIVO,0.7172272711759251,0.473233874702297,0.0,VELASCO,POL-20,False,False,MANTENER,Solape 69.50% y 10 eventos D/V exclusivos; no combina solape >70% con aporte bajo. Entorno Hot Spot D/V 99%/99%. Mantener ubicacion.
CAND-POL-02354,762569.6774000004,9815539.9002,URBANO,99,95,True,99,95,95,9,4,13,28,482.7893038166412,9134.868978784718,482.7893038166412,PARCIALMENTE CUBIERTO,53.58812631325647,211.19149385415741,420.27947203519307,285.85660770135775,I0404,LA ESTACION 2,442.3983295980082,INTERSECCION_VIAL_URBANA,3,PLATAFORMA O,125651.0900372239,67334.06484313116,58317.025194090755,46.41187368674195,MEDIA,717.4705907151402,1376.523015816447,15,0,False,True,ANILLO_VIAL,False,False,False,True,False,True,True,False,True,GIU100-32-62,1,0,0,GIU100-32-62,GIU100-30-62|GIU100-31-63|GIU100-32-62|GIU100-33-63,3,0,1,GIU100-31-63|GIU100-32-62|GIU100-33-63,GIU100-31-64,NO SIGNIFICATIVO,0.7430943748351804,0.4574245450508099,GIU100-31-64,NO SIGNIFICATIVO,0.21283316955924406,0.8314570908517382,0.0,MALDONADO,POL-27,False,False,MANTENER,Solape 53.59% y 13 eventos D/V exclusivos; no combina solape >70% con aporte bajo. Entorno Hot Spot D/V 99%/95%. Mantener ubicacion.
CAND-POL-02704,763060.8750999998,9813925.0619,URBANO,99,99,True,90,99,90,8,9,17,44,6113.609165541178,42124.50299592249,6113.609165541178,PARCIALMENTE CUBIERTO,51.318344863811845,231.65077038668093,644.6945993966309,231.38910526611997,I0410,PUCARA 1,615.2956677668366,INTERSECCION_VIAL_URBANA,3,PLATAFORMA Q,125651.0900372239,64482.05971044129,61169.03032678513,48.68165513619016,MEDIA,1123.0910542215483,2283.657776395255,23,5,True,True,,False,False,False,True,False,True,True,False,True,GIU100-14-69|GIU100-16-67,1,0,1,GIU100-14-69,GIU100-13-68|GIU100-13-69|GIU100-13-70|GIU100-13-71|GIU100-14-67|GIU100-14-68|GIU100-14-69|GIU100-14-70|GIU100-15-67|GIU100-15-68|GIU100-15-69|GIU100-15-70|GIU100-16-67,7,4,4,GIU100-13-69|GIU100-13-71|GIU100-13-70|GIU100-14-70|GIU100-14-69|GIU100-15-70|GIU100-15-69,GIU100-15-69,NO SIGNIFICATIVO,-0.38352879131154977,0.7013277268913749,GIU100-15-69,HOTSPOT 95%,2.230409576025968,0.025720264423434874,0.0,MALDONADO,POL-24,False,False,MANTENER,Solape 51.32% y 17 eventos D/V exclusivos; no combina solape >70% con aporte bajo. Entorno Hot Spot D/V 99%/99%. Mantener ubicacion.
CAND-POL-02507,762800.8601000002,9816102.4482,URBANO,99,99,True,95,99,95,13,5,18,8,4708.298575856673,31623.4997560551,4708.298575856674,PARCIALMENTE CUBIERTO,59.63939862609421,373.7234840751978,316.3585368045645,156.04112890527193,I0397,LA ESPERANZA,298.9638379542108,INTERSECCION_VIAL_URBANA,4,PLATAFORMA O,125651.0900372239,74937.55446533252,50713.53557189037,40.36060137390498,MEDIA,413.9931306086104,1330.0487127057668,18,0,False,False,,False,False,True,False,False,True,True,True,True,GIU100-35-65|GIU100-35-66|GIU100-35-68|GIU100-36-66|GIU100-36-67|GIU100-37-67,2,0,2,GIU100-36-66|GIU100-37-67,GIU100-35-65|GIU100-35-66|GIU100-35-67|GIU100-35-68|GIU100-36-65|GIU100-36-66|GIU100-36-67|GIU100-37-65|GIU100-37-66|GIU100-37-67|GIU100-38-65|GIU100-38-66,7,1,5,GIU100-36-65|GIU100-37-65|GIU100-37-66|GIU100-38-65|GIU100-38-66|GIU100-36-66|GIU100-37-67,GIU100-37-67,HOTSPOT 95%,2.4956192999523164,0.012573746631854812,GIU100-37-67,HOTSPOT 95%,2.4826066268343085,0.01304250275922858,0.0,MALDONADO,POL-02,False,False,MANTENER,Solape 59.64% y 18 eventos D/V exclusivos; no combina solape >70% con aporte bajo. Entorno Hot Spot D/V 99%/99%. Mantener ubicacion.
CAND-POL-02082,762251.9084000001,9814084.542,URBANO,99,99,True,99,99,99,18,41,59,36,36469.55220880458,38220.7007960048,32134.276601875394,PARCIALMENTE CUBIERTO,66.12786320246765,226.9083473457221,412.80924889347295,446.62554170651015,I0416,LA JOYA,482.99665642076144,INTERSECCION_VIAL_URBANA,3,PLATAFORMA P,125651.0900372239,83090.38093222489,42560.70910500089,33.872136797533834,MEDIA,462.34709124714317,1069.68958873573,12,2,True,True,BOULEVARD_MACAJI_BELLAVISTA,False,False,False,True,False,False,True,False,False,GIU100-14-62|GIU100-15-61|GIU100-15-62|GIU100-15-63|GIU100-16-60|GIU100-16-61|GIU100-16-62|GIU100-16-63|GIU100-17-61|GIU100-17-62|GIU100-17-63|GIU100-18-60|GIU100-18-61|GIU100-18-62|GIU100-18-63,10,0,6,GIU100-17-61|GIU100-18-60|GIU100-18-61|GIU100-15-63|GIU100-15-62|GIU100-15-61|GIU100-16-60|GIU100-16-62|GIU100-16-63|GIU100-16-61,GIU100-14-60|GIU100-14-61|GIU100-14-62|GIU100-15-59|GIU100-15-60|GIU100-15-61|GIU100-15-62|GIU100-15-63|GIU100-16-60|GIU100-16-61|GIU100-16-62|GIU100-16-63|GIU100-17-61|GIU100-17-62,10,0,6,GIU100-15-60|GIU100-15-59|GIU100-17-61|GIU100-15-62|GIU100-15-61|GIU100-15-63|GIU100-16-60|GIU100-16-62|GIU100-16-63|GIU100-16-61,GIU100-16-61,HOTSPOT 95%,2.120078244570073,0.03399944730469809,GIU100-16-61,HOTSPOT 99%,10.552912252701205,4.924655435898046e-26,0.0,VELOZ,POL-04,False,False,MANTENER,Solape 66.13% y 59 eventos D/V exclusivos; no combina solape >70% con aporte bajo. Entorno Hot Spot D/V 99%/99%. Mantener ubicacion.
CAND-POL-00782,758916.9866000004,9816187.8334,URBANO,99,95,True,99,95,95,4,5,9,45,8061.147028583728,4296.56639173128,4296.56639173128,PARCIALMENTE CUBIERTO,29.354707207065676,255.4256895264125,768.9831111336596,391.5320768705042,I0390,CEMENTO CHIMBORAZO,998.4668537641201,INTERSECCION_VIAL_URBANA,3,PLATAFORMA H,125651.0900372239,36884.509582913546,88766.58045431259,70.6452927929361,BAJA,402.50550390344074,868.1377171454591,10,2,True,True,,False,False,False,True,False,False,True,False,True,GIU100-36-26|GIU100-37-26|GIU100-37-27|GIU100-38-26|GIU100-39-28,3,0,3,GIU100-37-27|GIU100-38-26|GIU100-39-28,GIU100-39-28,1,0,1,GIU100-39-28,GIU100-37-28,NO SIGNIFICATIVO,-0.25834843951746866,0.7961380054015547,GIU100-37-28,NO SIGNIFICATIVO,0.21283316955924406,0.8314570908517382,0.0,LIZARZABURU,POL-29,False,False,MANTENER,Solape 29.35% y 9 eventos D/V exclusivos; no combina solape >70% con aporte bajo. Entorno Hot Spot D/V 99%/95%. Mantener ubicacion.
CAND-POL-00683,758623.7712000003,9818271.9846,URBANO,90,95,True,0,95,0,5,4,9,37,0.0,2242.6592277981244,0.0,SIN REMANENTE D/V,24.672947076824855,322.70928019248765,564.818075313796,301.20947415279204,I0395,24 DE MAYO,1029.0948248011046,INTERSECCION_VIAL_URBANA,3,PLATAFORMA B,125651.0900372239,31001.8269463378,94649.26309088586,75.32705292317496,BAJA,373.4913517036149,573.320902558617,13,0,False,False,,False,False,False,False,False,False,True,False,True,GIU100-56-25,0,0,0,,GIU100-56-25|GIU100-56-26|GIU100-57-26|GIU100-57-27|GIU100-58-27,2,0,1,GIU100-57-26|GIU100-58-27,GIU100-58-25,NO SIGNIFICATIVO,-0.8842501984878742,0.3765611656011372,GIU100-58-25,NO SIGNIFICATIVO,-0.5437579828657775,0.5866080260835789,0.0,LIZARZABURU,POL-21,False,False,MANTENER,Solape 24.67% y 9 eventos D/V exclusivos; no combina solape >70% con aporte bajo. Entorno Hot Spot D/V 90%/95%. Mantener ubicacion.
CAND-POL-00639,758421.4444000004,9818048.8456,URBANO,90,95,True,0,0,0,7,5,12,5,0.0,0.0,0.0,SIN REMANENTE D/V,38.19172422165619,402.85886725304323,866.0165441108809,252.26294233992456,I0395,24 DE MAYO,769.4467761383992,INTERSECCION_VIAL_URBANA,4,PLATAFORMA C,125651.0900372239,47988.31778852146,77662.77224870662,61.808275778347145,BAJA,409.12068277525935,739.0384055066252,19,1,True,True,,False,False,False,False,False,True,False,False,True,GIU100-56-25,0,0,0,,GIU100-56-25,0,0,0,,GIU100-56-23,NO SIGNIFICATIVO,0.7430943748351804,0.4574245450508099,GIU100-56-23,NO SIGNIFICATIVO,0.7172272711759251,0.473233874702297,0.0,LIZARZABURU,POL-08,False,False,MANTENER,Solape 38.19% y 12 eventos D/V exclusivos; no combina solape >70% con aporte bajo. Entorno Hot Spot D/V 90%/95%. Mantener ubicacion.
CAND-POL-02622,762939.5983999996,9814122.1225,URBANO,99,99,True,99,95,95,8,4,12,28,13718.204786570828,5014.689330325378,5014.689330325377,PARCIALMENTE CUBIERTO,37.84890235550797,287.3939130838376,645.4916384203941,231.38910526611997,I0410,PUCARA 1,639.2086805446181,INTERSECCION_VIAL_URBANA,3,PLATAFORMA Q,125651.0900372239,47557.55837682028,78093.53166040302,62.15109764449155,BAJA,584.8980565115543,1238.0797031562556,12,6,True,True,CICLOVIAS,False,False,False,True,False,True,True,False,True,GIU100-15-66|GIU100-16-66|GIU100-16-67|GIU100-17-66,3,1,1,GIU100-16-67|GIU100-16-66|GIU100-17-66,GIU100-15-66|GIU100-15-67|GIU100-15-68|GIU100-15-69|GIU100-16-67,1,0,1,GIU100-16-67,GIU100-17-68,NO SIGNIFICATIVO,0.11719261586477472,0.906707418284918,GIU100-17-68,NO SIGNIFICATIVO,0.21283316955924406,0.8314570908517382,0.0,MALDONADO,POL-30,False,False,MANTENER,Solape 37.85% y 12 eventos D/V exclusivos; no combina solape >70% con aporte bajo. Entorno Hot Spot D/V 99%/99%. Mantener ubicacion.
CAND-POL-01900,762061.5345999999,9815999.7481,URBANO,99,99,True,95,99,95,7,7,14,39,1226.120539717582,3689.169645404204,1226.1205397175822,PARCIALMENTE CUBIERTO,47.85340294576565,250.45789738608508,360.88772518538906,283.4925753998874,I0404,LA ESTACION 2,368.0064709761595,INTERSECCION_VIAL_URBANA,4,PLATAFORMA M,125651.0900372239,60128.32242125955,65522.7676159625,52.14659705423288,BAJA,676.0659994190153,1216.988262080599,16,1,True,True,ANILLO_VIAL,False,False,False,True,False,True,True,True,True,GIU100-33-59|GIU100-34-60|GIU100-35-61,1,0,1,GIU100-35-61,GIU100-34-57|GIU100-34-59|GIU100-34-60|GIU100-34-61|GIU100-35-61|GIU100-36-57|GIU100-36-61|GIU100-37-60,5,0,3,GIU100-34-57|GIU100-34-59|GIU100-36-57|GIU100-34-61|GIU100-35-61,GIU100-35-59,NO SIGNIFICATIVO,0.8682747266292615,0.38524395437155984,GIU100-35-59,NO SIGNIFICATIVO,0.7172272711759251,0.473233874702297,0.0,VELASCO,POL-25,False,False,MANTENER,Solape 47.85% y 14 eventos D/V exclusivos; no combina solape >70% con aporte bajo. Entorno Hot Spot D/V 99%/99%. Mantener ubicacion.
CAND-POL-01392,760936.3009000001,9814544.623,URBANO,99,99,True,99,99,99,7,7,14,27,3793.6800727815953,42320.49646577591,1243.9401291441454,PARCIALMENTE CUBIERTO,39.81617038067564,393.96189671201785,294.1972928863775,255.22314849387914,I0421,LA CONDAMINE 1,519.451121678365,INTERSECCION_VIAL_URBANA,4,PLATAFORMA J,125651.0900372239,50029.45209439723,75621.63794282552,60.18382961932344,BAJA,993.3408228648354,1562.0713501798787,19,0,False,False,,False,False,False,False,True,True,True,True,True,GIU100-22-46|GIU100-23-47|GIU100-23-48,3,0,1,GIU100-23-48|GIU100-22-46|GIU100-23-47,GIU100-20-47|GIU100-21-46|GIU100-21-47|GIU100-21-48|GIU100-22-46|GIU100-22-47|GIU100-23-47|GIU100-23-49,7,2,5,GIU100-20-47|GIU100-21-46|GIU100-21-47|GIU100-22-46|GIU100-21-48|GIU100-22-47|GIU100-23-47,GIU100-21-48,NO SIGNIFICATIVO,0.36755331945293696,0.713206327440809,GIU100-21-48,HOTSPOT 90%,1.7260154744092873,0.08434462886201807,0.0,LIZARZABURU,POL-09,False,False,MANTENER,Solape 39.82% y 14 eventos D/V exclusivos; no combina solape >70% con aporte bajo. Entorno Hot Spot D/V 99%/99%. Mantener ubicacion.
CAND-POL-00878,759261.4112,9816374.0297,URBANO,99,95,True,99,95,95,17,5,22,117,2182.1513644616884,2182.1513644616884,2182.1513644616884,PARCIALMENTE CUBIERTO,24.072421810526787,306.5532260048403,676.5844449960709,391.5320768705042,I0390,CEMENTO CHIMBORAZO,653.1744449264421,INTERSECCION_VIAL_URBANA,3,PLATAFORMA H,125651.0900372239,30247.260403285338,95403.82963393607,75.92757818947122,BAJA,655.294270996233,965.5058612239851,24,3,True,True,,False,False,False,False,False,False,True,False,True,GIU100-40-29|GIU100-41-30,1,0,0,GIU100-41-30,GIU100-40-29|GIU100-41-30,1,0,0,GIU100-41-30,GIU100-39-31,NO SIGNIFICATIVO,0.9934550784233426,0.3204882316780467,GIU100-39-31,NO SIGNIFICATIVO,-0.03936388124909646,0.9686002761653508,0.0,LIZARZABURU,POL-23,False,False,MANTENER,Solape 24.07% y 22 eventos D/V exclusivos; no combina solape >70% con aporte bajo. Entorno Hot Spot D/V 99%/95%. Mantener ubicacion.
CAND-POL-01309,760673.2043000003,9814762.1756,URBANO,99,99,True,99,99,99,17,10,27,60,56199.52606805136,72680.88680720849,56199.52606805136,PARCIALMENTE CUBIERTO|SIN COBERTURA,42.156580746199865,249.8113535503009,413.09416156064174,341.392669368055,I0421,LA CONDAMINE 1,180.075270591813,INTERSECCION_VIAL_URBANA,4,PLATAFORMA J,125651.0900372239,52970.203230022584,72680.88680720459,57.84341925380274,BAJA,1016.9082149108286,1556.0501805534095,15,2,True,True,CICLOVIAS,False,False,False,True,False,False,True,False,True,GIU100-22-46|GIU100-23-44|GIU100-23-45|GIU100-23-46|GIU100-23-47|GIU100-24-44|GIU100-24-45|GIU100-24-46|GIU100-24-47|GIU100-25-44|GIU100-25-45|GIU100-25-46|GIU100-25-47,10,1,6,GIU100-22-46|GIU100-23-47|GIU100-23-44|GIU100-24-44|GIU100-23-46|GIU100-23-45|GIU100-24-46|GIU100-24-45|GIU100-25-45|GIU100-25-44,GIU100-21-44|GIU100-21-45|GIU100-21-46|GIU100-22-43|GIU100-22-44|GIU100-22-45|GIU100-22-46|GIU100-22-47|GIU100-23-43|GIU100-23-44|GIU100-23-45|GIU100-23-46|GIU100-23-47|GIU100-24-43|GIU100-24-44|GIU100-24-45|GIU100-24-46|GIU100-24-47|GIU100-25-44|GIU100-25-45|GIU100-25-46|GIU100-25-47,17,1,10,GIU100-21-45|GIU100-21-46|GIU100-22-46|GIU100-22-45|GIU100-22-47|GIU100-23-47|GIU100-22-44|GIU100-23-44|GIU100-23-43|GIU100-24-44|GIU100-24-43|GIU100-23-45|GIU100-23-46|GIU100-24-45|GIU100-24-46|GIU100-25-45|GIU100-25-44,GIU100-23-45,HOTSPOT 99%,3.121521058922722,0.0017991937938274625,GIU100-23-45,HOTSPOT 95%,1.9782125252176277,0.047904736321680026,0.0,LIZARZABURU,POL-03,False,False,MANTENER,Solape 42.16% y 27 eventos D/V exclusivos; no combina solape >70% con aporte bajo. Entorno Hot Spot D/V 99%/99%. Mantener ubicacion.
CAND-POL-00319,756509.5778999999,9816915.4569,URBANO,99,99,True,99,99,99,33,18,51,50,50785.330592893806,24255.87960793509,16285.519480872646,SIN COBERTURA,0.0,400.1688400306425,547.3960287569523,2222.5668626859456,I0395,24 DE MAYO,1513.3075477768166,INTERSECCION_VIAL_URBANA,3,FUERA DE PLATAFORMAS,125651.0900372239,0.0,125651.09003722394,100.00000000000003,BAJA,486.50713354871283,486.50713354871283,13,0,False,False,,False,False,False,False,False,False,False,False,False,GIU100-43-2|GIU100-43-3|GIU100-43-4|GIU100-44-2|GIU100-44-3|GIU100-44-4|GIU100-44-5|GIU100-45-3|GIU100-45-4|GIU100-46-3,10,10,5,GIU100-43-3|GIU100-43-2|GIU100-43-4|GIU100-44-2|GIU100-44-5|GIU100-44-3|GIU100-44-4|GIU100-45-3|GIU100-45-4|GIU100-46-3,GIU100-44-4|GIU100-45-3|GIU100-45-4|GIU100-46-3|GIU100-46-4|GIU100-47-3|GIU100-47-4,7,5,4,GIU100-44-4|GIU100-45-3|GIU100-45-4|GIU100-46-4|GIU100-46-3|GIU100-47-3|GIU100-47-4,,,,,,,,,0.0,LICAN,POL-01,False,False,MANTENER,Solape 0.00% y 51 eventos D/V exclusivos; no combina solape >70% con aporte bajo. Entorno Hot Spot D/V 99%/99%. Mantener ubicacion.
