ID_POL,DECISION,CANDIDATO_ACTUAL,CANDIDATO_PROPUESTO,DV_ANTES_ITERACION,DV_DESPUES_ITERACION,SOLAPE_ANTES_ITERACION,SOLAPE_DESPUES_ITERACION,ITERACION,N_ALTERNATIVAS_EVALUADAS,JUSTIFICACION
POL-17,REUBICAR,CAND-POL-01960,CAND-POL-00554,0,43,96.67621886891176,0.0,1,1795,"Reubicar en escenario de prueba: D/V adicionales 0 a 43, sin perder D o V individualmente; solape 96.68% a 0.00%. Nodo vial de grado 3, Hot Spot residual D/V 0%/99%. No se exige que ambas categorias sean significativas en la misma celda. Las superficies/niveles pueden variar: consultar alternativas. Pendiente validacion operativa de campo."
POL-19,REUBICAR,CAND-POL-01747,CAND-POL-02378,0,24,95.95216186470405,7.733929233131191,2,1800,"Reubicar en escenario de prueba: D/V adicionales 0 a 24, sin perder D o V individualmente; solape 95.95% a 7.73%. Nodo vial de grado 3, Hot Spot residual D/V 0%/99%. No se exige que ambas categorias sean significativas en la misma celda. Las superficies/niveles pueden variar: consultar alternativas. Pendiente validacion operativa de campo."
POL-18,REUBICAR,CAND-POL-02251,CAND-POL-00636,2,24,85.71282400400531,17.867519590586227,3,1799,"Reubicar en escenario de prueba: D/V adicionales 2 a 24, sin perder D o V individualmente; solape 85.71% a 17.87%. Nodo vial de grado 3, Hot Spot residual D/V 99%/0%. No se exige que ambas categorias sean significativas en la misma celda. Las superficies/niveles pueden variar: consultar alternativas. Pendiente validacion operativa de campo."
POL-15,REUBICAR,CAND-POL-01487,CAND-POL-00455,2,22,75.43569270483073,0.0,4,1817,"Reubicar en escenario de prueba: D/V adicionales 2 a 22, sin perder D o V individualmente; solape 75.44% a 0.00%. Nodo vial de grado 3, Hot Spot residual D/V 0%/99%. No se exige que ambas categorias sean significativas en la misma celda. Las superficies/niveles pueden variar: consultar alternativas. Pendiente validacion operativa de campo."
POL-07,REUBICAR,CAND-POL-01184,CAND-POL-00432,4,21,90.54598215743114,0.0,5,1817,"Reubicar en escenario de prueba: D/V adicionales 4 a 21, sin perder D o V individualmente; solape 90.55% a 0.00%. Nodo vial de grado 4, Hot Spot residual D/V 0%/99%. No se exige que ambas categorias sean significativas en la misma celda. Las superficies/niveles pueden variar: consultar alternativas. Pendiente validacion operativa de campo."
POL-16,REUBICAR,CAND-POL-00990,CAND-POL-02509,5,19,77.23207818955761,19.492777602282892,6,1835,"Reubicar en escenario de prueba: D/V adicionales 5 a 19, sin perder D o V individualmente; solape 77.23% a 19.49%. Nodo vial de grado 3, Hot Spot residual D/V 99%/0%. No se exige que ambas categorias sean significativas en la misma celda. Las superficies/niveles pueden variar: consultar alternativas. Pendiente validacion operativa de campo."
POL-14,REUBICAR,CAND-POL-01245,CAND-POL-01037,9,15,65.70855671451581,16.02100964908673,7,1854,"Reubicar en escenario de prueba: D/V adicionales 9 a 15, sin perder D o V individualmente; solape 65.71% a 16.02%. Nodo vial de grado 4, Hot Spot residual D/V 99%/0%. No se exige que ambas categorias sean significativas en la misma celda. Las superficies/niveles pueden variar: consultar alternativas. Pendiente validacion operativa de campo."
POL-06,REUBICAR,CAND-POL-02095,CAND-POL-02740,8,14,78.1160714142296,54.459575653750875,8,1848,"Reubicar en escenario de prueba: D/V adicionales 8 a 14, sin perder D o V individualmente; solape 78.12% a 54.46%. Nodo vial de grado 3, Hot Spot residual D/V 0%/99%. No se exige que ambas categorias sean significativas en la misma celda. Las superficies/niveles pueden variar: consultar alternativas. Pendiente validacion operativa de campo."
POL-26,MANTENER,CAND-POL-01661,CAND-POL-01661,14,14,64.87013128597196,64.87013128597196,9,1817,"Mantener: entre 1817 nodos residuales del mismo ambito, ninguno mejora simultaneamente eventos D/V y solape sin perder D o V, conservando evidencia D o V residual y el nivel maximo significativo en el entorno. La proximidad no obliga a reubicar."
POL-05,MANTENER,CAND-POL-02398,CAND-POL-02398,30,30,75.70236348186336,75.70236348186336,10,1806,"Mantener: entre 1806 nodos residuales del mismo ambito, ninguno mejora simultaneamente eventos D/V y solape sin perder D o V, conservando evidencia D o V residual y el nivel maximo significativo en el entorno. La proximidad no obliga a reubicar."
POL-22,MANTENER,CAND-POL-00687,CAND-POL-00687,,,,,,0,Solape 59.71% y 2 eventos D/V exclusivos; no combina solape >70% con aporte bajo. Entorno Hot Spot D/V 90%/99%. Mantener ubicacion.
POL-28,MANTENER,CAND-POL-02022,CAND-POL-02022,,,,,,0,Solape 65.97% y 3 eventos D/V exclusivos; no combina solape >70% con aporte bajo. Entorno Hot Spot D/V 95%/99%. Mantener ubicacion.
POL-11,MANTENER,CAND-POL-01744,CAND-POL-01744,,,,,,0,Solape 52.25% y 6 eventos D/V exclusivos; no combina solape >70% con aporte bajo. Entorno Hot Spot D/V 99%/99%. Mantener ubicacion.
POL-10,MANTENER,CAND-POL-02188,CAND-POL-02188,,,,,,0,Solape 60.51% y 7 eventos D/V exclusivos; no combina solape >70% con aporte bajo. Entorno Hot Spot D/V 99%/99%. Mantener ubicacion.
POL-12,MANTENER,CAND-POL-01014,CAND-POL-01014,,,,,,0,Solape 66.03% y 9 eventos D/V exclusivos; no combina solape >70% con aporte bajo. Entorno Hot Spot D/V 99%/99%. Mantener ubicacion.
POL-13,MANTENER,CAND-POL-02564,CAND-POL-02564,,,,,,0,Solape 61.40% y 9 eventos D/V exclusivos; no combina solape >70% con aporte bajo. Entorno Hot Spot D/V 99%/99%. Mantener ubicacion.
POL-20,MANTENER,CAND-POL-01220,CAND-POL-01220,,,,,,0,Solape 69.50% y 10 eventos D/V exclusivos; no combina solape >70% con aporte bajo. Entorno Hot Spot D/V 99%/99%. Mantener ubicacion.
POL-27,MANTENER,CAND-POL-02354,CAND-POL-02354,,,,,,0,Solape 53.59% y 13 eventos D/V exclusivos; no combina solape >70% con aporte bajo. Entorno Hot Spot D/V 99%/95%. Mantener ubicacion.
POL-24,MANTENER,CAND-POL-02704,CAND-POL-02704,,,,,,0,Solape 51.32% y 17 eventos D/V exclusivos; no combina solape >70% con aporte bajo. Entorno Hot Spot D/V 99%/99%. Mantener ubicacion.
POL-02,MANTENER,CAND-POL-02507,CAND-POL-02507,,,,,,0,Solape 59.64% y 18 eventos D/V exclusivos; no combina solape >70% con aporte bajo. Entorno Hot Spot D/V 99%/99%. Mantener ubicacion.
POL-04,MANTENER,CAND-POL-02082,CAND-POL-02082,,,,,,0,Solape 66.13% y 59 eventos D/V exclusivos; no combina solape >70% con aporte bajo. Entorno Hot Spot D/V 99%/99%. Mantener ubicacion.
POL-29,MANTENER,CAND-POL-00782,CAND-POL-00782,,,,,,0,Solape 29.35% y 9 eventos D/V exclusivos; no combina solape >70% con aporte bajo. Entorno Hot Spot D/V 99%/95%. Mantener ubicacion.
POL-21,MANTENER,CAND-POL-00683,CAND-POL-00683,,,,,,0,Solape 24.67% y 9 eventos D/V exclusivos; no combina solape >70% con aporte bajo. Entorno Hot Spot D/V 90%/95%. Mantener ubicacion.
POL-08,MANTENER,CAND-POL-00639,CAND-POL-00639,,,,,,0,Solape 38.19% y 12 eventos D/V exclusivos; no combina solape >70% con aporte bajo. Entorno Hot Spot D/V 90%/95%. Mantener ubicacion.
POL-30,MANTENER,CAND-POL-02622,CAND-POL-02622,,,,,,0,Solape 37.85% y 12 eventos D/V exclusivos; no combina solape >70% con aporte bajo. Entorno Hot Spot D/V 99%/99%. Mantener ubicacion.
POL-25,MANTENER,CAND-POL-01900,CAND-POL-01900,,,,,,0,Solape 47.85% y 14 eventos D/V exclusivos; no combina solape >70% con aporte bajo. Entorno Hot Spot D/V 99%/99%. Mantener ubicacion.
POL-09,MANTENER,CAND-POL-01392,CAND-POL-01392,,,,,,0,Solape 39.82% y 14 eventos D/V exclusivos; no combina solape >70% con aporte bajo. Entorno Hot Spot D/V 99%/99%. Mantener ubicacion.
POL-23,MANTENER,CAND-POL-00878,CAND-POL-00878,,,,,,0,Solape 24.07% y 22 eventos D/V exclusivos; no combina solape >70% con aporte bajo. Entorno Hot Spot D/V 99%/95%. Mantener ubicacion.
POL-03,MANTENER,CAND-POL-01309,CAND-POL-01309,,,,,,0,Solape 42.16% y 27 eventos D/V exclusivos; no combina solape >70% con aporte bajo. Entorno Hot Spot D/V 99%/99%. Mantener ubicacion.
POL-01,MANTENER,CAND-POL-00319,CAND-POL-00319,,,,,,0,Solape 0.00% y 51 eventos D/V exclusivos; no combina solape >70% con aporte bajo. Entorno Hot Spot D/V 99%/99%. Mantener ubicacion.
