ID_POL_J,ORDEN,ID_CERCANA,GRUPO,DISTANCIA_M
POL-07,1,MUN-041,MUNICIPAL,89.61761400041733
POL-07,2,POL-14,POLICIAL,265.6547532021458
POL-07,3,RIO-082-FIJA,EXISTENTE,367.30763984522883
POL-07,4,POL-03,POLICIAL,382.43497274914307
POL-07,5,RIO-024-DOMO,EXISTENTE,402.5523276901153
POL-15,1,MUN-035,MUNICIPAL,184.16302657722017
POL-15,2,POL-09,POLICIAL,255.22314849387914
POL-15,3,RIO-009-DOMO,EXISTENTE,331.9148388033813
POL-15,4,RIO-054-DOMO,EXISTENTE,343.3068501121216
POL-15,5,RIO-034-DOMO,EXISTENTE,348.99934585940576
POL-14,1,RIO-082-FIJA,EXISTENTE,124.08042911375325
POL-14,2,POL-07,POLICIAL,265.6547532021458
POL-14,3,MUN-041,MUNICIPAL,355.27213154953023
POL-14,4,RIO-081-FIJA,EXISTENTE,356.0885890286317
POL-14,5,RIO-018-DOMO,EXISTENTE,389.18695949635276
POL-09,1,POL-15,POLICIAL,255.22314849387914
POL-09,2,MUN-035,MUNICIPAL,294.1972928863775
POL-09,3,POL-03,POLICIAL,341.392669368055
POL-09,4,MUN-040,MUNICIPAL,364.3599204986697
POL-09,5,RIO-058-DOMO,EXISTENTE,393.96189671201785
POL-03,1,RIO-018-DOMO,EXISTENTE,249.8113535503009
POL-03,2,RIO-013-DOMO,EXISTENTE,330.90856829459136
POL-03,3,RIO-054-DOMO,EXISTENTE,339.48224174391135
POL-03,4,POL-09,POLICIAL,341.392669368055
POL-03,5,POL-07,POLICIAL,382.43497274914307
