ID_POLICIA,DECISION,CANDIDATO_ANTERIOR,CANDIDATO_FINAL,X_ANTERIOR,Y_ANTERIOR,X_FINAL,Y_FINAL,DESPLAZAMIENTO_M,DV_ANTERIOR,DV_FINAL,SOLAPE_ANTERIOR,SOLAPE_FINAL,JUSTIFICACION
POL-01,MANTENER,CAND-POL-00319,CAND-POL-00319,756509.5778999999,9816915.4569,756509.5778999999,9816915.4569,0.0,51,51,0.0,0.0,"Mantener la ubicacion aprobada; 33 D + 18 V exclusivos; solape final 0.00%. No se cambia por proximidad. Configuracion final del estudio; propuesta no instalada, pendiente verificacion operativa de campo."
POL-02,MANTENER,CAND-POL-02507,CAND-POL-02507,762800.8601000002,9816102.4482,762800.8601000002,9816102.4482,0.0,18,18,59.63939862609421,59.63939862609421,"Mantener la ubicacion aprobada; 13 D + 5 V exclusivos; solape final 59.64%. No se cambia por proximidad. Configuracion final del estudio; propuesta no instalada, pendiente verificacion operativa de campo."
POL-03,MANTENER,CAND-POL-01309,CAND-POL-01309,760673.2043000003,9814762.1756,760673.2043000003,9814762.1756,0.0,27,27,42.156580746199865,41.0610342529073,"Mantener la ubicacion aprobada; 17 D + 10 V exclusivos; solape final 41.06%. No se cambia por proximidad. Configuracion final del estudio; propuesta no instalada, pendiente verificacion operativa de campo."
POL-04,MANTENER,CAND-POL-02082,CAND-POL-02082,762251.9084000001,9814084.542,762251.9084000001,9814084.542,0.0,59,59,66.12786320246765,66.12786320246765,"Mantener la ubicacion aprobada; 18 D + 41 V exclusivos; solape final 66.13%. No se cambia por proximidad. Configuracion final del estudio; propuesta no instalada, pendiente verificacion operativa de campo."
POL-05,MANTENER,CAND-POL-02398,CAND-POL-02398,762641.4753999999,9813866.1114,762641.4753999999,9813866.1114,0.0,30,30,75.70236348186336,75.70236348186336,"Mantener la ubicacion aprobada; 27 D + 3 V exclusivos; solape final 75.70%. No se cambia por proximidad. Aceptacion justificada de solape 70-85%: Hot Spots en el entorno D/V 99%/99%; area Hot Spot D/V adicional 30022.8/308.4 m2 y aporte exclusivo D/V positivo. No hay duplicacion geometrica total ni solape >85%. Configuracion final del estudio; propuesta no instalada, pendiente verificacion operativa de campo."
POL-06,REUBICAR,CAND-POL-02095,CAND-POL-02740,762263.9825999998,9815120.0626,763153.5434999997,9813706.9141,1669.8225288510905,8,16,78.1160714142296,54.19650449594113,"Reubicacion aprobada desde CAND-POL-02095 a CAND-POL-02740; conjunto final: 10 D + 4 V exclusivos, solape 54.46%. Hot Spot residual D/V 0%/99%; nodo vial de grado 3. Configuracion final del estudio; propuesta no instalada, pendiente verificacion operativa de campo."
POL-07,REUBICAR,CAND-POL-01184,CAND-POL-00432,760323.7768000001,9814917.6006,757155.4682999998,9817152.1505,3877.0339187012246,4,21,90.54598215743114,0.0,"Reubicacion aprobada desde CAND-POL-01184 a CAND-POL-00432; conjunto final: 2 D + 19 V exclusivos, solape 0.00%. Hot Spot residual D/V 0%/99%; nodo vial de grado 4. Configuracion final del estudio; propuesta no instalada, pendiente verificacion operativa de campo."
POL-08,MANTENER,CAND-POL-00639,CAND-POL-00639,758421.4444000004,9818048.8456,758421.4444000004,9818048.8456,0.0,12,12,38.19172422165619,38.19172422165619,"Mantener la ubicacion aprobada; 7 D + 5 V exclusivos; solape final 38.19%. No se cambia por proximidad. Configuracion final del estudio; propuesta no instalada, pendiente verificacion operativa de campo."
POL-09,MANTENER,CAND-POL-01392,CAND-POL-01392,760936.3009000001,9814544.623,760936.3009000001,9814544.623,0.0,14,16,39.81617038067564,25.61077574323591,"Mantener la ubicacion aprobada; 8 D + 8 V exclusivos; solape final 25.61%. No se cambia por proximidad. Configuracion final del estudio; propuesta no instalada, pendiente verificacion operativa de campo."
POL-10,MANTENER,CAND-POL-02188,CAND-POL-02188,762361.5181,9815343.9826,762361.5181,9815343.9826,0.0,7,8,60.51159568147338,36.21541642232308,"Mantener la ubicacion aprobada; 4 D + 4 V exclusivos; solape final 36.22%. No se cambia por proximidad. Configuracion final del estudio; propuesta no instalada, pendiente verificacion operativa de campo."
POL-11,MANTENER,CAND-POL-01744,CAND-POL-01744,761838.3465,9815623.9473,761838.3465,9815623.9473,0.0,6,7,52.25205404767028,27.269665543696334,"Mantener la ubicacion aprobada; 4 D + 3 V exclusivos; solape final 27.27%. No se cambia por proximidad. Configuracion final del estudio; propuesta no instalada, pendiente verificacion operativa de campo."
POL-12,REUBICAR,CAND-POL-01014,CAND-POL-01024,759770.4501,9816248.9323,759809.7748999996,9816317.6295,79.15646014626621,9,11,66.03091047677444,48.097451871594444,"POL-12 desplazada al nodo vial aprobado CAND-POL-01024. Desplazamiento 79.16 m; solape 60.58% a 48.10%. Conserva 9/11 eventos D/V exclusivos anteriores; 2 dejan de estar cubiertos y 2 distintos ganan cobertura. Ningun nucleo D/V99 antes atendido queda totalmente sin cobertura. Revision puntual POL-12: aporte actual 10 D/1 V y solape 48.10%. Propuesta no instalada, pendiente verificacion de campo."
POL-13,MANTENER,CAND-POL-02564,CAND-POL-02564,762856.5469000004,9815956.6819,762856.5469000004,9815956.6819,0.0,9,9,61.39714426376827,61.39714426376827,"Mantener la ubicacion aprobada; 4 D + 5 V exclusivos; solape final 61.40%. No se cambia por proximidad. Configuracion final del estudio; propuesta no instalada, pendiente verificacion operativa de campo."
POL-14,REUBICAR,CAND-POL-01245,CAND-POL-01037,760485.9926000005,9815127.9776,759867.6338,9817793.1012,2735.9187504032084,6,15,80.67819044904664,16.02100964908673,"Reubicacion aprobada desde CAND-POL-01245 a CAND-POL-01037; conjunto final: 8 D + 7 V exclusivos, solape 16.02%. Hot Spot residual D/V 99%/0%; nodo vial de grado 4. Configuracion final del estudio; propuesta no instalada, pendiente verificacion operativa de campo."
POL-15,REUBICAR,CAND-POL-01487,CAND-POL-00455,761153.2564000003,9814679.0446,757347.2655999996,9817733.853,4880.309450270318,2,22,75.43569270483073,0.0,"Reubicacion aprobada desde CAND-POL-01487 a CAND-POL-00455; conjunto final: 16 D + 6 V exclusivos, solape 0.00%. Hot Spot residual D/V 0%/99%; nodo vial de grado 3. Configuracion final del estudio; propuesta no instalada, pendiente verificacion operativa de campo."
POL-16,REUBICAR,CAND-POL-00990,CAND-POL-02509,759677.6255999999,9815960.3914,762801.1995000001,9814426.4194,3479.911493924734,5,19,77.23207818955761,19.492777602282892,"Reubicacion aprobada desde CAND-POL-00990 a CAND-POL-02509; conjunto final: 11 D + 8 V exclusivos, solape 19.49%. Hot Spot residual D/V 99%/0%; nodo vial de grado 3. Configuracion final del estudio; propuesta no instalada, pendiente verificacion operativa de campo."
POL-17,REUBICAR,CAND-POL-01960,CAND-POL-00554,762132.4550000001,9815725.2698,757763.7372000003,9817902.4,4881.146496857967,0,43,96.67621886891176,0.0,"Reubicacion aprobada desde CAND-POL-01960 a CAND-POL-00554; conjunto final: 18 D + 25 V exclusivos, solape 0.00%. Hot Spot residual D/V 0%/99%; nodo vial de grado 3. Configuracion final del estudio; propuesta no instalada, pendiente verificacion operativa de campo."
POL-18,REUBICAR,CAND-POL-02251,CAND-POL-00636,762431.8369000005,9815916.5345,758414.7663000003,9816284.2672,4033.867070694869,2,24,86.2952118151432,17.867519590586227,"Reubicacion aprobada desde CAND-POL-02251 a CAND-POL-00636; conjunto final: 21 D + 3 V exclusivos, solape 17.87%. Hot Spot residual D/V 99%/0%; nodo vial de grado 3. Configuracion final del estudio; propuesta no instalada, pendiente verificacion operativa de campo."
POL-19,REUBICAR,CAND-POL-01747,CAND-POL-02378,761846.4039000003,9815383.3191,762604.9874999998,9816501.8615,1351.512552212303,0,24,95.95216186470405,7.733929233131191,"Reubicacion aprobada desde CAND-POL-01747 a CAND-POL-02378; conjunto final: 12 D + 12 V exclusivos, solape 7.73%. Hot Spot residual D/V 0%/99%; nodo vial de grado 3. Configuracion final del estudio; propuesta no instalada, pendiente verificacion operativa de campo."
POL-20,REUBICAR,CAND-POL-01220,CAND-POL-01017,760420.4501,9816184.3041,759775.5663000001,9817223.8349,1223.3149225161408,10,12,69.50023850515322,22.613446324336934,"POL-20 trasladada al candidato vial mas cercano con mejora clara de eventos D/V y solape: CAND-POL-01017. Desplazamiento 1223.31 m; solape 69.50% a 22.61%. Redistribucion desde Plataforma I a G: los10 eventos D/V exclusivos anteriores quedan fuera; se cubren12 distintos. Ningun nucleo D/V99 antes atendido queda totalmente sin cobertura. Revision puntual POL-20: aporte actual 9 D/3 V y solape 22.61%. Propuesta no instalada, pendiente verificacion de campo."
POL-21,MANTENER,CAND-POL-00683,CAND-POL-00683,758623.7712000003,9818271.9846,758623.7712000003,9818271.9846,0.0,9,9,24.672947076824855,24.672947076824855,"Mantener la ubicacion aprobada; 5 D + 4 V exclusivos; solape final 24.67%. No se cambia por proximidad. Configuracion final del estudio; propuesta no instalada, pendiente verificacion operativa de campo."
POL-22,MANTENER,CAND-POL-00687,CAND-POL-00687,758631.8662999999,9817909.7082,758631.8662999999,9817909.7082,0.0,2,2,59.708344279198876,59.708344279198876,"Mantener la ubicacion aprobada; 1 D + 1 V exclusivos; solape final 59.71%. No se cambia por proximidad. Configuracion final del estudio; propuesta no instalada, pendiente verificacion operativa de campo."
POL-23,MANTENER,CAND-POL-00878,CAND-POL-00878,759261.4112,9816374.0297,759261.4112,9816374.0297,0.0,22,22,24.072421810526787,24.072421810526787,"Mantener la ubicacion aprobada; 17 D + 5 V exclusivos; solape final 24.07%. No se cambia por proximidad. Configuracion final del estudio; propuesta no instalada, pendiente verificacion operativa de campo."
POL-24,REUBICAR,CAND-POL-02704,CAND-POL-02764,763060.8750999998,9813925.0619,763216.6558999997,9813955.9123,158.80618636815765,17,12,51.318344863811845,34.545082609555045,"POL-24 desplazada al nodo vial aprobado CAND-POL-02764. Desplazamiento 158.81 m; solape 75.83% a 34.55%. Conserva 7/7 eventos D/V exclusivos anteriores; 0 dejan de estar cubiertos y 5 distintos ganan cobertura. Ningun nucleo D/V99 antes atendido queda totalmente sin cobertura. Revision puntual POL-24: aporte actual 5 D/7 V y solape 34.55%. Propuesta no instalada, pendiente verificacion de campo."
POL-25,MANTENER,CAND-POL-01900,CAND-POL-01900,762061.5345999999,9815999.7481,762061.5345999999,9815999.7481,0.0,14,18,47.85340294576565,34.43906596068811,"Mantener la ubicacion aprobada; 10 D + 8 V exclusivos; solape final 34.44%. No se cambia por proximidad. Configuracion final del estudio; propuesta no instalada, pendiente verificacion operativa de campo."
POL-26,MANTENER,CAND-POL-01661,CAND-POL-01661,761617.2017000001,9815367.0005,761617.2017000001,9815367.0005,0.0,11,14,82.20275923817702,64.87013128597196,"Mantener la ubicacion aprobada; 9 D + 5 V exclusivos; solape final 64.87%. No se cambia por proximidad. Configuracion final del estudio; propuesta no instalada, pendiente verificacion operativa de campo."
POL-27,MANTENER,CAND-POL-02354,CAND-POL-02354,762569.6774000004,9815539.9002,762569.6774000004,9815539.9002,0.0,13,13,53.58812631325647,53.58812631325647,"Mantener la ubicacion aprobada; 9 D + 4 V exclusivos; solape final 53.59%. No se cambia por proximidad. Configuracion final del estudio; propuesta no instalada, pendiente verificacion operativa de campo."
POL-28,MANTENER,CAND-POL-02022,CAND-POL-02022,762192.1695999997,9814963.5196,762192.1695999997,9814963.5196,0.0,3,13,65.97194641714778,19.052125617420046,"Mantener la ubicacion aprobada; 8 D + 5 V exclusivos; solape final 19.05%. No se cambia por proximidad. Configuracion final del estudio; propuesta no instalada, pendiente verificacion operativa de campo."
POL-29,MANTENER,CAND-POL-00782,CAND-POL-00782,758916.9866000004,9816187.8334,758916.9866000004,9816187.8334,0.0,9,9,29.354707207065676,29.354707207065676,"Mantener la ubicacion aprobada; 4 D + 5 V exclusivos; solape final 29.35%. No se cambia por proximidad. Configuracion final del estudio; propuesta no instalada, pendiente verificacion operativa de campo."
POL-30,MANTENER,CAND-POL-02622,CAND-POL-02622,762939.5983999996,9814122.1225,762939.5983999996,9814122.1225,0.0,12,13,37.84890235550797,34.74611564107679,"Mantener la ubicacion aprobada; 7 D + 4 V exclusivos; solape final 45.64%. No se cambia por proximidad. Configuracion final del estudio; propuesta no instalada, pendiente verificacion operativa de campo."
