INDICADOR,ANTERIOR,FINAL,PCT_ANTERIOR,PCT_FINAL,DIFERENCIA
DELINCUENCIA cubiertos,1702,1783,67.24614776768075,70.44646384828131,81
VIOLENCIA cubiertos,918,989,57.77218376337319,62.24040276903713,71
CONVIVENCIA cubiertos,4921,4999,70.07974935915693,71.19054400455711,78
D+V cubiertos,2620,2772,,,152
Hot Spots urbanos DELINCUENCIA completas,234,227,,,-7
Hot Spots urbanos DELINCUENCIA parciales,54,61,,,7
Hot Spots urbanos DELINCUENCIA sin cobertura,7,7,,,0
Hot Spots urbanos DELINCUENCIA area cubierta m2,2702446.655588052,2693364.7003132645,,,-9081.955274787266
Hot Spots urbanos VIOLENCIA completas,264,263,,,-1
Hot Spots urbanos VIOLENCIA parciales,82,107,,,25
Hot Spots urbanos VIOLENCIA sin cobertura,37,13,,,-24
Hot Spots urbanos VIOLENCIA area cubierta m2,3116423.1824552272,3300668.727503525,,,184245.54504829785
Solape medio %,59.628318453497805,36.93640227397415,,,-22.691916179523652
Solape maximo %,96.67621886891176,75.82884062279119,,,
Area exclusiva agregada policial m2,1900265.073278349,2591100.765123981,,,
