ID,GRUPO,POSICION_ANTERIOR,POSICION_FINAL,DISTANCIA_MOVIMIENTO_M,CAMBIO,MOTIVO,COBERTURA_ANTES_ANILLO_VIAL_M,COBERTURA_ANTES_CICLOVIAS_M,COBERTURA_ANTES_BOULEVARD_MACAJI_BELLAVISTA_M,COBERTURA_ANTES_QUEBRADA_LAS_ABRAS_M,COBERTURA_DESPUES_ANILLO_VIAL_M,COBERTURA_DESPUES_CICLOVIAS_M,COBERTURA_DESPUES_BOULEVARD_MACAJI_BELLAVISTA_M,COBERTURA_DESPUES_QUEBRADA_LAS_ABRAS_M
MUN-001,CABECERA_RURAL,"755780.8388,9811289.214400003","755780.8388,9811289.214400003",0.0,False,Mantener posicion aceptada; no se demuestra mejora que justifique moverla,0.0,0.0,0.0,0.0,0.0,0.0,0.0,0.0
MUN-002,CABECERA_RURAL,"755598.1800228687,9811397.050104639","755598.1800228687,9811397.050104639",0.0,False,Mantener posicion aceptada; no se demuestra mejora que justifique moverla,0.0,0.0,0.0,0.0,0.0,0.0,0.0,0.0
MUN-003,CABECERA_RURAL,"751137.2800999988,9818090.984","751137.2800999988,9818090.984",0.0,False,Mantener posicion aceptada; no se demuestra mejora que justifique moverla,0.0,0.0,0.0,0.0,0.0,0.0,0.0,0.0
MUN-004,CABECERA_RURAL,"751004.1127000009,9817856.372300003","751004.1127000009,9817856.372300003",0.0,False,Mantener posicion aceptada; no se demuestra mejora que justifique moverla,0.0,0.0,0.0,0.0,0.0,0.0,0.0,0.0
MUN-005,CABECERA_RURAL,"761907.9219000018,9799043.2934","761907.9219000018,9799043.2934",0.0,False,Mantener posicion aceptada; no se demuestra mejora que justifique moverla,0.0,0.0,0.0,0.0,0.0,0.0,0.0,0.0
MUN-006,CABECERA_RURAL,"761865.627999999,9799051.0789","761865.627999999,9799051.0789",0.0,False,Mantener posicion aceptada; no se demuestra mejora que justifique moverla,0.0,0.0,0.0,0.0,0.0,0.0,0.0,0.0
MUN-007,CABECERA_RURAL,"766741.9838000003,9800253.1719","766741.9838000003,9800253.1719",0.0,False,Mantener posicion aceptada; no se demuestra mejora que justifique moverla,0.0,0.0,0.0,0.0,0.0,0.0,0.0,0.0
MUN-008,CABECERA_RURAL,"766457.806000001,9800381.4114","766457.806000001,9800381.4114",0.0,False,Mantener posicion aceptada; no se demuestra mejora que justifique moverla,0.0,0.0,0.0,0.0,0.0,0.0,0.0,0.0
MUN-009,CABECERA_RURAL,"767740.7544000007,9798992.8685","767740.7544000007,9798992.8685",0.0,False,Mantener posicion aceptada; no se demuestra mejora que justifique moverla,0.0,0.0,0.0,0.0,0.0,0.0,0.0,0.0
MUN-010,CABECERA_RURAL,"767828.3641999997,9799340.9402","767828.3641999997,9799340.9402",0.0,False,Mantener posicion aceptada; no se demuestra mejora que justifique moverla,0.0,0.0,0.0,0.0,0.0,0.0,0.0,0.0
MUN-011,CABECERA_RURAL,"760636.2466516002,9804337.803688096","760636.2466516002,9804337.803688096",0.0,False,Mantener posicion aceptada; no se demuestra mejora que justifique moverla,0.0,0.0,0.0,0.0,0.0,0.0,0.0,0.0
MUN-012,CABECERA_RURAL,"760759.5702325433,9804690.806418572","760759.5702325433,9804690.806418572",0.0,False,Mantener posicion aceptada; no se demuestra mejora que justifique moverla,0.0,0.0,0.0,0.0,0.0,0.0,0.0,0.0
MUN-013,CABECERA_RURAL,"770618.2252000008,9816562.891","770618.2252000008,9816562.891",0.0,False,Mantener posicion aceptada; no se demuestra mejora que justifique moverla,0.0,0.0,0.0,0.0,0.0,0.0,0.0,0.0
MUN-014,CABECERA_RURAL,"770328.1317173912,9816533.748258958","770328.1317173912,9816533.748258958",0.0,False,Mantener posicion aceptada; no se demuestra mejora que justifique moverla,0.0,0.0,0.0,0.0,0.0,0.0,0.0,0.0
MUN-015,CABECERA_RURAL,"746769.2216000003,9819030.9857","746769.2216000003,9819030.9857",0.0,False,Mantener posicion aceptada; no se demuestra mejora que justifique moverla,0.0,0.0,0.0,0.0,0.0,0.0,0.0,0.0
MUN-016,CABECERA_RURAL,"746651.3081000012,9819381.497100001","746651.3081000012,9819381.497100001",0.0,False,Mantener posicion aceptada; no se demuestra mejora que justifique moverla,0.0,0.0,0.0,0.0,0.0,0.0,0.0,0.0
MUN-017,CABECERA_RURAL,"768313.1290999989,9818207.7774","768313.1290999989,9818207.7774",0.0,False,Mantener posicion aceptada; no se demuestra mejora que justifique moverla,0.0,0.0,0.0,0.0,0.0,0.0,0.0,0.0
MUN-018,CABECERA_RURAL,"768415.3718000003,9817809.649800003","768415.3718000003,9817809.649800003",0.0,False,Mantener posicion aceptada; no se demuestra mejora que justifique moverla,0.0,0.0,0.0,0.0,0.0,0.0,0.0,0.0
MUN-019,CABECERA_RURAL,"762457.3087999993,9810752.8618","762457.3087999993,9810752.8618",0.0,False,Mantener posicion aceptada; no se demuestra mejora que justifique moverla,0.0,0.0,0.0,0.0,0.0,0.0,0.0,0.0
MUN-020,CABECERA_RURAL,"762204.7269000018,9810854.819300001","762204.7269000018,9810854.819300001",0.0,False,Mantener posicion aceptada; no se demuestra mejora que justifique moverla,0.0,0.0,0.0,0.0,0.0,0.0,0.0,0.0
MUN-021,CABECERA_RURAL,"755981.3276614937,9817058.963338243","755981.3276614937,9817058.963338243",0.0,False,Mantener posicion aceptada; no se demuestra mejora que justifique moverla,0.0,0.0,0.0,0.0,0.0,0.0,0.0,0.0
MUN-022,CABECERA_RURAL,"755250.5330999993,9817255.552200003","755250.5330999993,9817255.552200003",0.0,False,Mantener posicion aceptada; no se demuestra mejora que justifique moverla,0.0,0.0,0.0,0.0,0.0,0.0,0.0,0.0
MUN-023,LAS_ABRAS,"758998.7175252293,9818694.39993045","758998.7175252293,9818694.39993045",0.0,False,Mantener posicion aceptada; no se demuestra mejora que justifique moverla,0.0,0.0,0.0,304.4997255743099,0.0,0.0,0.0,304.4997255743099
MUN-024,LAS_ABRAS,"758067.4395955483,9819999.417009573","758067.4395955483,9819999.417009573",0.0,False,Mantener posicion aceptada; no se demuestra mejora que justifique moverla,0.0,0.0,0.0,362.2748330627863,0.0,0.0,0.0,362.2748330627863
MUN-025,LAS_ABRAS,"758345.1972884506,9819558.71019032","758345.1972884506,9819558.71019032",0.0,False,Mantener posicion aceptada; no se demuestra mejora que justifique moverla,0.0,0.0,0.0,421.3315834624809,0.0,0.0,0.0,421.3315834624809
MUN-026,LAS_ABRAS,"759404.5858253237,9818738.534777902","759404.5858253237,9818738.534777902",0.0,False,Mantener posicion aceptada; no se demuestra mejora que justifique moverla,0.0,0.0,0.0,416.78530338324197,0.0,0.0,0.0,416.78530338324197
MUN-027,RED_ESTRUCTURAL,"759560.7801999999,9815767.2804","759560.7801999999,9815767.2804",0.0,False,Macaji>=98%; maximizar Anillo; despues Ciclovias; sin cuotas por corredor,715.0940070784836,0.0,336.78433880656087,0.0,715.0940070784836,0.0,336.78433880656087,0.0
MUN-028,RED_ESTRUCTURAL,"760915.0610999996,9814137.7686","761052.3886677333,9813787.676767949",376.06269653944577,True,Macaji>=98%; maximizar Anillo; despues Ciclovias; sin cuotas por corredor,325.70792392320504,0.0,310.90126756173737,0.0,400.56194903219586,0.0,0.0,0.0
MUN-029,RED_ESTRUCTURAL,"760497.0587999998,9815522.7103","760497.0587999998,9815522.7103",0.0,False,Macaji>=98%; maximizar Anillo; despues Ciclovias; sin cuotas por corredor,0.0,0.0,755.2200004751513,0.0,0.0,0.0,755.2200004751513,0.0
MUN-030,RED_ESTRUCTURAL,"762509.1985999998,9815808.4628","763371.1517000003,9814849.9692",1289.0590086729403,True,Macaji>=98%; maximizar Anillo; despues Ciclovias; sin cuotas por corredor,397.4329154203891,0.0,154.8398533441376,0.0,399.984649240023,0.0,0.0,0.0
MUN-031,RED_ESTRUCTURAL,"763282.6940000001,9814151.7302","763031.5273000002,9813108.0466",1073.4803994950194,True,Macaji>=98%; maximizar Anillo; despues Ciclovias; sin cuotas por corredor,0.0,399.97716111295665,0.0,0.0,404.5718488847954,0.0,0.0,0.0
MUN-032,RED_ESTRUCTURAL,"762971.1756999996,9815036.1417","762971.1756999996,9815036.1417",0.0,False,Macaji>=98%; maximizar Anillo; despues Ciclovias; sin cuotas por corredor,357.4274956558904,0.0,284.1780626628949,0.0,357.4274956558904,0.0,284.1780626628949,0.0
MUN-033,RED_ESTRUCTURAL,"759821.3667710747,9815710.276107736","759830.0256291026,9815705.659577373",9.812653817149307,True,Macaji>=98%; maximizar Anillo; despues Ciclovias; sin cuotas por corredor,297.0735854118601,0.0,796.9418240640753,0.0,282.1346798853596,0.0,797.5898640406194,0.0
MUN-034,RED_ESTRUCTURAL,"761778.5944153819,9816223.767746722","761778.5944153819,9816223.767746722",0.0,False,Macaji>=98%; maximizar Anillo; despues Ciclovias; sin cuotas por corredor,475.4989615624817,339.2678600498141,0.0,0.0,475.4989615624817,339.2678600498141,0.0,0.0
MUN-035,RED_ESTRUCTURAL,"761188.3692608943,9814463.534445105","761228.5687999995,9814510.9849",62.18961821693718,True,Macaji>=98%; maximizar Anillo; despues Ciclovias; sin cuotas por corredor,0.0,0.0,400.0331882542285,0.0,0.0,0.0,400.00721034334146,0.0
MUN-036,RED_ESTRUCTURAL,"763278.3669999996,9813064.4855","763466.0132999998,9813109.2605",192.91431913877042,True,Macaji>=98%; maximizar Anillo; despues Ciclovias; sin cuotas por corredor,409.5581411975355,0.0,0.0,0.0,408.3159589559382,0.0,0.0,0.0
MUN-037,RED_ESTRUCTURAL,"762869.6135999998,9814258.0785","762719.2523999996,9814728.8408",494.1918995353893,True,Macaji>=98%; maximizar Anillo; despues Ciclovias; sin cuotas por corredor,0.0,427.9652696610672,0.0,0.0,0.0,0.0,400.2312521122785,0.0
MUN-038,RED_ESTRUCTURAL,"762618.5919000003,9814507.345","762391.1140000001,9814473.172",230.0304086801787,True,Macaji>=98%; maximizar Anillo; despues Ciclovias; sin cuotas por corredor,0.0,352.8597774858969,387.789537959117,0.0,0.0,366.1723560031488,585.7511735888293,0.0
MUN-039,RED_ESTRUCTURAL,"763637.4111000001,9813467.9039","763637.4111000001,9813467.9039",0.0,False,Macaji>=98%; maximizar Anillo; despues Ciclovias; sin cuotas por corredor,405.37521756402936,0.0,0.0,0.0,405.37521756402936,0.0,0.0,0.0
MUN-040,RED_ESTRUCTURAL,"760000.1564999996,9817907.0795","760951.6727499954,9814180.587482648",3846.0532925846655,True,Macaji>=98%; maximizar Anillo; despues Ciclovias; sin cuotas por corredor,0.0,574.6713193136991,0.0,0.0,204.93250253644132,0.0,367.24787057857054,0.0
MUN-041,RED_ESTRUCTURAL,"758733.3109886354,9817164.6007384","760268.8658999996,9814846.7761",2780.330904800707,True,Macaji>=98%; maximizar Anillo; despues Ciclovias; sin cuotas por corredor,0.0,399.99329625677586,0.0,0.0,368.03982447760313,0.0,0.0,0.0
MUN-042,RED_ESTRUCTURAL,"760451.331522436,9817230.483883394","762079.8249000004,9815405.2812",2446.089842226254,True,Macaji>=98%; maximizar Anillo; despues Ciclovias; sin cuotas por corredor,0.0,801.2281716937503,0.0,0.0,0.0,0.0,363.564938149292,0.0
MUN-043,RED_ESTRUCTURAL,"762265.8403000003,9813432.3272","762265.8403000003,9813432.3272",0.0,False,Macaji>=98%; maximizar Anillo; despues Ciclovias; sin cuotas por corredor,409.5326125888015,0.0,0.0,0.0,409.5326125888015,0.0,0.0,0.0
MUN-044,RED_ESTRUCTURAL,"760253.3057821068,9817676.876088258","762519.8106000004,9815957.2108",2845.047063437723,True,Macaji>=98%; maximizar Anillo; despues Ciclovias; sin cuotas por corredor,0.0,801.1072516236914,0.0,0.0,366.67296542968774,0.0,100.91901335536288,0.0
MUN-045,RED_ESTRUCTURAL,"761736.1269277778,9813526.263369791","761798.5318,9813522.2492",62.533843926217195,True,Macaji>=98%; maximizar Anillo; despues Ciclovias; sin cuotas por corredor,399.9780779775033,0.0,0.0,0.0,399.97737094763204,0.0,0.0,0.0
MUN-046,RED_ESTRUCTURAL,"763549.4846999999,9814602.3435","763670.3903999999,9814540.3062",135.89265941829476,True,Macaji>=98%; maximizar Anillo; despues Ciclovias; sin cuotas por corredor,408.05024437586957,0.0,0.0,0.0,403.6794012102273,0.0,0.0,0.0
MUN-047,RED_ESTRUCTURAL,"759590.8328861839,9815408.675317863","759590.8328861839,9815408.675317863",0.0,False,Macaji>=98%; maximizar Anillo; despues Ciclovias; sin cuotas por corredor,401.8184741077953,0.0,0.0,0.0,401.8184741077953,0.0,0.0,0.0
MUN-048,RED_ESTRUCTURAL,"761113.4786999999,9816381.6714","761113.4786999999,9816381.6714",0.0,False,Macaji>=98%; maximizar Anillo; despues Ciclovias; sin cuotas por corredor,404.762414032654,0.0,0.0,0.0,404.762414032654,0.0,0.0,0.0
MUN-049,RED_ESTRUCTURAL,"761342.5318,9813629.4951","761403.9900000002,9813580.8376",78.38789864247603,True,Macaji>=98%; maximizar Anillo; despues Ciclovias; sin cuotas por corredor,407.30199159864264,0.0,0.0,0.0,406.3403004133361,0.0,0.0,0.0
MUN-050,RED_ESTRUCTURAL,"763685.0911470883,9814086.261940472","763685.0911470883,9814086.261940472",0.0,False,Macaji>=98%; maximizar Anillo; despues Ciclovias; sin cuotas por corredor,400.0085530399917,185.45980446635255,0.0,0.0,400.0085530399917,185.45980446635255,0.0,0.0
