name,group,records,crs,source,fields
CAMARAS_EXISTENTES_103_FINAL,01_CAMARAS_EXISTENTES_103,103,EPSG:32717,D:\codex\security-real-incidents\data\seguridad-riobamba\consolidacion-183-20261004\CONSOLIDACION_CAMARAS_183.gpkg,"ID_CAMARA, TIPO, ESTADO, REQUIERE_CAMBIO, INSTITUCION, DIRECCION, LONGITUD, LATITUD, X, Y, GEOMETRIA_VALIDA, PRECISION, PRECISION_ORIGINAL, DIRECCION_DOCUMENTAL, DIRECCION_CARTOGRAFICA, METODO_GEO, FUENTE_GEO, CONFIANZA_GEO, OBSERVACION_GEO, ESTADO_GEO, DENTRO_CANTON, FID_EJE_A, FID_EJE_B, DIST_REFERENCIA_CARCEL_M, DIST_FREIRE_MUNICIPAL_M, FUENTE_1, FUENTE_2, DIFERENCIA_M"
PROPUESTA_MUNICIPAL_50_FINAL,02_MUNICIPALES_50,50,EPSG:32717,Procesamiento final; consultar trazabilidad,"ID_PROPUESTA, ID_ORIGINAL, FILA_ORIGINAL, GRUPO, SUBTIPO, X, Y, LONGITUD, LATITUD, PARROQUIA, ID_CANDIDATO, ORIGEN_CANDIDATO, GRADO_NODO, CRITERIO_PRINCIPAL, CRITERIOS_SECUNDARIOS, JUSTIFICACION, ESTADO, ESTADO_VALIDACION, METODO_FINAL, HOTSPOT_DEL, NIVEL_DEL, HOTSPOT_VIOL, NIVEL_VIOL, HOTSPOT_CONV, NIVEL_CONV, AMBITO_HOTSPOT, COINCIDENCIA_DV, DELINCUENCIA_200M, VIOLENCIA_200M, CONVIVENCIA_200M, N_TOTAL, COBERTURA_PREVIA, POBLACION_ASOCIADA, MANZANAS_POB_VALIDAS, MANZANAS_POB_FALTANTES, POBLACION_METODO, UPC_CERCANA, NOMBRE_UPC, DIST_UPC_M, INFRA_CERCANA, DIST_INFRA_M, DIST_EXISTENTE, DIST_MUNICIPAL, INTERSECCION_O_NODO, CORREDOR_COINCIDENTE, CORREDOR_METODO, SOLAPE_OTRAS49_PCT, D_EXCLUSIVOS, V_EXCLUSIVOS, C_EXCLUSIVOS, N_CORREDORES, CORREDOR, BENEFICIO_CONTEXTO, LONGITUD_EXCLUSIVA_ANILLO_VIAL_M, LONGITUD_EXCLUSIVA_CICLOVIAS_M, LONGITUD_EXCLUSIVA_BOULEVARD_MACAJI_BELLAVISTA_M, LONGITUD_EXCLUSIVA_QUEBRADA_LAS_ABRAS_M"
PROPUESTA_POLICIA_30_FINAL,03_POLICIA_30,30,EPSG:32717,Procesamiento final; consultar trazabilidad,"ID_POLICIA, ID_CANDIDATO, X, Y, LONGITUD, LATITUD, DECISION_FINAL, JUSTIFICACION, ESTADO, HOTSPOT_DEL, NIVEL_DEL, HOTSPOT_VIOL, NIVEL_VIOL, HOTSPOT_CONV, NIVEL_CONV, AMBITO_HOTSPOT, COINCIDENCIA_DV, DELINCUENCIA_200M, VIOLENCIA_200M, CONVIVENCIA_200M, N_TOTAL, COBERTURA_PREVIA, POBLACION_ASOCIADA, MANZANAS_POB_VALIDAS, MANZANAS_POB_FALTANTES, POBLACION_METODO, UPC_CERCANA, NOMBRE_UPC, DIST_UPC_M, INFRA_CERCANA, DIST_INFRA_M, DIST_EXISTENTE, DIST_MUNICIPAL, INTERSECCION_O_NODO, GRADO_NODO, CORREDOR_COINCIDENTE, CORREDOR_METODO, NIVEL_DEL_RESIDUAL, NIVEL_VIOL_RESIDUAL, NIVEL_DV_RESIDUAL, EVENTOS_D_NUEVOS, EVENTOS_V_NUEVOS, EVENTOS_DV_NUEVOS, EVENTOS_C_NUEVOS, AREA_HOTSPOT_D_NUEVA_M2, AREA_HOTSPOT_V_NUEVA_M2, COINCIDENCIA_DV_RESIDUAL_M2, ESTADO_HOTSPOT_DV_PREVIO, SOLAPE_PREVIO_PCT, DIST_EXISTENTE_M, DIST_MUNICIPAL_M, DIST_POLICIA_M, BENEFICIO_MARGINAL, SOLAPE_RESTO_FINAL_PCT, EVENTOS_D_EXCLUSIVOS_FINAL, EVENTOS_V_EXCLUSIVOS_FINAL, BENEFICIO_CONTEXTO"
AUDITORIA_GEOREFERENCIACION_CAMARAS,13_AUDITORIA,4,EPSG:32717,D:\codex\security-real-incidents\data\seguridad-riobamba\consolidacion-183-20261004\CONSOLIDACION_CAMARAS_183.gpkg,"ID_CAMARA, TIPO, ESTADO, REQUIERE_CAMBIO, INSTITUCION, DIRECCION, LONGITUD, LATITUD, X, Y, GEOMETRIA_VALIDA, PRECISION, PRECISION_ORIGINAL, DIRECCION_DOCUMENTAL, DIRECCION_CARTOGRAFICA, METODO_GEO, FUENTE_GEO, CONFIANZA_GEO, OBSERVACION_GEO, ESTADO_GEO, FID_EJE_A, FID_EJE_B, DIST_REFERENCIA_CARCEL_M, DIST_FREIRE_MUNICIPAL_M, DENTRO_CANTON, FUENTE_1, FUENTE_2, DIFERENCIA_M, ID"
CAMARAS_RECUPERADAS,13_AUDITORIA,4,EPSG:32717,D:\codex\security-real-incidents\data\seguridad-riobamba\consolidacion-183-20261004\CONSOLIDACION_CAMARAS_183.gpkg,"ID_CAMARA, TIPO, ESTADO, REQUIERE_CAMBIO, INSTITUCION, DIRECCION, LONGITUD, LATITUD, X, Y, GEOMETRIA_VALIDA, PRECISION, PRECISION_ORIGINAL, DIRECCION_DOCUMENTAL, DIRECCION_CARTOGRAFICA, METODO_GEO, FUENTE_GEO, CONFIANZA_GEO, OBSERVACION_GEO, ESTADO_GEO, FID_EJE_A, FID_EJE_B, DIST_REFERENCIA_CARCEL_M, DIST_FREIRE_MUNICIPAL_M, DENTRO_CANTON, FUENTE_1, FUENTE_2, DIFERENCIA_M, ID"
MUNICIPALES_ANTERIOR,13_AUDITORIA,50,EPSG:32717,D:\codex\security-real-incidents\data\seguridad-riobamba\consolidacion-183-20261004\CONSOLIDACION_CAMARAS_183.gpkg,"ID_PROPUESTA, ID_ORIGINAL, FILA_ORIGINAL, GRUPO, SUBTIPO, X, Y, LONGITUD, LATITUD, CRITERIO_PRINCIPAL, CRITERIOS_SECUNDARIOS, CORREDOR, PARROQUIA, HOTSPOT_RELACIONADO, INCIDENTES_ENTORNO, INC_DELINCUENCIA, INC_VIOLENCIA, INC_CONVIVENCIA, EQUIPAMIENTOS_ENTORNO, COBERTURA_PREVIA, ORIGEN_CANDIDATO, GRADO_NODO, JUSTIFICACION, ESTADO_VALIDACION, ID_CANDIDATO, ORDEN_SELECCION_GRUPO, BENEFICIO_MARGINAL_M, NUEVO_ANILLO_VIAL_M, NUEVO_CICLOVIAS_M, NUEVO_BOULEVARD_MACAJI_BELLAVISTA_M, NUEVO_QUEBRADA_LAS_ABRAS_M, REQUIERE_REVISION_REDUNDANCIA, BENEFICIO_CONTEXTO, ID, D_EXCLUSIVOS, V_EXCLUSIVOS, C_EXCLUSIVOS, SOLAPE_EXISTENTES_100_PCT, SOLAPE_EXISTENTES_103_PCT, SOLAPE_OTRAS49_PCT, NUEVAS_EXISTENTES_RELACIONADAS, DIST_EXISTENTE_M, LONGITUD_EXCLUSIVA_ANILLO_VIAL_M, LONGITUD_EXCLUSIVA_CICLOVIAS_M, LONGITUD_EXCLUSIVA_BOULEVARD_MACAJI_BELLAVISTA_M, LONGITUD_EXCLUSIVA_QUEBRADA_LAS_ABRAS_M, JUSTIFICACION_ORIGINAL"
POLICIA_ANTERIOR,13_AUDITORIA,30,EPSG:32717,D:\codex\security-real-incidents\data\seguridad-riobamba\consolidacion-183-20261004\CONSOLIDACION_CAMARAS_183.gpkg,"HOTSPOT_DEL, NIVEL_DEL, HOTSPOT_VIOL, NIVEL_VIOL, HOTSPOT_CONV, NIVEL_CONV, AMBITO_HOTSPOT, COINCIDENCIA_DV, DELINCUENCIA_200M, VIOLENCIA_200M, CONVIVENCIA_200M, N_TOTAL, COBERTURA_PREVIA, POBLACION_ASOCIADA, MANZANAS_POB_VALIDAS, MANZANAS_POB_FALTANTES, POBLACION_METODO, UPC_CERCANA, NOMBRE_UPC, DIST_UPC_M, INFRA_CERCANA, DIST_INFRA_M, DIST_EXISTENTE, DIST_MUNICIPAL, INTERSECCION_O_NODO, GRADO_NODO, CORREDOR_COINCIDENTE, CORREDOR_METODO, ID_POLICIA, ID_CANDIDATO, X, Y, LONGITUD, LATITUD, DECISION, NIVEL_DEL_RESIDUAL, NIVEL_VIOL_RESIDUAL, NIVEL_DV_RESIDUAL, EVENTOS_D_NUEVOS, EVENTOS_V_NUEVOS, EVENTOS_DV_NUEVOS, EVENTOS_C_NUEVOS, AREA_HOTSPOT_D_NUEVA_M2, AREA_HOTSPOT_V_NUEVA_M2, COINCIDENCIA_DV_RESIDUAL_M2, ESTADO_HOTSPOT_DV_PREVIO, SOLAPE_PREVIO_PCT, DIST_EXISTENTE_M, DIST_MUNICIPAL_M, DIST_POLICIA_M, BENEFICIO_CONTEXTO, JUSTIFICACION"
CANDIDATOS_ESTRUCTURALES,13_AUDITORIA,1911,EPSG:32717,D:\codex\security-real-incidents\data\seguridad-riobamba\optimizacion-municipal-50-20261003\PROPUESTA_50_OPTIMIZADA.gpkg,"ID_CANDIDATO, SELECCIONADO, X, Y, NUEVO_ANILLO_VIAL_M, NUEVO_CICLOVIAS_M, NUEVO_BOULEVARD_MACAJI_BELLAVISTA_M, N_CORREDORES, HOTSPOT_RELACIONADO, INCIDENTES_ENTORNO, INC_DELINCUENCIA, INC_VIOLENCIA, INC_CONVIVENCIA, EQUIPAMIENTOS_ENTORNO, COBERTURA_PREVIA, ORIGEN_CANDIDATO, GRADO_NODO"
INVENTARIO_ORIGINAL_103,01_CAMARAS_EXISTENTES_103,103,EPSG:32717,D:\codex\security-real-incidents\data\seguridad-riobamba\consolidacion-183-20261004\CONSOLIDACION_CAMARAS_183.gpkg,"ID_CAMARA, TIPO, ESTADO, REQUIERE_CAMBIO, INSTITUCION, DIRECCION, LONGITUD, LATITUD, X, Y, GEOMETRIA_VALIDA, PRECISION"
PLATAFORMAS_TERRITORIALES,14_DIAGNOSTICO_FINAL,18,EPSG:32717,D:\codex\security-real-incidents\data\seguridad-riobamba\consolidacion-183-20261004\CONSOLIDACION_CAMARAS_183.gpkg,"platform_id, platform_name, area, manzanas, population_total, male, female, age_0_4, age_5_11, age_12_17, age_18_29, age_30_64, age_65_plus"
LIMITE_CANTONAL,14_DIAGNOSTICO_FINAL,1,EPSG:32717,D:\codex\security-real-incidents\data\seguridad-riobamba\consolidacion-183-20261004\CONSOLIDACION_CAMARAS_183.gpkg,FUENTE
CABECERAS_RURALES,08_CABECERAS_RURALES,11,EPSG:32717,D:\codex\security-real-incidents\data\seguridad-riobamba\consolidacion-183-20261004\CONSOLIDACION_CAMARAS_183.gpkg,"PARROQUIA, CANDIDATOS_VIALES, CAMARAS_PROPUESTAS, SEPARACION_PAR_M, COBERTURA_ACTUAL_CENTRO, COBERTURA_PROPUESTA_CENTRO, COB_ACTUAL_ENTORNO_200_PCT, COB_FUTURA_ENTORNO_200_PCT, COB_ACTUAL_PUGS_PCT, COB_FUTURA_PUGS_PCT, HOTSPOT_RURAL, INCIDENTES_ENTORNO, POBLACION_LOCAL, ID_PROPUESTAS"
AMBITOS_CABECERAS_PUGS,08_CABECERAS_RURALES,11,EPSG:32717,D:\codex\security-real-incidents\data\seguridad-riobamba\consolidacion-183-20261004\CONSOLIDACION_CAMARAS_183.gpkg,"PARROQUIA, FUENTE"
UPC_INFRAESTRUCTURA,11_UPC,26,EPSG:32717,D:\codex\security-real-incidents\data\seguridad-riobamba\consolidacion-183-20261004\CONSOLIDACION_CAMARAS_183.gpkg,"ID_INFRA, TIPO, NOMBRE, ESTADO"
CUNDUANA_PUNTOS_CRITICOS,10_CUNDUANA,10,EPSG:32717,D:\codex\security-real-incidents\data\seguridad-riobamba\consolidacion-183-20261004\CONSOLIDACION_CAMARAS_183.gpkg,"Etiqueta, X, Y"
CUNDUANA_TRAMOS_LIMPIEZA,10_CUNDUANA,2,EPSG:32717,D:\codex\security-real-incidents\data\seguridad-riobamba\consolidacion-183-20261004\CONSOLIDACION_CAMARAS_183.gpkg,"Id, Distancia"
LAS_ABRAS_ACTUAL,09_LAS_ABRAS_MAATE,1,EPSG:32717,D:\codex\security-real-incidents\data\seguridad-riobamba\consolidacion-183-20261004\CONSOLIDACION_CAMARAS_183.gpkg,"FUENTE, LONGITUD_M"
EJE_QUEBRADA_LAS_ABRAS_MAATE,09_LAS_ABRAS_MAATE,1,EPSG:32717,D:\codex\security-real-incidents\data\seguridad-riobamba\consolidacion-183-20261004\CONSOLIDACION_CAMARAS_183.gpkg,"FUENTE, LONGITUD_M"
LAS_ABRAS_MAATE_REFERENCIA_CANTON,09_LAS_ABRAS_MAATE,1,EPSG:32717,D:\codex\security-real-incidents\data\seguridad-riobamba\consolidacion-183-20261004\CONSOLIDACION_CAMARAS_183.gpkg,"FUENTE, LONGITUD_M"
ABRAS_DIFERENCIAS,09_LAS_ABRAS_MAATE,3,EPSG:32717,D:\codex\security-real-incidents\data\seguridad-riobamba\consolidacion-183-20261004\CONSOLIDACION_CAMARAS_183.gpkg,"CLASE, LONGITUD_M, AMBITO"
ABRAS_DIFERENCIAS_COMPLETAS,09_LAS_ABRAS_MAATE,3,EPSG:32717,D:\codex\security-real-incidents\data\seguridad-riobamba\consolidacion-183-20261004\CONSOLIDACION_CAMARAS_183.gpkg,"CLASE, LONGITUD_M, AMBITO"
MAATE_INSUMO_03,09_LAS_ABRAS_MAATE,1,EPSG:32717,D:\codex\security-real-incidents\data\seguridad-riobamba\consolidacion-183-20261004\CONSOLIDACION_CAMARAS_183.gpkg,"FID_, Entity, Layer, Color, Linetype, Elevation, LineWt, RefName, BUFF_DIST, ORIG_FID"
MAATE_INSUMO_04,09_LAS_ABRAS_MAATE,2,EPSG:32717,D:\codex\security-real-incidents\data\seguridad-riobamba\consolidacion-183-20261004\CONSOLIDACION_CAMARAS_183.gpkg,"FID_, Entity, Layer, Color, Linetype, Elevation, LineWt, RefName"
MAATE_INSUMO_05,09_LAS_ABRAS_MAATE,1,EPSG:32717,D:\codex\security-real-incidents\data\seguridad-riobamba\consolidacion-183-20261004\CONSOLIDACION_CAMARAS_183.gpkg,"FID_, Entity, Layer, Color, Linetype, Elevation, LineWt, RefName, BUFF_DIST, ORIG_FID"
MAATE_INSUMO_06,09_LAS_ABRAS_MAATE,2,EPSG:32717,D:\codex\security-real-incidents\data\seguridad-riobamba\consolidacion-183-20261004\CONSOLIDACION_CAMARAS_183.gpkg,distance
MAATE_INSUMO_07,09_LAS_ABRAS_MAATE,629,EPSG:32717,D:\codex\security-real-incidents\data\seguridad-riobamba\consolidacion-183-20261004\CONSOLIDACION_CAMARAS_183.gpkg,"OBJECTID, x, y, Punto, Etiqueta"
MAATE_INSUMO_08,09_LAS_ABRAS_MAATE,1,EPSG:32717,D:\codex\security-real-incidents\data\seguridad-riobamba\consolidacion-183-20261004\CONSOLIDACION_CAMARAS_183.gpkg,"FID_, Entity, Layer, Color, Linetype, Elevation, LineWt, RefName, BUFF_DIST, ORIG_FID"
MAATE_INSUMO_09,09_LAS_ABRAS_MAATE,1,EPSG:32717,D:\codex\security-real-incidents\data\seguridad-riobamba\consolidacion-183-20261004\CONSOLIDACION_CAMARAS_183.gpkg,"FID_, Entity, Layer, Color, Linetype, Elevation, LineWt, RefName"
MAATE_INSUMO_10,09_LAS_ABRAS_MAATE,1,EPSG:32717,D:\codex\security-real-incidents\data\seguridad-riobamba\consolidacion-183-20261004\CONSOLIDACION_CAMARAS_183.gpkg,"FID_, Entity, Layer, Color, Linetype, Elevation, LineWt, RefName, BUFF_DIST, ORIG_FID"
MAATE_INSUMO_11,09_LAS_ABRAS_MAATE,215,EPSG:32717,D:\codex\security-real-incidents\data\seguridad-riobamba\consolidacion-183-20261004\CONSOLIDACION_CAMARAS_183.gpkg,"OBJECTID, x, y, Punto, Etiqueta"
MAATE_INSUMO_12,09_LAS_ABRAS_MAATE,1,EPSG:32717,D:\codex\security-real-incidents\data\seguridad-riobamba\consolidacion-183-20261004\CONSOLIDACION_CAMARAS_183.gpkg,"FID_, Entity, Layer, Color, Linetype, Elevation, LineWt, RefName, BUFF_DIST, ORIG_FID"
MAATE_INSUMO_13,09_LAS_ABRAS_MAATE,2,EPSG:32717,D:\codex\security-real-incidents\data\seguridad-riobamba\consolidacion-183-20261004\CONSOLIDACION_CAMARAS_183.gpkg,"FID_, Entity, Layer, Color, Linetype, Elevation, LineWt, RefName"
MAATE_INSUMO_14,09_LAS_ABRAS_MAATE,2,EPSG:32717,D:\codex\security-real-incidents\data\seguridad-riobamba\consolidacion-183-20261004\CONSOLIDACION_CAMARAS_183.gpkg,distance
MAATE_INSUMO_15,09_LAS_ABRAS_MAATE,31,EPSG:32717,D:\codex\security-real-incidents\data\seguridad-riobamba\consolidacion-183-20261004\CONSOLIDACION_CAMARAS_183.gpkg,"OBJECTID, x, y, Punto, Etiqueta"
GI_URBANO_DELINCUENCIA,05_HOTSPOTS,3197,EPSG:32717,Gi* congelado: D:\codex\security-real-incidents\data\seguridad-riobamba\propuesta-policia-30-20261003\PROPUESTA_POLICIA_30.gpkg,"CELL_ID, AMBITO, CATEGORIA, PLATAFORMA, PARROQUIA, DISTANCE_M, CELL_SIZE_M, COUNT, GI_ZSCORE, GI_PVALUE, GI_CLASS, GI_STAR, SIGNIFICANCIA, SUMA_LOCAL, NIVEL, COB_A_PCT, ESTADO_A, COB_B_PCT, ESTADO_B, COB_C_PCT, ESTADO_C, COB_B_ANTERIOR_PCT, ESTADO_B_ANTERIOR, COB_C_ANTERIOR_PCT, ESTADO_C_ANTERIOR"
GI_URBANO_VIOLENCIA,05_HOTSPOTS,3197,EPSG:32717,Gi* congelado: D:\codex\security-real-incidents\data\seguridad-riobamba\propuesta-policia-30-20261003\PROPUESTA_POLICIA_30.gpkg,"CELL_ID, AMBITO, CATEGORIA, PLATAFORMA, PARROQUIA, DISTANCE_M, CELL_SIZE_M, COUNT, GI_ZSCORE, GI_PVALUE, GI_CLASS, GI_STAR, SIGNIFICANCIA, SUMA_LOCAL, NIVEL, COB_A_PCT, ESTADO_A, COB_B_PCT, ESTADO_B, COB_C_PCT, ESTADO_C, COB_B_ANTERIOR_PCT, ESTADO_B_ANTERIOR, COB_C_ANTERIOR_PCT, ESTADO_C_ANTERIOR"
GI_URBANO_CONVIVENCIA,05_HOTSPOTS,3197,EPSG:32717,Gi* congelado: D:\codex\security-real-incidents\data\seguridad-riobamba\propuesta-policia-30-20261003\PROPUESTA_POLICIA_30.gpkg,"CELL_ID, AMBITO, CATEGORIA, PLATAFORMA, PARROQUIA, DISTANCE_M, CELL_SIZE_M, COUNT, GI_ZSCORE, GI_PVALUE, GI_CLASS, GI_STAR, SIGNIFICANCIA, SUMA_LOCAL, NIVEL, COB_A_PCT, ESTADO_A, COB_B_PCT, ESTADO_B, COB_C_PCT, ESTADO_C, COB_B_ANTERIOR_PCT, ESTADO_B_ANTERIOR, COB_C_ANTERIOR_PCT, ESTADO_C_ANTERIOR"
GI_RURAL_DELINCUENCIA,05_HOTSPOTS,1132,EPSG:32717,Gi* congelado: D:\codex\security-real-incidents\data\seguridad-riobamba\propuesta-policia-30-20261003\PROPUESTA_POLICIA_30.gpkg,"CELL_ID, AMBITO, CATEGORIA, PLATAFORMA, PARROQUIA, DISTANCE_M, CELL_SIZE_M, COUNT, GI_ZSCORE, GI_PVALUE, GI_CLASS, NIVEL, COB_A_PCT, ESTADO_A, COB_B_PCT, ESTADO_B, COB_C_PCT, ESTADO_C, COB_B_ANTERIOR_PCT, ESTADO_B_ANTERIOR, COB_C_ANTERIOR_PCT, ESTADO_C_ANTERIOR"
GI_RURAL_VIOLENCIA,05_HOTSPOTS,1132,EPSG:32717,Gi* congelado: D:\codex\security-real-incidents\data\seguridad-riobamba\propuesta-policia-30-20261003\PROPUESTA_POLICIA_30.gpkg,"CELL_ID, AMBITO, CATEGORIA, PLATAFORMA, PARROQUIA, DISTANCE_M, CELL_SIZE_M, COUNT, GI_ZSCORE, GI_PVALUE, GI_CLASS, NIVEL, COB_A_PCT, ESTADO_A, COB_B_PCT, ESTADO_B, COB_C_PCT, ESTADO_C, COB_B_ANTERIOR_PCT, ESTADO_B_ANTERIOR, COB_C_ANTERIOR_PCT, ESTADO_C_ANTERIOR"
GI_RURAL_CONVIVENCIA,05_HOTSPOTS,1132,EPSG:32717,Gi* congelado: D:\codex\security-real-incidents\data\seguridad-riobamba\propuesta-policia-30-20261003\PROPUESTA_POLICIA_30.gpkg,"CELL_ID, AMBITO, CATEGORIA, PLATAFORMA, PARROQUIA, DISTANCE_M, CELL_SIZE_M, COUNT, GI_ZSCORE, GI_PVALUE, GI_CLASS, NIVEL, COB_A_PCT, ESTADO_A, COB_B_PCT, ESTADO_B, COB_C_PCT, ESTADO_C, COB_B_ANTERIOR_PCT, ESTADO_B_ANTERIOR, COB_C_ANTERIOR_PCT, ESTADO_C_ANTERIOR"
HOTSPOT_DELINCUENCIA,05_HOTSPOTS,350,EPSG:32717,Procesamiento final; consultar trazabilidad,"CELL_ID, AMBITO, CATEGORIA, PLATAFORMA, PARROQUIA, DISTANCE_M, CELL_SIZE_M, COUNT, GI_ZSCORE, GI_PVALUE, GI_CLASS, GI_STAR, SIGNIFICANCIA, SUMA_LOCAL, NIVEL, COB_A_PCT, ESTADO_A, COB_B_PCT, ESTADO_B, COB_C_PCT, ESTADO_C, COB_B_ANTERIOR_PCT, ESTADO_B_ANTERIOR, COB_C_ANTERIOR_PCT, ESTADO_C_ANTERIOR"
HOTSPOT_VIOLENCIA,05_HOTSPOTS,435,EPSG:32717,Procesamiento final; consultar trazabilidad,"CELL_ID, AMBITO, CATEGORIA, PLATAFORMA, PARROQUIA, DISTANCE_M, CELL_SIZE_M, COUNT, GI_ZSCORE, GI_PVALUE, GI_CLASS, GI_STAR, SIGNIFICANCIA, SUMA_LOCAL, NIVEL, COB_A_PCT, ESTADO_A, COB_B_PCT, ESTADO_B, COB_C_PCT, ESTADO_C, COB_B_ANTERIOR_PCT, ESTADO_B_ANTERIOR, COB_C_ANTERIOR_PCT, ESTADO_C_ANTERIOR"
HOTSPOT_CONVIVENCIA,05_HOTSPOTS,382,EPSG:32717,Procesamiento final; consultar trazabilidad,"CELL_ID, AMBITO, CATEGORIA, PLATAFORMA, PARROQUIA, DISTANCE_M, CELL_SIZE_M, COUNT, GI_ZSCORE, GI_PVALUE, GI_CLASS, GI_STAR, SIGNIFICANCIA, SUMA_LOCAL, NIVEL, COB_A_PCT, ESTADO_A, COB_B_PCT, ESTADO_B, COB_C_PCT, ESTADO_C, COB_B_ANTERIOR_PCT, ESTADO_B_ANTERIOR, COB_C_ANTERIOR_PCT, ESTADO_C_ANTERIOR"
INCIDENTES_CLASIFICADOS,06_INCIDENTES,11150,EPSG:32717,D:\codex\security-real-incidents\data\seguridad-riobamba\consolidacion-183-20261004\CONSOLIDACION_CAMARAS_183.gpkg,"ID, CATEGORIA, SUBTIPO, AMBITO, CUB_A, CUB_B, CUB_C, CUB_B_ANTERIOR, CUB_C_ANTERIOR"
MANZANAS_COBERTURA,14_DIAGNOSTICO_FINAL,3757,EPSG:32717,Procesamiento final; consultar trazabilidad,"man, ID_MANZANA, POBLACION, AREA_URBANA_M2, COB_A_PCT, POB_A_CUBIERTA, COB_B_PCT, POB_B_CUBIERTA, COB_C_PCT, POB_C_CUBIERTA, COB_B_ANTERIOR_PCT, POB_B_ANTERIOR_CUBIERTA, COB_C_ANTERIOR_PCT, POB_C_ANTERIOR_CUBIERTA"
CORREDORES,07_CORREDORES,4,EPSG:32717,Procesamiento final; consultar trazabilidad,"CORREDOR, LONGITUD_M"
BUFFERS_SITIOS_200M,04_COBERTURAS,180,EPSG:32717,Procesamiento final; consultar trazabilidad,"IDS, N_CAMARAS, RADIO_M"
COBERTURA_A,04_COBERTURAS,1,EPSG:32717,Procesamiento final; consultar trazabilidad,"ESCENARIO, RADIO_M, METODO"
COBERTURA_B,04_COBERTURAS,1,EPSG:32717,Procesamiento final; consultar trazabilidad,"ESCENARIO, RADIO_M, METODO"
COBERTURA_C,04_COBERTURAS,1,EPSG:32717,Procesamiento final; consultar trazabilidad,"ESCENARIO, RADIO_M, METODO"
COBERTURA_B_ANTERIOR,04_COBERTURAS,1,EPSG:32717,Procesamiento final; consultar trazabilidad,"ESCENARIO, RADIO_M, METODO"
COBERTURA_C_ANTERIOR,04_COBERTURAS,1,EPSG:32717,Procesamiento final; consultar trazabilidad,"ESCENARIO, RADIO_M, METODO"
BRECHA_MACAJI_FINAL,12_BRECHAS,5,EPSG:32717,Procesamiento final; consultar trazabilidad,"ID, LONGITUD_M, INICIO_X, INICIO_Y, FIN_X, FIN_Y, CAMARA_MAS_CERCANA, DIST_CAMARA_M, METODO_DIST"
CUBIERTO_MACAJI_FINAL,07_CORREDORES,33,EPSG:32717,Procesamiento final; consultar trazabilidad,"CORREDOR, ESTADO"
BRECHA_ANILLO_FINAL,12_BRECHAS,22,EPSG:32717,Procesamiento final; consultar trazabilidad,"ID, LONGITUD_M, INICIO_X, INICIO_Y, FIN_X, FIN_Y, CAMARA_MAS_CERCANA, DIST_CAMARA_M, METODO_DIST"
CUBIERTO_ANILLO_FINAL,07_CORREDORES,38,EPSG:32717,Procesamiento final; consultar trazabilidad,"CORREDOR, ESTADO"
BRECHA_CICLOVIAS_FINAL,12_BRECHAS,21,EPSG:32717,Procesamiento final; consultar trazabilidad,"ID, LONGITUD_M, INICIO_X, INICIO_Y, FIN_X, FIN_Y, CAMARA_MAS_CERCANA, DIST_CAMARA_M, METODO_DIST"
CUBIERTO_CICLOVIAS_FINAL,07_CORREDORES,29,EPSG:32717,Procesamiento final; consultar trazabilidad,"CORREDOR, ESTADO"
BRECHA_LAS_ABRAS_FINAL,12_BRECHAS,57,EPSG:32717,Procesamiento final; consultar trazabilidad,"ID, LONGITUD_M, INICIO_X, INICIO_Y, FIN_X, FIN_Y, CAMARA_MAS_CERCANA, DIST_CAMARA_M, METODO_DIST"
CUBIERTO_LAS_ABRAS_FINAL,07_CORREDORES,26,EPSG:32717,Procesamiento final; consultar trazabilidad,"CORREDOR, ESTADO"
POLICIA_CAMBIOS_FINAL,13_AUDITORIA,1,No aplica; tabla,Calculos finales,"ID_ANTERIOR, ID_FINAL, CANDIDATO_ANTERIOR, CANDIDATO_FINAL, UBICACION_ANTERIOR, UBICACION_FINAL, MOTIVO, DV_NUEVOS_ANTES, DV_NUEVOS_DESPUES, SOLAPE_ANTES, SOLAPE_DESPUES, D_ANTES, D_DESPUES, V_ANTES, V_DESPUES"
CAMBIOS_MUNICIPALES,13_AUDITORIA,50,No aplica; tabla,Calculos finales,"ID, GRUPO, POSICION_ANTERIOR, POSICION_FINAL, DISTANCIA_MOVIMIENTO_M, CAMBIO, MOTIVO, COBERTURA_ANTES_ANILLO_VIAL_M, COBERTURA_ANTES_CICLOVIAS_M, COBERTURA_ANTES_BOULEVARD_MACAJI_BELLAVISTA_M, COBERTURA_ANTES_QUEBRADA_LAS_ABRAS_M, COBERTURA_DESPUES_ANILLO_VIAL_M, COBERTURA_DESPUES_CICLOVIAS_M, COBERTURA_DESPUES_BOULEVARD_MACAJI_BELLAVISTA_M, COBERTURA_DESPUES_QUEBRADA_LAS_ABRAS_M"
POLICIA_COMPARACION_ALTERNATIVAS,13_AUDITORIA,48,No aplica; tabla,Calculos finales,"ID_CANDIDATO, X, Y, AMBITO_HOTSPOT, NIVEL_DEL, NIVEL_VIOL, COINCIDENCIA_DV, NIVEL_DEL_RESIDUAL, NIVEL_VIOL_RESIDUAL, NIVEL_DV_RESIDUAL, EVENTOS_D_NUEVOS, EVENTOS_V_NUEVOS, EVENTOS_DV_NUEVOS, EVENTOS_C_NUEVOS, AREA_HOTSPOT_D_NUEVA_M2, AREA_HOTSPOT_V_NUEVA_M2, COINCIDENCIA_DV_RESIDUAL_M2, ESTADO_HOTSPOT_DV_PREVIO, SOLAPE_PREVIO_PCT, DIST_EXISTENTE_M, DIST_MUNICIPAL_M, DIST_POLICIA_M, UPC_CERCANA, NOMBRE_UPC, DIST_UPC_M, INTERSECCION_O_NODO, GRADO_NODO, ID_POLICIA, OPCION, ORDEN, POBLACION_ASOCIADA, CORREDOR_COINCIDENTE, PREFERIBLE"
POLICIA_BENEFICIO_FINAL,13_AUDITORIA,30,No aplica; tabla,Calculos finales,"ID_CANDIDATO, X, Y, AMBITO_HOTSPOT, NIVEL_DEL, NIVEL_VIOL, COINCIDENCIA_DV, NIVEL_DEL_RESIDUAL, NIVEL_VIOL_RESIDUAL, NIVEL_DV_RESIDUAL, EVENTOS_D_NUEVOS, EVENTOS_V_NUEVOS, EVENTOS_DV_NUEVOS, EVENTOS_C_NUEVOS, AREA_HOTSPOT_D_NUEVA_M2, AREA_HOTSPOT_V_NUEVA_M2, COINCIDENCIA_DV_RESIDUAL_M2, ESTADO_HOTSPOT_DV_PREVIO, SOLAPE_PREVIO_PCT, DIST_EXISTENTE_M, DIST_MUNICIPAL_M, DIST_POLICIA_M, UPC_CERCANA, NOMBRE_UPC, DIST_UPC_M, INTERSECCION_O_NODO, GRADO_NODO, ID_POLICIA, DV_ANTERIOR, SOLAPE_ANTERIOR, DECISION"
POLICIA_DECISIONES,13_AUDITORIA,8,No aplica; tabla,Calculos finales,"ID, DECISION, PERDIDA_VERIFICADA, DV_BASELINE, DV_ACTUAL, DV_PROPUESTO, MOTIVO"
LAS_ABRAS_CONTROL,13_AUDITORIA,4,No aplica; tabla,Calculos finales,"ID, DECISION, X, Y, EJE_MAATE_DIST_M, MAATE_CUBIERTO_M, MAATE_EXCLUSIVO_M, POBLACION_ASOCIADA, CUNDUANA_PUNTOS_200M, MOTIVO"
COBERTURA_TERRITORIAL,14_DIAGNOSTICO_FINAL,5,No aplica; tabla,Calculos finales,"ESCENARIO, AREA_TOTAL_URBANA_KM2, AREA_CUBIERTA_URBANA_KM2, PCT_URBANO, AREA_TOTAL_CANTON_KM2, AREA_CUBIERTA_CANTON_KM2, PCT_CANTON, BUFFER_DISUELTO_KM2"
COBERTURA_POBLACIONAL,14_DIAGNOSTICO_FINAL,5,No aplica; tabla,Calculos finales,"ESCENARIO, POBLACION_ANALIZADA, POBLACION_CUBIERTA, POBLACION_NO_CUBIERTA, PCT_CUBIERTO, MANZANAS_VALIDAS, MANZANAS_SIN_POBLACION, AMBITO"
INCIDENTES_CUBIERTOS,14_DIAGNOSTICO_FINAL,75,No aplica; tabla,Calculos finales,"ESCENARIO, AMBITO, CATEGORIA, TOTAL, CUBIERTOS, NO_CUBIERTOS, PCT_CUBIERTO"
HOTSPOTS_ATENDIDOS,14_DIAGNOSTICO_FINAL,90,No aplica; tabla,Calculos finales,"ESCENARIO, AMBITO, CATEGORIA, NIVEL, TOTAL, CUBIERTO, PARCIAL, SIN_COBERTURA, CON_ALGUNA_COBERTURA, AREA_TOTAL_M2, AREA_CUBIERTA_M2, PCT_AREA_CUBIERTA"
CORREDORES_CUBIERTOS,14_DIAGNOSTICO_FINAL,20,No aplica; tabla,Calculos finales,"ESCENARIO, CORREDOR, TOTAL_M, CUBIERTO_M, NO_CUBIERTO_M, PCT_CUBIERTO"
SEGMENTOS_SIN_COBERTURA,14_DIAGNOSTICO_FINAL,105,No aplica; tabla,Calculos finales,"ID, LONGITUD_M, INICIO_X, INICIO_Y, FIN_X, FIN_Y, CAMARA_MAS_CERCANA, DIST_CAMARA_M, METODO_DIST, CORREDOR"
INDICADORES_103_153_183,14_DIAGNOSTICO_FINAL,19,No aplica; tabla,Calculos finales,"INDICADOR, 103, 153, 183"
RED_VIAL_CONTEXTO,14_DIAGNOSTICO_FINAL,9628,EPSG:32717,D:/codex/riobamba_matrix_review_20260921/cartografia_base/RIOBAMBA_Cartografia Base.gdb:Vialidad_urbana,"Join_Count, TARGET_FID, OBJECTID_1, NOMBRE, DISTANCIA, ACC, RDT, RST, RTT, WTC, LOC, LTN, MED, TUC, RCD, Shape_Leng, Capa_Rodad, ESTADO, TIPOLOGIA_, OBJECTID_12, ACC_1, RDT_1, RST_1, RTT_1, WTC_1, LOC_1, LTN_1, MED_1, TUC_1, TXT, Shape_Length"
LAS_ABRAS_ALTERNATIVAS_FINAL,13_AUDITORIA,24,No aplica; tabla,37 nodos MAATE aceptados; revision en contexto153final,"ID_CANDIDATO, X, Y, DIMENSIONES_CON_EVIDENCIA, MAATE_EXCLUSIVO_M, N_PUNTOS_CUNDUANA, LIMPIEZA_EXCLUSIVA_M, N_JOSE_MARTI, AREA_PROTECCION_M2, HOTSPOT_DV_COMPLEMENTARIO, D_NUEVOS, V_NUEVOS, C_NUEVOS, POBLACION_ASOCIADA, SOLAPE_PCT, DIST_CUNDUANA_M, DIST_LIMPIEZA_M, ID_PROPUESTA, OPCION, ORDEN, MEJORA_CLARA"
COBERTURA_MUNICIPAL_200M,04_COBERTURAS,1,EPSG:32717,Geometrias finales; presentacion por grupo sin cambiar union oficial,"RADIO_M, N_CAMARAS, METODO"
COBERTURA_POLICIA_200M,04_COBERTURAS,1,EPSG:32717,Geometrias finales; presentacion por grupo sin cambiar union oficial,"RADIO_M, N_CAMARAS, METODO"
