ESCENARIO,CORREDOR,TOTAL_M,CUBIERTO_M,NO_CUBIERTO_M,PCT_CUBIERTO
A,ANILLO_VIAL,13126.59872086241,4183.137859714145,8943.460861148265,31.867644838306713
A,CICLOVIAS,10976.048863871163,5421.095873001683,5554.95299086948,49.390230858444866
A,BOULEVARD_MACAJI_BELLAVISTA,9541.69848695055,6121.334693603438,3420.3637933471127,64.15351210243247
A,QUEBRADA_LAS_ABRAS,5214.567891193728,311.51053380202177,4903.057357391706,5.973851339208669
B,ANILLO_VIAL,13126.59872086241,11492.51688009964,1634.0818407627703,87.55136897598854
B,CICLOVIAS,10976.048863871163,6194.397145726715,4781.651718144448,56.43558280900366
B,BOULEVARD_MACAJI_BELLAVISTA,9541.69848695055,9360.625219715765,181.07326723478582,98.10229523095468
B,QUEBRADA_LAS_ABRAS,5214.567891193728,1816.4019792848408,3398.1659119088877,34.83322141327086
C,ANILLO_VIAL,13126.59872086241,11624.972208830863,1501.6265120315475,88.56042952204385
C,CICLOVIAS,10976.048863871163,6763.636078747881,4212.412785123282,61.62177448946234
C,BOULEVARD_MACAJI_BELLAVISTA,9541.69848695055,9394.854430957312,146.84405599323873,98.4610281262391
C,QUEBRADA_LAS_ABRAS,5214.567891193728,1816.4019792848408,3398.1659119088877,34.83322141327086
B_ANTERIOR,ANILLO_VIAL,13126.59872086241,10055.510651485243,3071.088069377167,76.60408355062904
B_ANTERIOR,CICLOVIAS,10976.048863871163,9513.787962215441,1462.2609016557217,86.67771144433486
B_ANTERIOR,BOULEVARD_MACAJI_BELLAVISTA,9541.69848695055,8772.342959767479,769.3555271830719,91.93691219403694
B_ANTERIOR,QUEBRADA_LAS_ABRAS,5214.567891193728,1816.4019792848408,3398.1659119088877,34.83322141327086
C_ANTERIOR,ANILLO_VIAL,13126.59872086241,10399.950804796208,2726.647916066202,79.2280698599198
C_ANTERIOR,CICLOVIAS,10976.048863871163,9778.956430454193,1197.0924334169704,89.09359416795849
C_ANTERIOR,BOULEVARD_MACAJI_BELLAVISTA,9541.69848695055,9001.458827606115,540.2396593444355,94.33811852173615
C_ANTERIOR,QUEBRADA_LAS_ABRAS,5214.567891193728,1816.4019792848408,3398.1659119088877,34.83322141327086
