ESCENARIO,AMBITO,CATEGORIA,NIVEL,TOTAL,CUBIERTO,PARCIAL,SIN_COBERTURA,CON_ALGUNA_COBERTURA,AREA_TOTAL_M2,AREA_CUBIERTA_M2,PCT_AREA_CUBIERTA
A,URBANO,DELINCUENCIA,99,189,126,54,9,180,1856618.8575935718,1609060.2704062886,86.66616003738362
A,URBANO,DELINCUENCIA,95,66,22,29,15,51,650157.1795304824,378208.64932022936,58.17187923593439
A,URBANO,DELINCUENCIA,90,40,11,22,7,33,399471.17125123466,235015.84761201014,58.83174169387167
A,URBANO,VIOLENCIA,99,178,90,55,33,145,1732201.011011699,1155816.2200872349,66.72529416272397
A,URBANO,VIOLENCIA,95,130,37,52,41,89,1286674.4853966543,624886.9079278068,48.56604487149425
A,URBANO,VIOLENCIA,90,75,20,23,32,43,724204.1802796505,293232.18465095956,40.4902640216366
A,URBANO,CONVIVENCIA,99,204,101,81,22,182,2039999.995241808,1471130.1837257477,72.11422486064123
A,URBANO,CONVIVENCIA,95,71,38,21,12,59,708199.5421653586,511061.193961753,72.16344596879512
A,URBANO,CONVIVENCIA,90,50,22,18,10,40,490206.2442608404,319977.63087278977,65.27408302504784
A,RURAL,DELINCUENCIA,99,46,0,5,41,5,36042108.06812812,336365.3755886876,0.9332566645460287
A,RURAL,DELINCUENCIA,95,5,0,0,5,0,1434609.1962777176,0.0,0.0
A,RURAL,DELINCUENCIA,90,4,0,0,4,0,2870061.3983910643,0.0,0.0
A,RURAL,VIOLENCIA,99,43,0,4,39,4,30728040.674263027,219352.37756738314,0.7138508435752844
A,RURAL,VIOLENCIA,95,4,0,0,4,0,3333417.3897050447,0.0,0.0
A,RURAL,VIOLENCIA,90,5,0,1,4,1,4598947.1770236455,117012.99802130446,2.5443431619719785
A,RURAL,CONVIVENCIA,99,49,0,6,43,6,38397180.65164772,345003.4676046072,0.8985124994842616
A,RURAL,CONVIVENCIA,95,5,0,0,5,0,2415339.2756106257,0.0,0.0
A,RURAL,CONVIVENCIA,90,3,0,0,3,0,2052051.1004777215,0.0,0.0
B,URBANO,DELINCUENCIA,99,189,128,54,7,182,1856618.8575935718,1638233.7399196122,88.2374825193246
B,URBANO,DELINCUENCIA,95,66,27,26,13,53,650157.1795304824,404370.6771313681,62.19583354034304
B,URBANO,DELINCUENCIA,90,40,16,19,5,35,399471.17125123466,277421.7822460183,69.44725983030767
B,URBANO,VIOLENCIA,99,178,103,50,25,153,1732201.011011699,1297286.2107226665,74.89235963238362
B,URBANO,VIOLENCIA,95,130,47,63,20,110,1286674.4853966543,798198.0123320011,62.0357379734575
B,URBANO,VIOLENCIA,90,75,26,27,22,53,724204.1802796505,413246.28693103965,57.06212394016631
B,URBANO,CONVIVENCIA,99,204,110,76,18,186,2039999.995241808,1537779.120737876,75.38132962375806
B,URBANO,CONVIVENCIA,95,71,43,21,7,64,708199.5421653586,565740.7130925963,79.88436583322454
B,URBANO,CONVIVENCIA,90,50,26,19,5,45,490206.2442608404,370566.2576680412,75.59394887488655
B,RURAL,DELINCUENCIA,99,46,0,14,32,14,36042108.06812812,1080332.1490095141,2.9974166521209877
B,RURAL,DELINCUENCIA,95,5,0,0,5,0,1434609.1962777176,0.0,0.0
B,RURAL,DELINCUENCIA,90,4,0,0,4,0,2870061.3983910643,0.0,0.0
B,RURAL,VIOLENCIA,99,43,0,11,32,11,30728040.674263027,752434.198325037,2.448689151063431
B,RURAL,VIOLENCIA,95,4,0,0,4,0,3333417.3897050447,0.0,0.0
B,RURAL,VIOLENCIA,90,5,0,3,2,3,4598947.1770236455,327897.95068447705,7.129848160088819
B,RURAL,CONVIVENCIA,99,49,0,15,34,15,38397180.65164772,1102782.0742775898,2.8720391850703932
B,RURAL,CONVIVENCIA,95,5,0,0,5,0,2415339.2756106257,0.0,0.0
B,RURAL,CONVIVENCIA,90,3,0,0,3,0,2052051.1004777215,0.0,0.0
C,URBANO,DELINCUENCIA,99,189,158,30,1,188,1856618.8575935718,1783035.9945921875,96.03672758679411
C,URBANO,DELINCUENCIA,95,66,45,18,3,63,650157.1795304824,570398.6108717073,87.73241745690272
C,URBANO,DELINCUENCIA,90,40,31,6,3,37,399471.17125123466,349012.050124157,87.36851999381378
C,URBANO,VIOLENCIA,99,178,136,26,16,162,1732201.011011699,1510506.5804372833,87.20157596231086
C,URBANO,VIOLENCIA,95,130,85,35,10,120,1286674.4853966543,1047635.3687215613,81.42194320411954
C,URBANO,VIOLENCIA,90,75,43,21,11,64,724204.1802796505,558281.2332963827,77.08892719741043
C,URBANO,CONVIVENCIA,99,204,153,50,1,203,2039999.995241808,1889264.850315372,92.61102229029325
C,URBANO,CONVIVENCIA,95,71,57,9,5,66,708199.5421653586,634971.3416269462,89.65994805439819
C,URBANO,CONVIVENCIA,90,50,34,14,2,48,490206.2442608404,413637.149349641,84.38022856549809
C,RURAL,DELINCUENCIA,99,46,0,14,32,14,36042108.06812812,1128000.7440540397,3.129674718032173
C,RURAL,DELINCUENCIA,95,5,0,0,5,0,1434609.1962777176,0.0,0.0
C,RURAL,DELINCUENCIA,90,4,0,0,4,0,2870061.3983910643,0.0,0.0
C,RURAL,VIOLENCIA,99,43,0,11,32,11,30728040.674263027,800102.7933695626,2.6038197548980304
C,RURAL,VIOLENCIA,95,4,0,0,4,0,3333417.3897050447,0.0,0.0
C,RURAL,VIOLENCIA,90,5,0,3,2,3,4598947.1770236455,327897.95068447705,7.129848160088819
C,RURAL,CONVIVENCIA,99,49,0,15,34,15,38397180.65164772,1150450.6693221154,2.9961852662032538
C,RURAL,CONVIVENCIA,95,5,0,0,5,0,2415339.2756106257,0.0,0.0
C,RURAL,CONVIVENCIA,90,3,0,0,3,0,2052051.1004777215,0.0,0.0
B_ANTERIOR,URBANO,DELINCUENCIA,99,189,126,55,8,181,1856618.8575935718,1621181.936104959,87.31904932853206
B_ANTERIOR,URBANO,DELINCUENCIA,95,66,25,28,13,53,650157.1795304824,409772.49924760754,63.02668218530308
B_ANTERIOR,URBANO,DELINCUENCIA,90,40,13,22,5,35,399471.17125123466,279155.81012963847,69.88134068730389
B_ANTERIOR,URBANO,VIOLENCIA,99,178,93,57,28,150,1732201.011011699,1222020.3193669585,70.54725817607233
B_ANTERIOR,URBANO,VIOLENCIA,95,130,44,58,28,102,1286674.4853966543,730863.8714364154,56.802546388498996
B_ANTERIOR,URBANO,VIOLENCIA,90,75,25,29,21,54,724204.1802796505,395852.33704220597,54.66032202263015
B_ANTERIOR,URBANO,CONVIVENCIA,99,204,107,79,18,186,2039999.995241808,1523699.0867417585,74.6911318772405
B_ANTERIOR,URBANO,CONVIVENCIA,95,71,39,26,6,65,708199.5421653586,568746.8692851238,80.30884453075885
B_ANTERIOR,URBANO,CONVIVENCIA,90,50,25,20,5,45,490206.2442608404,364189.5986902283,74.29313742002066
B_ANTERIOR,RURAL,DELINCUENCIA,99,46,0,12,34,12,36042108.06812812,1076095.4196818308,2.9856617089315525
B_ANTERIOR,RURAL,DELINCUENCIA,95,5,0,0,5,0,1434609.1962777176,0.0,0.0
B_ANTERIOR,RURAL,DELINCUENCIA,90,4,0,0,4,0,2870061.3983910643,0.0,0.0
B_ANTERIOR,RURAL,VIOLENCIA,99,43,0,9,34,9,30728040.674263027,748197.4689973537,2.434901323285554
B_ANTERIOR,RURAL,VIOLENCIA,95,4,0,0,4,0,3333417.3897050447,0.0,0.0
B_ANTERIOR,RURAL,VIOLENCIA,90,5,0,3,2,3,4598947.1770236455,327897.95068447705,7.129848160088819
B_ANTERIOR,RURAL,CONVIVENCIA,99,49,0,13,36,13,38397180.65164772,1098545.3449499065,2.8610052256604033
B_ANTERIOR,RURAL,CONVIVENCIA,95,5,0,0,5,0,2415339.2756106257,0.0,0.0
B_ANTERIOR,RURAL,CONVIVENCIA,90,3,0,0,3,0,2052051.1004777215,0.0,0.0
C_ANTERIOR,URBANO,DELINCUENCIA,99,189,155,33,1,188,1856618.8575935718,1777358.2293171547,95.73091547830397
C_ANTERIOR,URBANO,DELINCUENCIA,95,66,46,17,3,63,650157.1795304824,573316.5749766282,88.18122648290289
C_ANTERIOR,URBANO,DELINCUENCIA,90,40,31,6,3,37,399471.17125123466,349012.050124157,87.36851999381378
C_ANTERIOR,URBANO,VIOLENCIA,99,178,135,27,16,162,1732201.011011699,1504204.4630863357,86.83775459799547
C_ANTERIOR,URBANO,VIOLENCIA,95,130,81,35,14,116,1286674.4853966543,1012416.4661742313,78.68473943214354
C_ANTERIOR,URBANO,VIOLENCIA,90,75,43,23,9,66,724204.1802796505,564922.7909243703,78.0060107780966
C_ANTERIOR,URBANO,CONVIVENCIA,99,204,151,52,1,203,2039999.995241808,1869841.7732880544,91.65891066908634
C_ANTERIOR,URBANO,CONVIVENCIA,95,71,55,12,4,67,708199.5421653586,639250.1308978581,90.26412654028498
C_ANTERIOR,URBANO,CONVIVENCIA,90,50,34,15,1,49,490206.2442608404,416772.0692567929,85.01973896420361
C_ANTERIOR,RURAL,DELINCUENCIA,99,46,0,12,34,12,36042108.06812812,1123764.0147263564,3.1179197748427376
C_ANTERIOR,RURAL,DELINCUENCIA,95,5,0,0,5,0,1434609.1962777176,0.0,0.0
C_ANTERIOR,RURAL,DELINCUENCIA,90,4,0,0,4,0,2870061.3983910643,0.0,0.0
C_ANTERIOR,RURAL,VIOLENCIA,99,43,0,9,34,9,30728040.674263027,795866.0640418794,2.5900319271201537
C_ANTERIOR,RURAL,VIOLENCIA,95,4,0,0,4,0,3333417.3897050447,0.0,0.0
C_ANTERIOR,RURAL,VIOLENCIA,90,5,0,3,2,3,4598947.1770236455,327897.95068447705,7.129848160088819
C_ANTERIOR,RURAL,CONVIVENCIA,99,49,0,13,36,13,38397180.65164772,1146213.9399944323,2.9851513067932647
C_ANTERIOR,RURAL,CONVIVENCIA,95,5,0,0,5,0,2415339.2756106257,0.0,0.0
C_ANTERIOR,RURAL,CONVIVENCIA,90,3,0,0,3,0,2052051.1004777215,0.0,0.0
