ESCENARIO,AMBITO,CATEGORIA,TOTAL,CUBIERTOS,NO_CUBIERTOS,PCT_CUBIERTO
A,BASE_COMPLETA,DELINCUENCIA,2533,1138,1395,44.926964074220294
A,BASE_COMPLETA,VIOLENCIA,1590,518,1072,32.57861635220126
A,BASE_COMPLETA,CONVIVENCIA,7027,3328,3699,47.36018215454675
A,CANTONAL,DELINCUENCIA,2531,1138,1393,44.96246542868431
A,CANTONAL,VIOLENCIA,1589,518,1071,32.59911894273128
A,CANTONAL,CONVIVENCIA,7022,3328,3694,47.39390487040729
A,URBANO,DELINCUENCIA,2229,1134,1095,50.87483176312248
A,URBANO,VIOLENCIA,1268,506,762,39.905362776025235
A,URBANO,CONVIVENCIA,6418,3313,3105,51.62044250545341
A,RESTO_CANTON,DELINCUENCIA,302,4,298,1.3245033112582782
A,RESTO_CANTON,VIOLENCIA,321,12,309,3.7383177570093458
A,RESTO_CANTON,CONVIVENCIA,604,15,589,2.4834437086092715
A,EXTERNO_CANTON,DELINCUENCIA,2,0,2,0.0
A,EXTERNO_CANTON,VIOLENCIA,1,0,1,0.0
A,EXTERNO_CANTON,CONVIVENCIA,5,0,5,0.0
B,BASE_COMPLETA,DELINCUENCIA,2533,1420,1113,56.06000789577576
B,BASE_COMPLETA,VIOLENCIA,1590,730,860,45.911949685534594
B,BASE_COMPLETA,CONVIVENCIA,7027,4026,3001,57.29329728191262
B,CANTONAL,DELINCUENCIA,2531,1420,1111,56.10430659818254
B,CANTONAL,VIOLENCIA,1589,730,859,45.94084329767149
B,CANTONAL,CONVIVENCIA,7022,4026,2996,57.33409285103959
B,URBANO,DELINCUENCIA,2229,1346,883,60.38582323912068
B,URBANO,VIOLENCIA,1268,647,621,51.02523659305994
B,URBANO,CONVIVENCIA,6418,3867,2551,60.25241508258024
B,RESTO_CANTON,DELINCUENCIA,302,74,228,24.503311258278146
B,RESTO_CANTON,VIOLENCIA,321,83,238,25.856697819314643
B,RESTO_CANTON,CONVIVENCIA,604,159,445,26.32450331125828
B,EXTERNO_CANTON,DELINCUENCIA,2,0,2,0.0
B,EXTERNO_CANTON,VIOLENCIA,1,0,1,0.0
B,EXTERNO_CANTON,CONVIVENCIA,5,0,5,0.0
C,BASE_COMPLETA,DELINCUENCIA,2533,1702,831,67.19305171733123
C,BASE_COMPLETA,VIOLENCIA,1590,918,672,57.735849056603776
C,BASE_COMPLETA,CONVIVENCIA,7027,4921,2106,70.02988473032589
C,CANTONAL,DELINCUENCIA,2531,1702,829,67.24614776768075
C,CANTONAL,VIOLENCIA,1589,918,671,57.77218376337319
C,CANTONAL,CONVIVENCIA,7022,4921,2101,70.07974935915693
C,URBANO,DELINCUENCIA,2229,1624,605,72.85778375953342
C,URBANO,VIOLENCIA,1268,833,435,65.69400630914826
C,URBANO,CONVIVENCIA,6418,4760,1658,74.16640698036771
C,RESTO_CANTON,DELINCUENCIA,302,78,224,25.827814569536425
C,RESTO_CANTON,VIOLENCIA,321,85,236,26.4797507788162
C,RESTO_CANTON,CONVIVENCIA,604,161,443,26.655629139072847
C,EXTERNO_CANTON,DELINCUENCIA,2,0,2,0.0
C,EXTERNO_CANTON,VIOLENCIA,1,0,1,0.0
C,EXTERNO_CANTON,CONVIVENCIA,5,0,5,0.0
B_ANTERIOR,BASE_COMPLETA,DELINCUENCIA,2533,1405,1128,55.46782471377813
B_ANTERIOR,BASE_COMPLETA,VIOLENCIA,1590,718,872,45.15723270440252
B_ANTERIOR,BASE_COMPLETA,CONVIVENCIA,7027,4061,2966,57.791376120677384
B_ANTERIOR,CANTONAL,DELINCUENCIA,2531,1405,1126,55.5116554721454
B_ANTERIOR,CANTONAL,VIOLENCIA,1589,718,871,45.185651353052236
B_ANTERIOR,CANTONAL,CONVIVENCIA,7022,4061,2961,57.83252634577043
B_ANTERIOR,URBANO,DELINCUENCIA,2229,1326,903,59.4885598923284
B_ANTERIOR,URBANO,VIOLENCIA,1268,634,634,50.0
B_ANTERIOR,URBANO,CONVIVENCIA,6418,3880,2538,60.45497039576192
B_ANTERIOR,RESTO_CANTON,DELINCUENCIA,302,79,223,26.158940397350992
B_ANTERIOR,RESTO_CANTON,VIOLENCIA,321,84,237,26.16822429906542
B_ANTERIOR,RESTO_CANTON,CONVIVENCIA,604,181,423,29.966887417218544
B_ANTERIOR,EXTERNO_CANTON,DELINCUENCIA,2,0,2,0.0
B_ANTERIOR,EXTERNO_CANTON,VIOLENCIA,1,0,1,0.0
B_ANTERIOR,EXTERNO_CANTON,CONVIVENCIA,5,0,5,0.0
C_ANTERIOR,BASE_COMPLETA,DELINCUENCIA,2533,1700,833,67.11409395973155
C_ANTERIOR,BASE_COMPLETA,VIOLENCIA,1590,915,675,57.54716981132076
C_ANTERIOR,BASE_COMPLETA,CONVIVENCIA,7027,4979,2048,70.85527252027893
C_ANTERIOR,CANTONAL,DELINCUENCIA,2531,1700,831,67.16712761754248
C_ANTERIOR,CANTONAL,VIOLENCIA,1589,915,674,57.583385777218375
C_ANTERIOR,CANTONAL,CONVIVENCIA,7022,4979,2043,70.9057248647109
C_ANTERIOR,URBANO,DELINCUENCIA,2229,1617,612,72.54374158815612
C_ANTERIOR,URBANO,VIOLENCIA,1268,829,439,65.37854889589906
C_ANTERIOR,URBANO,CONVIVENCIA,6418,4796,1622,74.72732938610159
C_ANTERIOR,RESTO_CANTON,DELINCUENCIA,302,83,219,27.483443708609272
C_ANTERIOR,RESTO_CANTON,VIOLENCIA,321,86,235,26.79127725856698
C_ANTERIOR,RESTO_CANTON,CONVIVENCIA,604,183,421,30.29801324503311
C_ANTERIOR,EXTERNO_CANTON,DELINCUENCIA,2,0,2,0.0
C_ANTERIOR,EXTERNO_CANTON,VIOLENCIA,1,0,1,0.0
C_ANTERIOR,EXTERNO_CANTON,CONVIVENCIA,5,0,5,0.0
