INDICADOR,103,153,183
Territorio urbano potencialmente cubierto (%),25.078238530084363,34.83389798763769,41.15588116194394
Territorio cantonal potencialmente cubierto (%),0.9166303096440646,1.464681193690493,1.6549399981677113
Poblacion urbana estimada cubierta (%),33.210812156175976,44.94297515060753,55.23994886083163
DELINCUENCIA eventos cantonales cubiertos (%),44.96246542868431,56.10430659818254,67.24614776768075
DELINCUENCIA Hot Spots CUBIERTO,159,171,234
DELINCUENCIA Hot Spots PARCIAL,110,113,68
DELINCUENCIA Hot Spots SIN_COBERTURA,81,66,48
VIOLENCIA eventos cantonales cubiertos (%),32.59911894273128,45.94084329767149,57.77218376337319
VIOLENCIA Hot Spots CUBIERTO,147,176,264
VIOLENCIA Hot Spots PARCIAL,135,154,96
VIOLENCIA Hot Spots SIN_COBERTURA,153,105,75
CONVIVENCIA eventos cantonales cubiertos (%),47.39390487040729,57.33409285103959,70.07974935915693
CONVIVENCIA Hot Spots CUBIERTO,161,179,244
CONVIVENCIA Hot Spots PARCIAL,126,131,88
CONVIVENCIA Hot Spots SIN_COBERTURA,95,72,50
ANILLO_VIAL (%),31.867644838306713,87.55136897598854,88.56042952204385
CICLOVIAS (%),49.390230858444866,56.43558280900366,61.62177448946234
BOULEVARD_MACAJI_BELLAVISTA (%),64.15351210243247,98.10229523095468,98.4610281262391
QUEBRADA_LAS_ABRAS (%),5.973851339208669,34.83322141327086,34.83322141327086
