ID_CANDIDATO,X,Y,DIMENSIONES_CON_EVIDENCIA,MAATE_EXCLUSIVO_M,N_PUNTOS_CUNDUANA,LIMPIEZA_EXCLUSIVA_M,N_JOSE_MARTI,AREA_PROTECCION_M2,HOTSPOT_DV_COMPLEMENTARIO,D_NUEVOS,V_NUEVOS,C_NUEVOS,POBLACION_ASOCIADA,SOLAPE_PCT,DIST_CUNDUANA_M,DIST_LIMPIEZA_M,ID_PROPUESTA,OPCION,ORDEN,MEJORA_CLARA
MAATE-NODO-025,758998.7175252293,9818694.39993045,5,304.4997255743099,0,0.0,15,10176.502064780927,False,1,1,0,275.47877119096455,0.0,3254.9339888197014,3155.037688009358,MUN-023,ACTUAL,0,
MAATE-NODO-025,758998.7175252293,9818694.39993045,5,304.4997255743099,0,0.0,15,10176.502064780927,False,1,1,0,275.47877119096455,0.0,3254.9339888197014,3155.037688009358,MUN-023,ALTERNATIVA,1,False
MAATE-NODO-026,759037.9315822296,9818652.533308482,5,291.15000151583024,0,0.0,16,9206.319729461733,False,1,1,0,441.3371768034563,1.6809242852227428,3274.9128347020246,3176.385805833304,MUN-023,ALTERNATIVA,2,False
MAATE-NODO-027,759227.9230947576,9818716.167945124,5,145.23422150413717,0,0.0,31,9301.537322716476,False,5,2,2,630.1417429324675,45.24738221597828,3474.872453971152,3376.6017306980284,MUN-023,ALTERNATIVA,3,False
MAATE-NODO-028,759251.5069390003,9818721.426506296,5,111.27224389227314,0,0.0,28,9121.791911982698,False,5,2,2,599.1200437998339,52.20808496481811,3498.7072733593104,3400.5258654893114,MUN-023,ALTERNATIVA,4,False
MAATE-NODO-029,759320.1375836041,9818735.320075447,5,90.74226339113116,0,0.0,21,8634.66817670589,False,5,2,2,474.6488284103541,73.29996982022104,3567.5701506701485,3469.6736860106016,MUN-023,ALTERNATIVA,5,False
MAATE-NODO-001,758067.4395955483,9819999.417009573,4,362.2748330627863,0,0.0,0,4696.05200423919,False,0,0,2,76.06186292136142,0.0,3307.9169266561607,3181.1518983185733,MUN-024,ACTUAL,0,
MAATE-NODO-027,759227.9230947576,9818716.167945124,5,8.572958156006809,0,0.0,31,9301.537322716476,False,5,2,2,630.1417429324675,76.23407153431036,3474.872453971152,3376.6017306980284,MUN-024,ALTERNATIVA,1,False
MAATE-NODO-028,759251.5069390003,9818721.426506296,5,8.572958156006809,0,0.0,28,9121.791911982698,False,5,2,2,599.1200437998339,77.1193374151352,3498.7072733593104,3400.5258654893114,MUN-024,ALTERNATIVA,2,False
MAATE-NODO-029,759320.1375836041,9818735.320075447,5,8.572958156006809,0,0.0,21,8634.66817670589,False,5,2,2,474.6488284103541,82.94769846101993,3567.5701506701485,3469.6736860106016,MUN-024,ALTERNATIVA,3,False
MAATE-NODO-033,759509.2693978329,9818736.287761448,4,74.81756396051709,0,0.0,11,8568.126185569117,False,0,0,0,192.77439342366696,67.05355588799578,3744.1948984318387,3647.8387398197497,MUN-024,ALTERNATIVA,4,False
MAATE-NODO-032,759478.4913308776,9818736.67819807,4,48.334373799990125,0,0.0,13,8672.574687445242,False,0,0,0,230.8091159271624,76.60123881494259,3715.5636642405443,3618.9529328908766,MUN-024,ALTERNATIVA,5,False
MAATE-NODO-014,758345.1972884506,9819558.71019032,4,421.3315834624809,0,0.0,0,4599.730071975073,False,0,0,1,78.31938186518049,0.0,3174.411440713312,3052.923334390089,MUN-025,ACTUAL,0,
MAATE-NODO-027,759227.9230947576,9818716.167945124,5,8.572958156006809,0,0.0,31,9301.537322716476,False,5,2,2,630.1417429324675,76.23407153431036,3474.872453971152,3376.6017306980284,MUN-025,ALTERNATIVA,1,False
MAATE-NODO-028,759251.5069390003,9818721.426506296,5,8.572958156006809,0,0.0,28,9121.791911982698,False,5,2,2,599.1200437998339,77.1193374151352,3498.7072733593104,3400.5258654893114,MUN-025,ALTERNATIVA,2,False
MAATE-NODO-029,759320.1375836041,9818735.320075447,5,8.572958156006809,0,0.0,21,8634.66817670589,False,5,2,2,474.6488284103541,82.94769846101993,3567.5701506701485,3469.6736860106016,MUN-025,ALTERNATIVA,3,False
MAATE-NODO-033,759509.2693978329,9818736.287761448,4,74.81756396051709,0,0.0,11,8568.126185569117,False,0,0,0,192.77439342366696,67.05355588799578,3744.1948984318387,3647.8387398197497,MUN-025,ALTERNATIVA,4,False
MAATE-NODO-032,759478.4913308776,9818736.67819807,4,48.334373799990125,0,0.0,13,8672.574687445242,False,0,0,0,230.8091159271624,76.60123881494259,3715.5636642405443,3618.9529328908766,MUN-025,ALTERNATIVA,5,False
MAATE-NODO-030,759404.5858253237,9818738.534777902,5,416.78530338324197,0,0.0,16,8769.002575543354,False,0,1,0,309.9074110241869,0.0,3647.290542238215,3550.035377410959,MUN-026,ACTUAL,0,
MAATE-NODO-030,759404.5858253237,9818738.534777902,5,416.78530338324197,0,0.0,16,8769.002575543354,False,0,1,0,309.9074110241869,0.0,3647.290542238215,3550.035377410959,MUN-026,ALTERNATIVA,1,False
MAATE-NODO-029,759320.1375836041,9818735.320075447,5,341.30328152508207,0,0.0,21,8634.66817670589,False,5,3,2,474.6488284103541,9.647728640798874,3567.5701506701485,3469.6736860106016,MUN-026,ALTERNATIVA,2,False
MAATE-NODO-028,759251.5069390003,9818721.426506296,5,270.11188494184984,0,0.0,28,9121.791911982698,False,5,3,2,599.1200437998339,24.9112524503171,3498.7072733593104,3400.5258654893114,MUN-026,ALTERNATIVA,3,False
MAATE-NODO-027,759227.9230947576,9818716.167945124,5,243.92649991132248,0,0.0,31,9301.537322716476,False,5,3,2,630.1417429324675,30.986689318332093,3474.872453971152,3376.6017306980284,MUN-026,ALTERNATIVA,4,False
MAATE-NODO-031,759445.0380398039,9818739.099963624,4,399.06171109579594,0,0.0,14,8753.0776562997,False,0,0,0,259.1899606902542,0.0,3685.2023188711505,3588.2675839883764,MUN-026,ALTERNATIVA,5,False
