ID_CANDIDATO,X,Y,AMBITO_HOTSPOT,NIVEL_DEL,NIVEL_VIOL,COINCIDENCIA_DV,NIVEL_DEL_RESIDUAL,NIVEL_VIOL_RESIDUAL,NIVEL_DV_RESIDUAL,EVENTOS_D_NUEVOS,EVENTOS_V_NUEVOS,EVENTOS_DV_NUEVOS,EVENTOS_C_NUEVOS,AREA_HOTSPOT_D_NUEVA_M2,AREA_HOTSPOT_V_NUEVA_M2,COINCIDENCIA_DV_RESIDUAL_M2,ESTADO_HOTSPOT_DV_PREVIO,SOLAPE_PREVIO_PCT,DIST_EXISTENTE_M,DIST_MUNICIPAL_M,DIST_POLICIA_M,UPC_CERCANA,NOMBRE_UPC,DIST_UPC_M,INTERSECCION_O_NODO,GRADO_NODO,ID_POLICIA,OPCION,ORDEN,POBLACION_ASOCIADA,CORREDOR_COINCIDENTE,PREFERIBLE
CAND-POL-00639,758421.4444000004,9818048.8456,URBANO,90,95,True,0,0,0,7,5,12,5,0.0,0.0,0.0,SIN REMANENTE D/V,38.19172422165619,402.85886725304323,866.0165441108809,252.26294233992456,I0395,24 DE MAYO,769.4467761383992,INTERSECCION_VIAL_URBANA,4,POL-08,ACTUAL,0,739.0384055066252,,
CAND-POL-02549,762843.6973000001,9815759.7536,URBANO,99,99,True,95,99,95,1,2,3,1,30.608992636082696,866.3707761423336,30.608992636082696,PARCIALMENTE CUBIERTO,86.06846710539277,153.0130708301217,379.33091130113445,197.34707386060805,I0397,LA ESPERANZA,600.6914296742876,INTERSECCION_VIAL_URBANA,4,POL-08,ALTERNATIVA,1,1621.744314162811,ANILLO_VIAL,False
CAND-POL-02581,762884.0049,9815802.0442,URBANO,99,99,True,95,99,95,1,2,3,1,30.608992636082696,309.90710843994,30.608992636082696,PARCIALMENTE CUBIERTO,80.50515810887217,210.7407880582389,395.8713956675976,157.05655040624862,I0397,LA ESPERANZA,583.7033585372226,INTERSECCION_VIAL_URBANA,4,POL-08,ALTERNATIVA,2,1716.4234951788858,ANILLO_VIAL,False
CAND-POL-02542,762839.9680000003,9815684.7286,URBANO,95,99,True,95,99,95,1,2,3,0,25.718032862477187,43.81543844344816,25.718032862477187,PARCIALMENTE CUBIERTO,83.28723935219321,96.04846116934993,420.41326107983195,272.45817533467556,I0397,LA ESPERANZA,667.0208478881332,INTERSECCION_VIAL_URBANA,4,POL-08,ALTERNATIVA,3,1224.7429413756956,ANILLO_VIAL,False
CAND-POL-02577,762879.7056999998,9815726.499,URBANO,99,99,True,95,99,95,1,2,3,1,0.6198151660912643,0.6198151660912643,0.6198151660912643,PARCIALMENTE CUBIERTO,76.29505047154053,152.78045150627307,427.4955177106154,231.34497502645112,I0397,LA ESPERANZA,646.8324459706095,INTERSECCION_VIAL_URBANA,4,POL-08,ALTERNATIVA,4,1365.6457444435823,ANILLO_VIAL,False
CAND-POL-02293,762488.7528999997,9814164.7135,URBANO,99,99,True,99,99,99,1,0,1,0,16051.780544266181,1938.155710432976,1938.155710432976,PARCIALMENTE CUBIERTO,86.98863318572758,74.62984094106002,323.5428889888032,250.04556903195558,I0410,PUCARA 1,518.2367292375015,INTERSECCION_VIAL_URBANA,3,POL-08,ALTERNATIVA,5,977.9757384352015,BOULEVARD_MACAJI_BELLAVISTA,False
CAND-POL-01220,760420.4501,9816184.3041,URBANO,99,99,True,99,99,99,7,3,10,13,21775.943889455615,4918.8735236220045,4918.8735236220045,PARCIALMENTE CUBIERTO,69.50023850515322,211.1096210684201,666.014451129063,653.2050246555515,I0419,TERMINAL TERRESTRE 1,387.44826649761524,INTERSECCION_VIAL_URBANA,3,POL-20,ACTUAL,0,1470.3711104666875,,
CAND-POL-01204,760380.4082000004,9816217.3441,URBANO,99,99,True,99,99,99,7,3,10,13,21542.5171416707,5688.514060965166,5688.514060965166,PARCIALMENTE CUBIERTO,69.3502049969498,159.48941473823956,704.3603329139021,610.7754891408806,I0419,TERMINAL TERRESTRE 1,352.902303205874,INTERSECCION_VIAL_URBANA,3,POL-20,ALTERNATIVA,1,1505.6059319629833,,False
CAND-POL-01214,760410.0800999999,9816211.6536,URBANO,99,99,True,99,99,99,7,3,10,13,20357.63717679719,3980.7623603584125,3980.7623603584125,PARCIALMENTE CUBIERTO,68.93751676128682,184.87174210941302,694.412100173818,640.7154113750681,I0419,TERMINAL TERRESTRE 1,380.95578370870305,INTERSECCION_VIAL_URBANA,3,POL-20,ALTERNATIVA,2,1499.2915776795758,,False
CAND-POL-01238,760471.7407999998,9816136.1052,URBANO,99,99,True,99,99,99,7,3,10,13,18752.409654560117,1895.3392887265063,1895.3392887265063,PARCIALMENTE CUBIERTO,73.97582287437896,173.29945467454908,613.9171804646523,710.3088063655541,I0419,TERMINAL TERRESTRE 1,436.83092213966245,INTERSECCION_VIAL_URBANA,4,POL-20,ALTERNATIVA,3,1312.3076001898417,,False
CAND-POL-01174,760305.2478,9815961.7225,URBANO,99,99,True,99,99,99,5,2,7,5,27805.54247918672,11724.533755033122,11724.533755033122,PARCIALMENTE CUBIERTO,77.07748997175689,127.15847895658445,479.08576629820567,607.0404015722216,I0419,TERMINAL TERRESTRE 1,326.5342405884312,INTERSECCION_VIAL_URBANA,4,POL-20,ALTERNATIVA,4,868.914377258342,,False
CAND-POL-01153,760241.4068,9816016.1268,URBANO,99,99,True,99,99,99,5,2,7,5,27246.52118165776,11724.533755033122,11724.533755033122,PARCIALMENTE CUBIERTO,77.9398256297737,191.52447210743645,515.3875862831699,525.3557024574754,I0419,TERMINAL TERRESTRE 1,243.33540687531072,INTERSECCION_VIAL_URBANA,3,POL-20,ALTERNATIVA,5,801.6564377712045,,False
CAND-POL-00683,758623.7712000003,9818271.9846,URBANO,90,95,True,0,95,0,5,4,9,37,0.0,2242.6592277981244,0.0,SIN REMANENTE D/V,24.672947076824855,322.70928019248765,564.818075313796,301.20947415279204,I0395,24 DE MAYO,1029.0948248011046,INTERSECCION_VIAL_URBANA,3,POL-21,ACTUAL,0,573.320902558617,,
CAND-POL-02549,762843.6973000001,9815759.7536,URBANO,99,99,True,95,99,95,1,2,3,1,30.608992636082696,866.3707761423336,30.608992636082696,PARCIALMENTE CUBIERTO,86.06846710539277,153.0130708301217,379.33091130113445,197.34707386060805,I0397,LA ESPERANZA,600.6914296742876,INTERSECCION_VIAL_URBANA,4,POL-21,ALTERNATIVA,1,1621.744314162811,ANILLO_VIAL,False
CAND-POL-02581,762884.0049,9815802.0442,URBANO,99,99,True,95,99,95,1,2,3,1,30.608992636082696,309.90710843994,30.608992636082696,PARCIALMENTE CUBIERTO,80.50515810887217,210.7407880582389,395.8713956675976,157.05655040624862,I0397,LA ESPERANZA,583.7033585372226,INTERSECCION_VIAL_URBANA,4,POL-21,ALTERNATIVA,2,1716.4234951788858,ANILLO_VIAL,False
CAND-POL-02542,762839.9680000003,9815684.7286,URBANO,95,99,True,95,99,95,1,2,3,0,25.718032862477187,43.81543844344816,25.718032862477187,PARCIALMENTE CUBIERTO,83.28723935219321,96.04846116934993,420.41326107983195,272.45817533467556,I0397,LA ESPERANZA,667.0208478881332,INTERSECCION_VIAL_URBANA,4,POL-21,ALTERNATIVA,3,1224.7429413756956,ANILLO_VIAL,False
CAND-POL-02577,762879.7056999998,9815726.499,URBANO,99,99,True,95,99,95,1,2,3,1,0.6198151660912643,0.6198151660912643,0.6198151660912643,PARCIALMENTE CUBIERTO,76.29505047154053,152.78045150627307,427.4955177106154,231.34497502645112,I0397,LA ESPERANZA,646.8324459706095,INTERSECCION_VIAL_URBANA,4,POL-21,ALTERNATIVA,4,1365.6457444435823,ANILLO_VIAL,False
CAND-POL-02293,762488.7528999997,9814164.7135,URBANO,99,99,True,99,99,99,1,0,1,0,16051.780544266181,1938.155710432976,1938.155710432976,PARCIALMENTE CUBIERTO,86.98863318572758,74.62984094106002,323.5428889888032,250.04556903195558,I0410,PUCARA 1,518.2367292375015,INTERSECCION_VIAL_URBANA,3,POL-21,ALTERNATIVA,5,977.9757384352015,BOULEVARD_MACAJI_BELLAVISTA,False
CAND-POL-00687,758631.8662999999,9817909.7082,URBANO,90,99,True,90,95,90,1,1,2,4,368.08720659790106,461.1702454400146,368.08720659790106,PARCIALMENTE CUBIERTO,59.708344279198876,219.91036462450072,866.2106748865164,252.26294233992456,I0395,24 DE MAYO,963.1148536594139,INTERSECCION_VIAL_URBANA,4,POL-22,ACTUAL,0,758.1465119419124,,
CAND-POL-02549,762843.6973000001,9815759.7536,URBANO,99,99,True,95,99,95,1,2,3,1,30.608992636082696,866.3707761423336,30.608992636082696,PARCIALMENTE CUBIERTO,86.06846710539277,153.0130708301217,379.33091130113445,197.34707386060805,I0397,LA ESPERANZA,600.6914296742876,INTERSECCION_VIAL_URBANA,4,POL-22,ALTERNATIVA,1,1621.744314162811,ANILLO_VIAL,False
CAND-POL-02581,762884.0049,9815802.0442,URBANO,99,99,True,95,99,95,1,2,3,1,30.608992636082696,309.90710843994,30.608992636082696,PARCIALMENTE CUBIERTO,80.50515810887217,210.7407880582389,395.8713956675976,157.05655040624862,I0397,LA ESPERANZA,583.7033585372226,INTERSECCION_VIAL_URBANA,4,POL-22,ALTERNATIVA,2,1716.4234951788858,ANILLO_VIAL,False
CAND-POL-02542,762839.9680000003,9815684.7286,URBANO,95,99,True,95,99,95,1,2,3,0,25.718032862477187,43.81543844344816,25.718032862477187,PARCIALMENTE CUBIERTO,83.28723935219321,96.04846116934993,420.41326107983195,272.45817533467556,I0397,LA ESPERANZA,667.0208478881332,INTERSECCION_VIAL_URBANA,4,POL-22,ALTERNATIVA,3,1224.7429413756956,ANILLO_VIAL,False
CAND-POL-02577,762879.7056999998,9815726.499,URBANO,99,99,True,95,99,95,1,2,3,1,0.6198151660912643,0.6198151660912643,0.6198151660912643,PARCIALMENTE CUBIERTO,76.29505047154053,152.78045150627307,427.4955177106154,231.34497502645112,I0397,LA ESPERANZA,646.8324459706095,INTERSECCION_VIAL_URBANA,4,POL-22,ALTERNATIVA,4,1365.6457444435823,ANILLO_VIAL,False
CAND-POL-00671,758561.7490999997,9817887.3497,URBANO,90,95,True,90,95,90,1,1,2,6,368.08720659790106,368.08720659790106,368.08720659790106,PARCIALMENTE CUBIERTO,51.416089180760075,292.32218654934405,917.7534958340266,213.93067699266774,I0395,24 DE MAYO,892.7533237011583,INTERSECCION_VIAL_URBANA,4,POL-22,ALTERNATIVA,5,801.8788430519211,,False
CAND-POL-02622,762939.5983999996,9814122.1225,URBANO,99,99,True,99,95,95,8,4,12,28,13718.204786570828,5014.689330325378,5014.689330325377,PARCIALMENTE CUBIERTO,37.84890235550797,287.3939130838376,645.4916384203941,231.38910526611997,I0410,PUCARA 1,639.2086805446181,INTERSECCION_VIAL_URBANA,3,POL-30,ACTUAL,0,1238.0797031562556,CICLOVIAS,
CAND-POL-02538,762838.1843999997,9814266.5403,URBANO,99,95,True,99,95,95,11,5,16,34,22304.07600260452,3098.529956868117,3098.529956868117,PARCIALMENTE CUBIERTO,0.0,405.30507334962596,477.35371887538554,407.6746810068135,I0409,BASE DE LA ZONA 3,510.03497856444005,INTERSECCION_VIAL_URBANA,3,POL-30,ALTERNATIVA,1,581.9866856332043,CICLOVIAS,True
CAND-POL-02502,762793.2045999998,9814160.4798,URBANO,99,99,True,99,95,95,8,6,14,26,38221.67884894533,5014.689330325378,5014.689330325377,PARCIALMENTE CUBIERTO,22.340642724466584,311.98586811745815,509.3655490398579,331.1714133967542,I0410,PUCARA 1,585.441854099991,INTERSECCION_VIAL_URBANA,3,POL-30,ALTERNATIVA,2,975.4950056177876,CICLOVIAS,True
CAND-POL-02530,762824.6009,9814212.2595,URBANO,99,95,True,99,95,95,8,6,14,28,34177.53513160054,5014.689330325378,5014.689330325377,PARCIALMENTE CUBIERTO,6.510113296884166,360.45713194340004,505.95081295278135,371.8977803539327,I0409,BASE DE LA ZONA 3,562.1295211851266,INTERSECCION_VIAL_URBANA,4,POL-30,ALTERNATIVA,3,820.0759272447671,CICLOVIAS,True
CAND-POL-02637,762967.7772000004,9814153.5142,URBANO,99,99,True,99,95,95,8,4,12,29,8802.615701781026,5014.689330325378,5014.689330325377,PARCIALMENTE CUBIERTO,29.94638563036229,326.9255409371701,626.7098793566731,246.69347855188389,I0409,BASE DE LA ZONA 3,650.5577841408975,INTERSECCION_VIAL_URBANA,3,POL-30,ALTERNATIVA,4,967.8584870297406,CICLOVIAS,False
CAND-POL-02649,762983.0329,9814170.0146,URBANO,99,99,True,99,95,95,8,4,12,29,6001.386807000974,4596.390193145745,4596.390193145745,PARCIALMENTE CUBIERTO,25.85916926073576,348.1353242407793,617.9537798152248,257.02379916698476,I0409,BASE DE LA ZONA 3,640.000510372961,INTERSECCION_VIAL_URBANA,3,POL-30,ALTERNATIVA,5,837.8566941697691,CICLOVIAS,False
CAND-POL-01923,762090.1645,9815284.8397,URBANO,99,99,True,95,99,95,4,0,4,7,2517.2940621102293,4723.899112016037,2517.2940621102293,PARCIALMENTE CUBIERTO,91.2376436794998,261.4993238251684,120.88449962716876,262.9019253191009,I0404,LA ESTACION 2,358.39747141062935,INTERSECCION_VIAL_URBANA,4,POL-06,ACTUAL,0,1587.004541082227,BOULEVARD_MACAJI_BELLAVISTA,
CAND-POL-02095,762263.9825999998,9815120.0626,URBANO,95,99,True,95,99,95,5,3,8,14,2079.101403069608,4491.542529207813,2079.101403069608,PARCIALMENTE CUBIERTO,78.1160714142296,399.49650003791146,339.50509312032847,172.22896915991168,I0404,LA ESTACION 2,534.742305659451,INTERSECCION_VIAL_URBANA,4,POL-06,ALTERNATIVA,1,1530.5773337051817,,True
CAND-POL-02038,762211.4435,9815059.5324,URBANO,95,99,True,95,99,95,5,2,7,10,2478.6110046319322,4616.508690915081,2478.6110046319322,PARCIALMENTE CUBIERTO,84.0919519052939,357.6050098838781,369.9536302918969,97.92824406258562,I0404,LA ESTACION 2,584.9344980755433,INTERSECCION_VIAL_URBANA,4,POL-06,ALTERNATIVA,2,1512.7053906911312,,True
CAND-POL-02044,762214.8201000001,9815172.6385,URBANO,95,99,True,95,99,95,4,1,5,8,2517.2940621102293,4723.899112016037,2517.2940621102293,PARCIALMENTE CUBIERTO,85.7305944678105,349.8401955231365,268.9727307482025,210.34200599770915,I0404,LA ESTACION 2,473.44547498602395,INTERSECCION_VIAL_URBANA,4,POL-06,ALTERNATIVA,3,1590.4879738368845,,True
CAND-POL-02098,762265.4170000004,9815232.126,URBANO,99,99,True,95,99,95,4,1,5,8,1449.2097166234635,3602.006046854556,1449.2097166234635,PARCIALMENTE CUBIERTO,85.38826561517264,407.951441008692,253.82503987806925,147.46972701068484,I0404,LA ESTACION 2,427.02758558028853,INTERSECCION_VIAL_URBANA,4,POL-06,ALTERNATIVA,4,1570.0694620115435,,True
CAND-POL-02077,762246.9484000001,9815027.4421,URBANO,95,99,True,95,99,95,3,2,5,11,353.78080858909516,3890.4793051458964,353.78080858909516,PARCIALMENTE CUBIERTO,80.7845379352846,392.16327105600266,413.1496699025826,84.18315113882132,I0409,BASE DE LA ZONA 3,576.2594179557835,INTERSECCION_VIAL_URBANA,3,POL-06,ALTERNATIVA,5,1488.1357255123366,,False
CAND-POL-01184,760323.7768000001,9814917.6006,URBANO,99,99,True,99,99,99,2,2,4,5,1175.3338020150322,5282.823921542459,1175.3338020150322,PARCIALMENTE CUBIERTO,90.54598215743114,367.30763984522883,89.61761400041733,265.6547532021458,I0421,LA CONDAMINE 1,203.6529744932956,INTERSECCION_VIAL_URBANA,4,POL-07,ACTUAL,0,1698.8926203687727,ANILLO_VIAL,
CAND-POL-01202,760377.8256000001,9814732.7944,URBANO,95,99,True,95,99,95,3,4,7,5,174.4493701512646,5452.381954229936,174.4493701512646,PARCIALMENTE CUBIERTO,93.10176941582763,221.47838923140304,157.68336678095048,296.836371301271,I0421,LA CONDAMINE 1,180.58059938028686,INTERSECCION_VIAL_URBANA,4,POL-07,ALTERNATIVA,1,1852.0794940031014,ANILLO_VIAL|CICLOVIAS,False
CAND-POL-01185,760324.2216999996,9814788.4841,URBANO,95,99,True,95,99,95,3,4,7,5,65.43671525708741,5957.944236044766,65.43671525708741,PARCIALMENTE CUBIERTO,92.9070282628477,292.8822108894523,80.38794597321966,349.972845054377,I0421,LA CONDAMINE 1,200.92828391650517,INTERSECCION_VIAL_URBANA,4,POL-07,ALTERNATIVA,2,1739.249107891496,ANILLO_VIAL,False
CAND-POL-01216,760416.1968999999,9814903.9088,URBANO,99,99,True,99,99,99,2,2,4,5,2467.3033654167557,8314.697343950516,2467.3033654167557,PARCIALMENTE CUBIERTO,93.16379815828161,312.191621351694,158.02078651353273,234.68759420179407,I0421,LA CONDAMINE 1,113.4236105670082,INTERSECCION_VIAL_URBANA,4,POL-07,ALTERNATIVA,3,1827.1898932518407,,False
CAND-POL-01236,760470.1898999996,9814843.758,URBANO,99,99,True,99,99,99,2,2,4,5,2467.3033654167557,8314.697343950516,2467.3033654167557,PARCIALMENTE CUBIERTO,93.38270973893817,322.7449838683683,201.34662128683595,218.79336049650246,I0421,LA CONDAMINE 1,45.845447612006055,INTERSECCION_VIAL_URBANA,4,POL-07,ALTERNATIVA,4,1858.3796920949733,CICLOVIAS,False
CAND-POL-01255,760513.9392999997,9814797.1884,URBANO,99,99,True,99,99,99,2,2,4,5,2467.3033654167557,8314.697343950516,2467.3033654167557,PARCIALMENTE CUBIERTO,93.38270973893817,283.5900568293431,250.03981958661564,163.06819551669918,I0421,LA CONDAMINE 1,52.27466270964786,INTERSECCION_VIAL_URBANA,4,POL-07,ALTERNATIVA,5,1811.7090848970247,CICLOVIAS,False
CAND-POL-01487,761153.2564000003,9814679.0446,URBANO,99,99,True,99,99,99,2,0,2,5,11510.338628854268,10481.94524825305,3357.7820481347358,PARCIALMENTE CUBIERTO,75.43569270483073,331.9148388033813,184.16302657722017,255.22314849387914,I0421,LA CONDAMINE 1,659.9491328208452,INTERSECCION_VIAL_URBANA,4,POL-15,ACTUAL,0,1212.4562769245913,BOULEVARD_MACAJI_BELLAVISTA,
CAND-POL-02549,762843.6973000001,9815759.7536,URBANO,99,99,True,95,99,95,1,2,3,1,30.608992636082696,866.3707761423336,30.608992636082696,PARCIALMENTE CUBIERTO,86.06846710539277,153.0130708301217,379.33091130113445,197.34707386060805,I0397,LA ESPERANZA,600.6914296742876,INTERSECCION_VIAL_URBANA,4,POL-15,ALTERNATIVA,1,1621.744314162811,ANILLO_VIAL,False
CAND-POL-02581,762884.0049,9815802.0442,URBANO,99,99,True,95,99,95,1,2,3,1,30.608992636082696,309.90710843994,30.608992636082696,PARCIALMENTE CUBIERTO,80.50515810887217,210.7407880582389,395.8713956675976,157.05655040624862,I0397,LA ESPERANZA,583.7033585372226,INTERSECCION_VIAL_URBANA,4,POL-15,ALTERNATIVA,2,1716.4234951788858,ANILLO_VIAL,False
CAND-POL-02542,762839.9680000003,9815684.7286,URBANO,95,99,True,95,99,95,1,2,3,0,25.718032862477187,43.81543844344816,25.718032862477187,PARCIALMENTE CUBIERTO,83.28723935219321,96.04846116934993,420.41326107983195,272.45817533467556,I0397,LA ESPERANZA,667.0208478881332,INTERSECCION_VIAL_URBANA,4,POL-15,ALTERNATIVA,3,1224.7429413756956,ANILLO_VIAL,False
CAND-POL-02577,762879.7056999998,9815726.499,URBANO,99,99,True,95,99,95,1,2,3,1,0.6198151660912643,0.6198151660912643,0.6198151660912643,PARCIALMENTE CUBIERTO,76.29505047154053,152.78045150627307,427.4955177106154,231.34497502645112,I0397,LA ESPERANZA,646.8324459706095,INTERSECCION_VIAL_URBANA,4,POL-15,ALTERNATIVA,4,1365.6457444435823,ANILLO_VIAL,False
CAND-POL-01436,761027.4483000003,9814785.5593,URBANO,99,99,True,99,99,99,2,0,2,5,8876.523743157244,11103.694851334742,3979.5316512164272,PARCIALMENTE CUBIERTO,78.13458856623846,187.31141328202938,340.3535759404679,257.60075540370394,I0421,LA CONDAMINE 1,515.7364432691264,INTERSECCION_VIAL_URBANA,4,POL-15,ALTERNATIVA,5,1373.4751133284874,,False
