ID_CANDIDATO,X,Y,AMBITO_HOTSPOT,NIVEL_DEL,NIVEL_VIOL,COINCIDENCIA_DV,NIVEL_DEL_RESIDUAL,NIVEL_VIOL_RESIDUAL,NIVEL_DV_RESIDUAL,EVENTOS_D_NUEVOS,EVENTOS_V_NUEVOS,EVENTOS_DV_NUEVOS,EVENTOS_C_NUEVOS,AREA_HOTSPOT_D_NUEVA_M2,AREA_HOTSPOT_V_NUEVA_M2,COINCIDENCIA_DV_RESIDUAL_M2,ESTADO_HOTSPOT_DV_PREVIO,SOLAPE_PREVIO_PCT,DIST_EXISTENTE_M,DIST_MUNICIPAL_M,DIST_POLICIA_M,UPC_CERCANA,NOMBRE_UPC,DIST_UPC_M,INTERSECCION_O_NODO,GRADO_NODO,ID_POLICIA,DV_ANTERIOR,SOLAPE_ANTERIOR,DECISION
CAND-POL-00319,756509.5778999999,9816915.4569,URBANO,99,99,True,99,99,99,33,18,51,50,50785.330592893806,24255.87960793509,16285.519480872646,SIN COBERTURA,0.0,400.1688400306425,547.3960287569523,2222.5668626859456,I0395,24 DE MAYO,1513.3075477768166,INTERSECCION_VIAL_URBANA,3,POL-01,51,0.0,MANTENER
CAND-POL-02507,762800.8601000002,9816102.4482,URBANO,99,99,True,95,99,95,13,5,18,8,4708.298575856673,31623.4997560551,4708.298575856674,PARCIALMENTE CUBIERTO,59.63939862609421,373.7234840751978,316.3585368045645,156.04112890527193,I0397,LA ESPERANZA,298.9638379542108,INTERSECCION_VIAL_URBANA,4,POL-02,18,53.61746295661203,MANTENER
CAND-POL-01309,760673.2043000003,9814762.1756,URBANO,99,99,True,99,99,99,17,10,27,60,56199.52606805136,72680.88680720849,56199.52606805136,PARCIALMENTE CUBIERTO|SIN COBERTURA,42.156580746199865,249.8113535503009,413.09416156064174,341.392669368055,I0421,LA CONDAMINE 1,180.075270591813,INTERSECCION_VIAL_URBANA,4,POL-03,27,42.156580746199865,MANTENER
CAND-POL-02082,762251.9084000001,9814084.542,URBANO,99,99,True,99,99,99,18,41,59,36,36469.55220880458,38220.7007960048,32134.276601875394,PARCIALMENTE CUBIERTO,66.12786320246765,226.9083473457221,412.80924889347295,446.62554170651015,I0416,LA JOYA,482.99665642076144,INTERSECCION_VIAL_URBANA,3,POL-04,59,66.12786320246765,MANTENER
CAND-POL-02398,762641.4753999999,9813866.1114,URBANO,99,99,True,99,99,99,27,3,30,41,30022.75424874602,308.4113226229978,251.8707587109436,PARCIALMENTE CUBIERTO,75.70236348186336,200.00041739447732,573.8209307115442,392.9618384167819,I0410,PUCARA 1,254.5108172906197,INTERSECCION_VIAL_URBANA,3,POL-05,30,75.70236348186336,MANTENER
CAND-POL-02095,762263.9825999998,9815120.0626,URBANO,95,99,True,95,99,95,5,3,8,14,2079.101403069608,4491.542529207813,2079.101403069608,PARCIALMENTE CUBIERTO,78.1160714142296,399.49650003791146,339.50509312032847,172.22896915991168,I0404,LA ESTACION 2,534.742305659451,INTERSECCION_VIAL_URBANA,4,POL-06,6,62.488290737049006,REEMPLAZAR
CAND-POL-01184,760323.7768000001,9814917.6006,URBANO,99,99,True,99,99,99,2,2,4,5,1175.3338020150322,5282.823921542459,1175.3338020150322,PARCIALMENTE CUBIERTO,90.54598215743114,367.30763984522883,89.61761400041733,265.6547532021458,I0421,LA CONDAMINE 1,203.6529744932956,INTERSECCION_VIAL_URBANA,4,POL-07,17,23.243023050263147,MANTENER
CAND-POL-00639,758421.4444000004,9818048.8456,URBANO,90,95,True,0,0,0,7,5,12,5,0.0,0.0,0.0,SIN REMANENTE D/V,38.19172422165619,402.85886725304323,866.0165441108809,252.26294233992456,I0395,24 DE MAYO,769.4467761383992,INTERSECCION_VIAL_URBANA,4,POL-08,12,38.19172422165619,MANTENER
CAND-POL-01392,760936.3009000001,9814544.623,URBANO,99,99,True,99,99,99,7,7,14,27,3793.6800727815953,42320.49646577591,1243.9401291441454,PARCIALMENTE CUBIERTO,39.81617038067564,393.96189671201785,294.1972928863775,255.22314849387914,I0421,LA CONDAMINE 1,519.451121678365,INTERSECCION_VIAL_URBANA,4,POL-09,15,42.768007346642925,MANTENER
CAND-POL-02188,762361.5181,9815343.9826,URBANO,99,99,True,99,95,95,4,3,7,22,15.549261128348943,11489.05652758881,15.549261128348943,PARCIALMENTE CUBIERTO,60.51159568147338,370.1660499318012,288.2855828651825,244.2403327877312,I0404,LA ESTACION 2,370.4280200210577,INTERSECCION_VIAL_URBANA,3,POL-10,8,39.23468826191447,MANTENER
CAND-POL-01744,761838.3465,9815623.9473,URBANO,99,99,True,99,99,95,4,2,6,11,5872.628156717458,47857.50902915274,5872.628156717458,PARCIALMENTE CUBIERTO,52.25205404767028,346.9953314965639,325.7709025624759,240.76306263643866,I0403,PLAZA DAVALOS,254.51506782894015,INTERSECCION_VIAL_URBANA,3,POL-11,6,49.96147767353273,MANTENER
CAND-POL-01014,759770.4501,9816248.9323,URBANO,99,99,True,99,99,99,9,0,9,4,4085.0560528689825,4085.0560528689825,4085.0560528689825,PARCIALMENTE CUBIERTO,66.03091047677444,194.74980819619358,525.3094514081238,303.10433644663686,I0419,TERMINAL TERRESTRE 1,284.23339401462295,INTERSECCION_VIAL_URBANA,3,POL-12,9,66.03091047677444,MANTENER
CAND-POL-02564,762856.5469000004,9815956.6819,URBANO,99,99,True,99,99,95,4,5,9,25,23855.397402585888,25172.833639343433,23855.397402585888,PARCIALMENTE CUBIERTO,61.39714426376827,339.0038404066629,336.736715362154,156.04112890527193,I0397,LA ESPERANZA,442.18846717501225,INTERSECCION_VIAL_URBANA,3,POL-13,9,60.16557185609827,MANTENER
CAND-POL-01245,760485.9926000005,9815127.9776,URBANO,99,99,True,99,99,99,3,3,6,1,1210.2862368853189,1215.2295772169407,1194.8406880577015,PARCIALMENTE CUBIERTO,80.67819044904664,124.08042911375325,355.27213154953023,265.6547532021458,I0421,LA CONDAMINE 1,280.1214791731123,INTERSECCION_VIAL_URBANA,4,POL-14,6,80.67819044904664,MANTENER
CAND-POL-01487,761153.2564000003,9814679.0446,URBANO,99,99,True,99,99,99,2,0,2,5,11510.338628854268,10481.94524825305,3357.7820481347358,PARCIALMENTE CUBIERTO,75.43569270483073,331.9148388033813,184.16302657722017,255.22314849387914,I0421,LA CONDAMINE 1,659.9491328208452,INTERSECCION_VIAL_URBANA,4,POL-15,6,65.44413437604216,MANTENER
CAND-POL-00990,759677.6255999999,9815960.3914,URBANO,99,99,True,99,99,99,2,3,5,43,630.7992238235488,17216.947318802635,630.7992238235488,PARCIALMENTE CUBIERTO,77.23207818955761,269.73248833487276,225.70933924406188,303.10433644663686,I0419,TERMINAL TERRESTRE 1,402.2405722454171,INTERSECCION_VIAL_URBANA,4,POL-16,5,77.50521301808222,MANTENER
CAND-POL-01960,762132.4550000001,9815725.2698,URBANO,99,99,True,99,95,0,0,0,0,0,1265.8061225046708,2023.901451687263,0.0,SIN REMANENTE D/V,96.67621886891176,80.84168006671266,324.2878837644314,283.4925753998874,I0404,LA ESTACION 2,85.57008522886403,INTERSECCION_VIAL_URBANA,3,POL-17,0,96.61467459971901,MANTENER
CAND-POL-02251,762431.8369000005,9815916.5345,URBANO,99,99,True,95,99,95,1,1,2,1,7192.497437207578,16330.170198518937,7192.497437207579,PARCIALMENTE CUBIERTO,86.2952118151432,272.57227371352906,96.92230534509468,355.2628710034888,I0404,LA ESTACION 2,403.01076910741034,INTERSECCION_VIAL_URBANA,3,POL-18,3,89.95313467365504,MANTENER
CAND-POL-01747,761846.4039000003,9815383.3191,URBANO,99,99,True,95,99,95,0,0,0,0,3367.0558816029084,5086.152739941754,3367.0558816029084,PARCIALMENTE CUBIERTO,95.95216186470405,233.3735753294826,234.45190781355595,229.78238659850862,I0404,LA ESTACION 2,388.9828973485814,INTERSECCION_VIAL_URBANA,4,POL-19,0,91.01019646482632,MANTENER
CAND-POL-01220,760420.4501,9816184.3041,URBANO,99,99,True,99,99,99,7,3,10,13,21775.943889455615,4918.8735236220045,4918.8735236220045,PARCIALMENTE CUBIERTO,69.50023850515322,211.1096210684201,666.014451129063,653.2050246555515,I0419,TERMINAL TERRESTRE 1,387.44826649761524,INTERSECCION_VIAL_URBANA,3,POL-20,10,69.50023850515322,MANTENER
CAND-POL-00683,758623.7712000003,9818271.9846,URBANO,90,95,True,0,95,0,5,4,9,37,0.0,2242.6592277981244,0.0,SIN REMANENTE D/V,24.672947076824855,322.70928019248765,564.818075313796,301.20947415279204,I0395,24 DE MAYO,1029.0948248011046,INTERSECCION_VIAL_URBANA,3,POL-21,9,24.672947076824855,MANTENER
CAND-POL-00687,758631.8662999999,9817909.7082,URBANO,90,99,True,90,95,90,1,1,2,4,368.08720659790106,461.1702454400146,368.08720659790106,PARCIALMENTE CUBIERTO,59.708344279198876,219.91036462450072,866.2106748865164,252.26294233992456,I0395,24 DE MAYO,963.1148536594139,INTERSECCION_VIAL_URBANA,4,POL-22,2,59.708344279198876,MANTENER
CAND-POL-00878,759261.4112,9816374.0297,URBANO,99,95,True,99,95,95,17,5,22,117,2182.1513644616884,2182.1513644616884,2182.1513644616884,PARCIALMENTE CUBIERTO,24.072421810526787,306.5532260048403,676.5844449960709,391.5320768705042,I0390,CEMENTO CHIMBORAZO,653.1744449264421,INTERSECCION_VIAL_URBANA,3,POL-23,22,24.072421810526787,MANTENER
CAND-POL-02704,763060.8750999998,9813925.0619,URBANO,99,99,True,90,99,90,8,9,17,44,6113.609165541178,42124.50299592249,6113.609165541178,PARCIALMENTE CUBIERTO,51.318344863811845,231.65077038668093,644.6945993966309,231.38910526611997,I0410,PUCARA 1,615.2956677668366,INTERSECCION_VIAL_URBANA,3,POL-24,14,60.07349843327288,MANTENER
CAND-POL-01900,762061.5345999999,9815999.7481,URBANO,99,99,True,95,99,95,7,7,14,39,1226.120539717582,3689.169645404204,1226.1205397175822,PARCIALMENTE CUBIERTO,47.85340294576565,250.45789738608508,360.88772518538906,283.4925753998874,I0404,LA ESTACION 2,368.0064709761595,INTERSECCION_VIAL_URBANA,4,POL-25,14,47.85340294576565,MANTENER
CAND-POL-01661,761617.2017000001,9815367.0005,URBANO,99,99,True,99,99,95,7,4,11,3,14103.977369765109,22325.55598629114,14067.106342277222,PARCIALMENTE CUBIERTO,82.20275923817702,239.52156730887424,464.20430542054896,229.78238659850862,I0403,PLAZA DAVALOS,391.0274815018875,INTERSECCION_VIAL_URBANA,4,POL-26,11,82.20275923817702,MANTENER
CAND-POL-02354,762569.6774000004,9815539.9002,URBANO,99,95,True,99,95,95,9,4,13,28,482.7893038166412,9134.868978784718,482.7893038166412,PARCIALMENTE CUBIERTO,53.58812631325647,211.19149385415741,420.27947203519307,285.85660770135775,I0404,LA ESTACION 2,442.3983295980082,INTERSECCION_VIAL_URBANA,3,POL-27,10,66.45665202297175,MANTENER
CAND-POL-02022,762192.1695999997,9814963.5196,URBANO,95,99,True,95,99,95,1,2,3,3,59.30780438033388,59.30780438033388,59.30780438033388,PARCIALMENTE CUBIERTO,65.97194641714778,321.62113123405345,455.8230389652804,172.22896915991168,I0409,BASE DE LA ZONA 3,602.4245477937711,INTERSECCION_VIAL_URBANA,4,POL-28,11,26.12980594260675,MANTENER
CAND-POL-00782,758916.9866000004,9816187.8334,URBANO,99,95,True,99,95,95,4,5,9,45,8061.147028583728,4296.56639173128,4296.56639173128,PARCIALMENTE CUBIERTO,29.354707207065676,255.4256895264125,768.9831111336596,391.5320768705042,I0390,CEMENTO CHIMBORAZO,998.4668537641201,INTERSECCION_VIAL_URBANA,3,POL-29,9,29.354707207065676,MANTENER
CAND-POL-02622,762939.5983999996,9814122.1225,URBANO,99,99,True,99,95,95,8,4,12,28,13718.204786570828,5014.689330325378,5014.689330325377,PARCIALMENTE CUBIERTO,37.84890235550797,287.3939130838376,645.4916384203941,231.38910526611997,I0410,PUCARA 1,639.2086805446181,INTERSECCION_VIAL_URBANA,3,POL-30,4,93.32819425107408,MANTENER
