ID,LONGITUD_M,INICIO_X,INICIO_Y,FIN_X,FIN_Y,CAMARA_MAS_CERCANA,DIST_CAMARA_M,METODO_DIST,CORREDOR
MACAJI-0001,31.13157567851332,761100.067126626,9814357.748457454,761079.2306284872,9814334.618058635,MUN-035,199.98521791315179,Distancia minima entre segmento completo y punto de camara,BOULEVARD_MACAJI_BELLAVISTA
MACAJI-0002,25.580433542154005,762572.4018604321,9814557.613224423,762589.0081679192,9814577.070591455,MUN-038,199.98902150361013,Distancia minima entre segmento completo y punto de camara,BOULEVARD_MACAJI_BELLAVISTA
MACAJI-0003,0.11388316042209248,761355.6331725806,9814665.57955588,761355.5604138249,9814665.491945734,RIO-061-DOMO,199.98745635089057,Distancia minima entre segmento completo y punto de camara,BOULEVARD_MACAJI_BELLAVISTA
MACAJI-0004,19.524783302991516,762196.7322189234,9814426.15724835,762182.0523908472,9814439.03046903,MUN-038,199.98665877323901,Distancia minima entre segmento completo y punto de camara,BOULEVARD_MACAJI_BELLAVISTA
MACAJI-0005,70.49338030915658,760721.6134184847,9815708.812478127,760668.63011221,9815755.310713831,RIO-011-DOMO,199.98555980605173,Distancia minima entre segmento completo y punto de camara,BOULEVARD_MACAJI_BELLAVISTA
ANILLO-0001,4.807603267173781,762643.9468662352,9815800.413849492,762647.5880602854,9815797.274621073,MUN-044,199.98774033249128,Distancia minima entre segmento completo y punto de camara,ANILLO_VIAL
ANILLO-0002,35.51526486317549,763528.9912505641,9814727.146665089,763556.4848458025,9814704.684933117,MUN-046,199.98710752997528,Distancia minima entre segmento completo y punto de camara,ANILLO_VIAL
ANILLO-0003,67.34049506920516,763281.5672242461,9813031.954376638,763214.4035022156,9813027.078238906,MUN-036,199.991478744263,Distancia minima entre segmento completo y punto de camara,ANILLO_VIAL
ANILLO-0004,0.48554767517613756,761598.8870782165,9813533.924327437,761598.4022784438,9813533.951266725,MUN-045,199.98580833817968,Distancia minima entre segmento completo y punto de camara,ANILLO_VIAL
ANILLO-0005,24.9047591649683,761209.4847833038,9813627.332588691,761189.274354015,9813641.877569295,MUN-049,199.98515768801872,Distancia minima entre segmento completo y punto de camara,ANILLO_VIAL
ANILLO-0006,65.13074896826,760925.324471023,9813942.122740565,760883.9360321859,9813992.412019659,MUN-040,199.9956694800514,Distancia minima entre segmento completo y punto de camara,ANILLO_VIAL
ANILLO-0007,50.60799490852355,760753.907312101,9814150.807183238,760722.0465121312,9814190.127067404,MUN-040,199.99508658594638,Distancia minima entre segmento completo y punto de camara,ANILLO_VIAL
ANILLO-0008,257.2214509777066,760861.2020848054,9816742.106944626,761043.2291521295,9816568.912817866,MUN-048,199.98586835208022,Distancia minima entre segmento completo y punto de camara,ANILLO_VIAL
ANILLO-0009,92.39581304848053,761223.3254996443,9816214.55304296,761293.3660787717,9816154.29388038,RIO-040-DOMO,199.98509540025145,Distancia minima entre segmento completo y punto de camara,ANILLO_VIAL
ANILLO-0010,240.67611354105924,762791.8408574571,9815434.354847735,762881.963953432,9815215.133343577,RIO-055-DOMO,199.98507434435655,Distancia minima entre segmento completo y punto de camara,ANILLO_VIAL
ANILLO-0011,53.85173645803185,763168.3381760593,9815002.614000162,763211.2929688513,9814970.13788004,MUN-030,199.98831362647954,Distancia minima entre segmento completo y punto de camara,ANILLO_VIAL
ANILLO-0012,55.698785437684556,763694.5045310032,9814341.769482201,763693.0165376241,9814286.090576187,MUN-050,199.98573815860306,Distancia minima entre segmento completo y punto de camara,ANILLO_VIAL
ANILLO-0013,220.95345311824153,763675.8571691476,9813886.481502885,763666.9530165541,9813665.70769402,MUN-050,199.9937238790136,Distancia minima entre segmento completo y punto de camara,ANILLO_VIAL
ANILLO-0014,4.609384774214409,763586.2141730583,9813274.583165307,763584.6999226399,9813270.22960657,MUN-039,199.98507891947884,Distancia minima entre segmento completo y punto de camara,ANILLO_VIAL
ANILLO-0015,17.875979526259435,762831.9416466319,9813120.6831845,762816.9243170364,9813130.380114729,MUN-031,199.9852902048225,Distancia minima entre segmento completo y punto de camara,ANILLO_VIAL
ANILLO-0016,34.51568793764364,762485.3046867376,9813353.316639023,762456.7177118364,9813372.658340039,MUN-043,199.98639753309305,Distancia minima entre segmento completo y punto de camara,ANILLO_VIAL
ANILLO-0017,82.09478635435362,762080.1860602851,9813506.667549372,761998.2415169363,9813511.631999183,MUN-043,199.9849601071249,Distancia minima entre segmento completo y punto de camara,ANILLO_VIAL
ANILLO-0018,25.795178697720022,760722.0465121312,9814190.127067404,760705.77084098,9814210.139407912,RIO-058-DOMO,199.98780267936135,Distancia minima entre segmento completo y punto de camara,ANILLO_VIAL
ANILLO-0019,2.2919110033594814,760092.013271071,9814940.152702088,760090.8043185594,9814942.099825574,RIO-024-DOMO,199.98727828224816,Distancia minima entre segmento completo y punto de camara,ANILLO_VIAL
ANILLO-0020,86.18937458508222,759806.9504703134,9815221.079834895,759741.7024765913,9815277.393663185,RIO-024-DOMO,199.98551103957732,Distancia minima entre segmento completo y punto de camara,ANILLO_VIAL
ANILLO-0021,65.15856059739316,759451.3235819668,9815551.962363925,759432.3006641739,9815614.02533035,MUN-047,199.98505827249602,Distancia minima entre segmento completo y punto de camara,ANILLO_VIAL
ANILLO-0022,13.5058820573239,759394.0554655503,9815877.73224102,759397.2699853746,9815882.451374218,MUN-027,199.99186548910208,Distancia minima entre segmento completo y punto de camara,ANILLO_VIAL
CICLOVIAS-0001,1.1641532182693481e-10,759052.161209319,9816906.603257183,759052.1612093191,9816906.603257183,RIO-051-DOMO,199.99680092129464,Distancia minima entre segmento completo y punto de camara,CICLOVIAS
CICLOVIAS-0002,3.4924596548080444e-10,760107.9618585256,9818050.228516629,760107.9618585253,9818050.228516629,RIO-075-DOMO,199.99878751843627,Distancia minima entre segmento completo y punto de camara,CICLOVIAS
CICLOVIAS-0003,294.35574773765495,762582.3048066471,9814414.492395937,762805.2151826543,9814270.246373363,MUN-038,199.99305107758943,Distancia minima entre segmento completo y punto de camara,CICLOVIAS
CICLOVIAS-0004,361.37106452540377,763126.6498131306,9814192.883211192,763476.6364651113,9814102.892157683,POL-30,199.98827316274097,Distancia minima entre segmento completo y punto de camara,CICLOVIAS
CICLOVIAS-0005,6.984919309616089e-10,761782.915029671,9816423.714722147,761782.9150296717,9816423.714722147,MUN-034,199.9936516227338,Distancia minima entre segmento completo y punto de camara,CICLOVIAS
CICLOVIAS-0006,399.99329625672516,758579.3460859755,9817292.236666936,758887.752180965,9817037.530860515,RIO-103-DOMO,371.75905745014416,Distancia minima entre segmento completo y punto de camara,CICLOVIAS
CICLOVIAS-0007,400.8205890104583,760548.6600721903,9817055.777893394,760366.2561708912,9817411.481292244,RIO-076-DOMO,306.1812874322156,Distancia minima entre segmento completo y punto de camara,CICLOVIAS
CICLOVIAS-0008,602.5472024915658,760331.884793373,9817492.975655137,760107.9618585256,9818050.228516629,RIO-075-DOMO,199.9987875186011,Distancia minima entre segmento completo y punto de camara,CICLOVIAS
CICLOVIAS-0009,601.6888770774742,760086.7041721438,9818040.417876212,760314.7630925018,9817486.565254884,RIO-075-DOMO,199.98876103574187,Distancia minima entre segmento completo y punto de camara,CICLOVIAS
CICLOVIAS-0010,400.4075826827996,760347.9594589435,9817401.689772032,760531.2125034764,9817047.14155929,RIO-076-DOMO,305.3333711054666,Distancia minima entre segmento completo y punto de camara,CICLOVIAS
CICLOVIAS-0011,4.656612873077393e-10,759052.1612093186,9816906.603257183,759052.161209319,9816906.603257183,RIO-051-DOMO,199.99680092138806,Distancia minima entre segmento completo y punto de camara,CICLOVIAS
CICLOVIAS-0012,1.1641532182693481e-10,760598.8510674868,9816961.193331646,760598.8510674867,9816961.193331646,RIO-076-DOMO,199.98554583876015,Distancia minima entre segmento completo y punto de camara,CICLOVIAS
CICLOVIAS-0013,45.00785221286053,761950.0783879315,9814969.440798307,761983.7115333715,9814939.532299705,RIO-005-DOMO,199.98882248069935,Distancia minima entre segmento completo y punto de camara,CICLOVIAS
CICLOVIAS-0014,9.264505752056694,763476.6364651113,9814102.892157683,763485.6091075517,9814100.585048135,MUN-050,199.9955887283917,Distancia minima entre segmento completo y punto de camara,CICLOVIAS
CICLOVIAS-0015,126.34557930513319,761782.9150296717,9816423.714722147,761863.7082247445,9816520.844397215,MUN-034,199.9936516227489,Distancia minima entre segmento completo y punto de camara,CICLOVIAS
CICLOVIAS-0016,368.3300583290393,758294.2234596327,9817525.402483737,758579.3460859755,9817292.236666936,RIO-070-DOMO,199.98965673826328,Distancia minima entre segmento completo y punto de camara,CICLOVIAS
CICLOVIAS-0017,210.17222918001087,758887.752180965,9817037.530860515,759052.1612093186,9816906.603257183,RIO-051-DOMO,199.99680092176166,Distancia minima entre segmento completo y punto de camara,CICLOVIAS
CICLOVIAS-0018,107.07649289167308,760598.8510674867,9816961.193331646,760548.6600721903,9817055.777893394,RIO-076-DOMO,199.98554583879775,Distancia minima entre segmento completo y punto de camara,CICLOVIAS
CICLOVIAS-0019,88.44655956643214,760366.2561708912,9817411.481292244,760331.884793373,9817492.975655137,RIO-076-DOMO,705.2310903395268,Distancia minima entre segmento completo y punto de camara,CICLOVIAS
CICLOVIAS-0020,91.17650568945726,760314.7630925018,9817486.565254884,760347.9594589435,9817401.689772032,RIO-076-DOMO,704.3665075739117,Distancia minima entre segmento completo y punto de camara,CICLOVIAS
CICLOVIAS-0021,105.40864241332945,760531.2125034764,9817047.14155929,760579.3012235343,9816953.351089202,RIO-076-DOMO,199.9871879637992,Distancia minima entre segmento completo y punto de camara,CICLOVIAS
LAS_ABRAS-0001,9.270399861442929,758680.2694809133,9818905.785238085,758680.6428097168,9818896.651459927,RIO-069-DOMO,204.9281930574651,Distancia minima entre segmento completo y punto de camara,QUEBRADA_LAS_ABRAS
LAS_ABRAS-0002,55.6160922172533,758680.4144278866,9818893.739784116,758687.8593256745,9818856.9558272,RIO-069-DOMO,212.8573188397854,Distancia minima entre segmento completo y punto de camara,QUEBRADA_LAS_ABRAS
LAS_ABRAS-0003,79.36915882571628,758697.5254000453,9818850.685962241,758750.5809310094,9818794.300791156,RIO-069-DOMO,256.7002116233199,Distancia minima entre segmento completo y punto de camara,QUEBRADA_LAS_ABRAS
LAS_ABRAS-0004,53.713725424702595,758774.0868957345,9818757.588545008,758815.9661823707,9818775.64601338,MUN-023,199.99744825395246,Distancia minima entre segmento completo y punto de camara,QUEBRADA_LAS_ABRAS
LAS_ABRAS-0005,8.572958156006809,759197.7423086631,9818714.11302605,759206.2093708749,9818713.17312774,MUN-026,199.9910772474252,Distancia minima entre segmento completo y punto de camara,QUEBRADA_LAS_ABRAS
LAS_ABRAS-0006,74.95128608134365,759614.0368652896,9818661.213250197,759657.141420377,9818601.439135304,MUN-026,223.26745573268698,Distancia minima entre segmento completo y punto de camara,QUEBRADA_LAS_ABRAS
LAS_ABRAS-0007,37.27060156951745,759700.3474638239,9818565.084336855,759718.0011406386,9818534.516598772,MUN-026,342.87024121069504,Distancia minima entre segmento completo y punto de camara,QUEBRADA_LAS_ABRAS
LAS_ABRAS-0008,11.217110404455065,759749.0114389097,9818500.35156106,759755.0023367982,9818490.90982483,RIO-075-DOMO,369.79503211060916,Distancia minima entre segmento completo y punto de camara,QUEBRADA_LAS_ABRAS
LAS_ABRAS-0009,8.451807513434408,759802.3190726158,9818419.408769503,759803.7343704451,9818411.250344576,RIO-075-DOMO,279.5534288410764,Distancia minima entre segmento completo y punto de camara,QUEBRADA_LAS_ABRAS
LAS_ABRAS-0010,23.969918818243798,759834.1934850337,9818356.465548495,759845.9338818376,9818335.577972699,RIO-075-DOMO,199.9849469287677,Distancia minima entre segmento completo y punto de camara,QUEBRADA_LAS_ABRAS
LAS_ABRAS-0011,226.69823972949504,760222.0698254157,9818226.355201203,760401.3760314628,9818108.318759853,RIO-075-DOMO,208.47579452431887,Distancia minima entre segmento completo y punto de camara,QUEBRADA_LAS_ABRAS
LAS_ABRAS-0012,20.79403337120949,760899.7798009277,9817896.949526437,760920.047261583,9817893.16428176,RIO-075-DOMO,945.500300951888,Distancia minima entre segmento completo y punto de camara,QUEBRADA_LAS_ABRAS
LAS_ABRAS-0013,201.32676232643695,760923.7814122625,9817892.530183038,761036.5480968178,9817732.4479892,RIO-075-DOMO,969.5460561990448,Distancia minima entre segmento completo y punto de camara,QUEBRADA_LAS_ABRAS
LAS_ABRAS-0014,15.610728438400349,761065.5147205743,9817705.126970612,761076.7995198728,9817695.32622288,RIO-076-DOMO,1011.1687012243074,Distancia minima entre segmento completo y punto de camara,QUEBRADA_LAS_ABRAS
LAS_ABRAS-0015,28.194578528900667,761093.9657473803,9817674.427851686,761113.2508955866,9817657.648868099,RIO-076-DOMO,992.6812034061718,Distancia minima entre segmento completo y punto de camara,QUEBRADA_LAS_ABRAS
LAS_ABRAS-0016,54.81974786550219,761163.9767289897,9817635.951245306,761216.1065512386,9817632.461845415,RIO-076-DOMO,998.5033897848352,Distancia minima entre segmento completo y punto de camara,QUEBRADA_LAS_ABRAS
LAS_ABRAS-0017,6.2495066676174105,761216.5469114238,9817632.486312935,761222.7224346173,9817632.923739707,RIO-076-DOMO,1022.9800008355811,Distancia minima entre segmento completo y punto de camara,QUEBRADA_LAS_ABRAS
LAS_ABRAS-0018,69.44463493480329,761229.913758531,9817634.989089703,761296.1633028105,9817649.05359301,RIO-015-DOMO,986.7224787658648,Distancia minima entre segmento completo y punto de camara,QUEBRADA_LAS_ABRAS
LAS_ABRAS-0019,31.79750335061322,761327.039156442,9817657.0354128,761350.535920899,9817678.264948323,RIO-015-DOMO,966.0305766370092,Distancia minima entre segmento completo y punto de camara,QUEBRADA_LAS_ABRAS
LAS_ABRAS-0020,16.525895396568668,761350.9010563935,9817678.433224173,761366.7835547619,9817682.639245339,RIO-015-DOMO,957.4604199807898,Distancia minima entre segmento completo y punto de camara,QUEBRADA_LAS_ABRAS
LAS_ABRAS-0021,1.685378405381491,761429.464033382,9817707.86934178,761430.837470642,9817708.804453015,RIO-015-DOMO,932.5259460583726,Distancia minima entre segmento completo y punto de camara,QUEBRADA_LAS_ABRAS
LAS_ABRAS-0022,82.0704375529042,761449.2289330048,9817726.578615634,761502.1000284186,9817786.512468565,RIO-015-DOMO,934.1073351154353,Distancia minima entre segmento completo y punto de camara,QUEBRADA_LAS_ABRAS
LAS_ABRAS-0023,102.18555291767817,761508.514783617,9817794.857313363,761600.6691514314,9817831.881069262,RIO-015-DOMO,931.8694345314594,Distancia minima entre segmento completo y punto de camara,QUEBRADA_LAS_ABRAS
LAS_ABRAS-0024,96.02990647590919,761626.4104805673,9817860.863061137,761705.1986611005,9817896.447205262,RIO-015-DOMO,941.5684029212142,Distancia minima entre segmento completo y punto de camara,QUEBRADA_LAS_ABRAS
LAS_ABRAS-0025,13.728349230146128,761718.20020199,9817900.616605898,761730.6108790757,9817906.0149559,RIO-015-DOMO,950.1756113655985,Distancia minima entre segmento completo y punto de camara,QUEBRADA_LAS_ABRAS
LAS_ABRAS-0026,44.78551584546016,761732.0513835873,9817906.591154704,761769.975160379,9817899.523830118,RIO-015-DOMO,932.9101527883885,Distancia minima entre segmento completo y punto de camara,QUEBRADA_LAS_ABRAS
LAS_ABRAS-0027,96.10333230945402,761809.2192785728,9817915.458887631,761881.5386572425,9817975.066684313,RIO-015-DOMO,937.4319782021477,Distancia minima entre segmento completo y punto de camara,QUEBRADA_LAS_ABRAS
LAS_ABRAS-0028,498.83357670799757,762013.4145938316,9818280.259286257,762317.3794244295,9818592.267305657,RIO-015-DOMO,1272.0595924707623,Distancia minima entre segmento completo y punto de camara,QUEBRADA_LAS_ABRAS
LAS_ABRAS-0029,18.578517705321723,762342.4226521984,9818630.520177118,762355.9470276418,9818643.252193809,RIO-015-DOMO,1648.5992610610856,Distancia minima entre segmento completo y punto de camara,QUEBRADA_LAS_ABRAS
LAS_ABRAS-0030,43.00688881934965,762359.7802878593,9818645.518827679,762400.5197763871,9818659.124116268,RIO-015-DOMO,1666.529229454616,Distancia minima entre segmento completo y punto de camara,QUEBRADA_LAS_ABRAS
LAS_ABRAS-0031,1.0914931396747172,762410.8284413017,9818663.453782078,762411.7640130194,9818663.990582382,RIO-015-DOMO,1694.3771124468988,Distancia minima entre segmento completo y punto de camara,QUEBRADA_LAS_ABRAS
LAS_ABRAS-0032,5.91325949509448,762420.3154438705,9818671.37593923,762423.7385594602,9818675.926554387,RIO-015-DOMO,1704.169187978704,Distancia minima entre segmento completo y punto de camara,QUEBRADA_LAS_ABRAS
LAS_ABRAS-0033,28.931236859326866,762451.1437203094,9818730.008509418,762477.2799904855,9818742.27544657,RIO-015-DOMO,1768.216669978049,Distancia minima entre segmento completo y punto de camara,QUEBRADA_LAS_ABRAS
LAS_ABRAS-0034,2.9210621635316656,762498.4637234978,9818737.393532787,762501.1171987413,9818736.256329112,RIO-015-DOMO,1786.3501442484555,Distancia minima entre segmento completo y punto de camara,QUEBRADA_LAS_ABRAS
LAS_ABRAS-0035,12.524197067845762,762509.0376591502,9818730.931761498,762517.308934116,9818721.783311464,RIO-015-DOMO,1776.5760381656482,Distancia minima entre segmento completo y punto de camara,QUEBRADA_LAS_ABRAS
LAS_ABRAS-0036,50.365747046180005,762533.9793731078,9818706.053196175,762570.0340722705,9818670.89452478,RIO-015-DOMO,1742.654639758194,Distancia minima entre segmento completo y punto de camara,QUEBRADA_LAS_ABRAS
LAS_ABRAS-0037,25.57889628921938,762586.7929267859,9818646.456676075,762598.4657355989,9818624.262839487,RIO-015-DOMO,1707.2059034075396,Distancia minima entre segmento completo y punto de camara,QUEBRADA_LAS_ABRAS
LAS_ABRAS-0038,8.727411814496623,762602.810412555,9818620.420709202,762610.4668337873,9818616.841597527,RIO-015-DOMO,1703.4365601916718,Distancia minima entre segmento completo y punto de camara,QUEBRADA_LAS_ABRAS
LAS_ABRAS-0039,18.747459479901625,762616.4660856053,9818616.20497964,762634.026690887,9818619.201529369,RIO-015-DOMO,1705.5097536317376,Distancia minima entre segmento completo y punto de camara,QUEBRADA_LAS_ABRAS
LAS_ABRAS-0040,118.35081881876977,762721.0112802244,9818616.542106848,762795.3598485308,9818696.143910844,RIO-015-DOMO,1743.5263607040263,Distancia minima entre segmento completo y punto de camara,QUEBRADA_LAS_ABRAS
LAS_ABRAS-0041,30.231376132766623,757096.6705222856,9820903.901183855,757107.5600735036,9820884.958210748,MUN-024,1305.9678081093225,Distancia minima entre segmento completo y punto de camara,QUEBRADA_LAS_ABRAS
LAS_ABRAS-0042,236.96784471258968,757102.2401451454,9820850.808738641,757271.7875692924,9820747.09807227,MUN-024,1091.8283374231462,Distancia minima entre segmento completo y punto de camara,QUEBRADA_LAS_ABRAS
LAS_ABRAS-0043,29.583067369941336,757266.1752216592,9820727.003926897,757278.800625098,9820705.634891987,MUN-024,1058.6288883047475,Distancia minima entre segmento completo y punto de camara,QUEBRADA_LAS_ABRAS
LAS_ABRAS-0044,62.80499409577699,757297.5506629656,9820697.906537864,757350.3612052076,9820680.235428989,MUN-024,988.7947906967305,Distancia minima entre segmento completo y punto de camara,QUEBRADA_LAS_ABRAS
LAS_ABRAS-0045,99.73720129675318,757338.9760667683,9820635.18168675,757411.6777349123,9820617.781118644,MUN-024,896.2191785312905,Distancia minima entre segmento completo y punto de camara,QUEBRADA_LAS_ABRAS
LAS_ABRAS-0046,1.0063698298770722,757423.3370430766,9820623.10509697,757424.2755731068,9820623.14190463,MUN-024,895.9311940523967,Distancia minima entre segmento completo y punto de camara,QUEBRADA_LAS_ABRAS
LAS_ABRAS-0047,229.3452248818079,757425.4396681425,9820623.187558593,757545.64081368,9820456.02595135,MUN-024,693.3726952149635,Distancia minima entre segmento completo y punto de camara,QUEBRADA_LAS_ABRAS
LAS_ABRAS-0048,52.49534889216076,757544.6118044625,9820435.859397495,757580.0697756698,9820412.164201606,MUN-024,638.6623410372739,Distancia minima entre segmento completo y punto de camara,QUEBRADA_LAS_ABRAS
LAS_ABRAS-0049,22.258870702414395,757620.0794362664,9820411.3701,757640.8677632711,9820411.265449995,MUN-024,592.9440664769123,Distancia minima entre segmento completo y punto de camara,QUEBRADA_LAS_ABRAS
LAS_ABRAS-0050,2.4052391690979484,757672.6416539821,9820405.25709138,757674.1711198863,9820403.457735538,MUN-024,563.8341974267512,Distancia minima entre segmento completo y punto de camara,QUEBRADA_LAS_ABRAS
LAS_ABRAS-0051,8.924857814192876,757715.4995835405,9820373.814217579,757722.3392578408,9820370.870573381,MUN-024,507.02267518443807,Distancia minima entre segmento completo y punto de camara,QUEBRADA_LAS_ABRAS
LAS_ABRAS-0052,48.820806010792616,757762.331466809,9820344.02733613,757801.3350860862,9820323.580952533,MUN-024,419.39703369350826,Distancia minima entre segmento completo y punto de camara,QUEBRADA_LAS_ABRAS
LAS_ABRAS-0053,44.93407585552166,757842.7159269045,9820197.28504104,757874.1598892036,9820172.528587172,MUN-024,259.46996585981856,Distancia minima entre segmento completo y punto de camara,QUEBRADA_LAS_ABRAS
LAS_ABRAS-0054,72.31685847791847,757868.5293882948,9820156.337072818,757909.1127416908,9820121.599070705,MUN-024,199.98962151793302,Distancia minima entre segmento completo y punto de camara,QUEBRADA_LAS_ABRAS
LAS_ABRAS-0055,95.90105382726576,758207.905530232,9819857.063398223,758265.28319439,9819793.23338397,MUN-024,199.98807332179862,Distancia minima entre segmento completo y punto de camara,QUEBRADA_LAS_ABRAS
LAS_ABRAS-0056,21.056392965797944,758267.7594152223,9819763.345499024,758275.9951397587,9819746.340937378,MUN-025,199.98558604290946,Distancia minima entre segmento completo y punto de camara,QUEBRADA_LAS_ABRAS
LAS_ABRAS-0057,35.3526022489075,758429.8457894571,9819377.517269546,758427.745737341,9819344.338158842,MUN-025,199.99060793284016,Distancia minima entre segmento completo y punto de camara,QUEBRADA_LAS_ABRAS
